1742482120,free-deployment-average-218-ee468b86cc2d-9b56ddb48-gdlvh_default,free-deployment-average-218-ee468b86cc2d,0.500000,0,average,1742482085,801,7,35022,false,0.977428,17.099050,801,7,35022,0
1742482123,free-deployment-average-211-9c83ee22badd-6b6cc7d9c-9q9sr_default,free-deployment-average-211-9c83ee22badd,0.500000,0,average,1742482080,708,4,42344,false,0.983435,20.810564,708,4,42344,0
1742482125,free-deployment-average-225-9c56dc853d91-6dc78c4dd8-7pv4r_default,free-deployment-average-225-9c56dc853d91,0.500000,0,average,1742482091,912,7,33818,false,0.973523,16.441443,912,7,33818,0
1742482128,free-deployment-average-232-549b4622d08c-547fb75f-8bqmd_default,free-deployment-average-232-549b4622d08c,0.500000,0,average,1742482097,9,6,31761,false,0.999482,15.865897,9,6,31761,0
1742482132,free-deployment-average-238-fb57ee9fdf9e-6884dc7d49-59q5w_default,free-deployment-average-238-fb57ee9fdf9e,0.500000,0,average,1742482099,49,5,33481,false,0.998341,16.707385,49,5,33481,0
1742482132,free-deployment-average-249-426e7184252c-77d84b5db5-67p5n_default,free-deployment-average-249-426e7184252c,0.500000,0,average,1742482094,967,9,37600,false,0.974677,18.302895,967,9,37600,0
1742482135,free-deployment-average-233-d62f1d8f2614-5848c97567-5rknf_default,free-deployment-average-233-d62f1d8f2614,0.500000,0,average,1742482104,164,8,31605,false,0.994564,15.708174,164,8,31605,0
1742482138,free-deployment-average-237-c5994abe4a07-5dc4cfb49c-rqcbj_default,free-deployment-average-237-c5994abe4a07,0.500000,0,average,1742482102,114,3,36623,false,0.996799,18.249272,114,3,36623,0
1742482138,free-deployment-average-196-2f37620ad37d-c8d756bd6-mbsc5_default,free-deployment-average-196-2f37620ad37d,0.500000,0,average,1742482108,248,8,30521,false,0.991665,15.124390,248,8,30521,0
1742482142,free-deployment-average-230-284359c056eb-5cd676cdb4-cs5vx_default,free-deployment-average-230-284359c056eb,0.500000,0,average,1742482077,651,5,64440,false,0.989900,31.885637,651,5,64440,0
1742482144,free-deployment-average-220-bdbc9bfc6e62-6f9887ff67-vctmn_default,free-deployment-average-220-bdbc9bfc6e62,0.500000,0,average,1742482113,363,6,31567,false,0.988414,15.592171,363,6,31567,0
1742482147,free-deployment-average-190-e96dfe525187-7579f996f8-gh66d_default,free-deployment-average-190-e96dfe525187,0.500000,0,average,1742482075,612,5,72119,false,0.991503,35.744945,612,5,72119,0
1742482150,free-deployment-average-195-ac81edf8594b-64c765f9d-4l56q_default,free-deployment-average-195-ac81edf8594b,0.500000,0,average,1742482117,462,5,33149,false,0.986061,16.334894,462,5,33149,0
1742482153,free-deployment-average-189-d46f9130862b-f7d55dcd6-lmz8w_default,free-deployment-average-189-d46f9130862b,0.500000,0,average,1742482073,564,5,79886,false,0.992906,39.651733,564,5,79886,0
1742482156,free-deployment-average-175-c793764bb1b3-6bdbbc5585-q9t5h_default,free-deployment-average-175-c793764bb1b3,0.500000,0,average,1742482071,526,6,84764,false,0.993752,42.108640,526,6,84764,0
1742482159,free-deployment-average-251-92f0a9778029-845d9b58b7-2ct7p_default,free-deployment-average-251-92f0a9778029,0.500000,0,average,1742482069,501,8,89675,false,0.994351,44.574674,501,8,89675,0
1742482173,free-deployment-average-247-170c83458846-58fbfc49b7-5wqr4_default,free-deployment-average-247-170c83458846,0.500000,0,average,1742482124,18397,263,30556,false,0.620844,5.683842,18397,263,30556,0
1742482176,free-deployment-average-224-bce6541dd9dd-6c46c5c76b-t4bt4_default,free-deployment-average-224-bce6541dd9dd,0.500000,0,average,1742482120,19237,261,36738,false,0.653271,8.358283,19237,261,36738,0
1742482179,free-deployment-average-255-60d4f796d4f4-57c5c4df4c-pzfdp_default,free-deployment-average-255-60d4f796d4f4,0.500000,0,average,1742482127,21077,263,30896,false,0.591456,4.513898,21077,263,30896,0
1742482181,free-deployment-average-206-c338c4bcd1ab-56c7599d48-vw5hd_default,free-deployment-average-206-c338c4bcd1ab,0.500000,0,average,1742482125,20238,264,36395,false,0.639665,7.682496,20238,264,36395,0
1742482184,free-deployment-average-227-5759980cc5cb-5898646d8c-jwscn_default,free-deployment-average-227-5759980cc5cb,0.500000,0,average,1742482129,21918,260,33280,false,0.600090,5.290492,21918,260,33280,0
1742482187,free-deployment-average-229-1ddb7fc8108e-6b474d4ddf-zj7gt_default,free-deployment-average-229-1ddb7fc8108e,0.500000,0,average,1742482131,22759,263,33775,false,0.594660,5.113209,22759,263,33775,0
1742482190,free-deployment-average-200-0c7f2a559833-556495bc6f-kbkhb_default,free-deployment-average-200-0c7f2a559833,0.500000,0,average,1742482132,24598,264,33775,false,0.575999,4.192042,24598,264,33775,0
1742482193,free-deployment-average-225-9c56dc853d91-6dc78c4dd8-p7f5p_default,free-deployment-average-225-9c56dc853d91,0.500000,0,average,1742482125,37037,184,31256,false,0.630465,13.369948,37949,192,65074,0
1742482196,free-deployment-average-218-ee468b86cc2d-9b56ddb48-nv5l9_default,free-deployment-average-218-ee468b86cc2d,0.500000,0,average,1742482120,39438,263,36535,false,0.638550,15.392965,40239,270,71567,0
1742482199,free-deployment-average-207-ce098f042ca2-865c68f547-cdsg9_default,free-deployment-average-207-ce098f042ca2,0.500000,0,average,1742482122,17477,321,59278,false,0.769072,20.417733,17477,321,59278,0
1742482208,free-deployment-average-211-9c83ee22badd-6b6cc7d9c-fjrbl_default,free-deployment-average-211-9c83ee22badd,0.500000,0,average,1742482122,54737,261,31878,false,0.571228,9.121748,55446,266,74222,0
1742482211,free-deployment-average-232-549b4622d08c-547fb75f-s2fxw_default,free-deployment-average-232-549b4622d08c,0.500000,0,average,1742482128,51578,180,31858,false,0.551401,5.838973,51588,187,63640,0
1742482219,free-deployment-average-238-fb57ee9fdf9e-6884dc7d49-4ffjp_default,free-deployment-average-238-fb57ee9fdf9e,0.500000,0,average,1742482132,52977,224,34156,false,0.559476,7.075275,53027,230,67638,0
1742482222,free-deployment-average-249-426e7184252c-77d84b5db5-kgw82_default,free-deployment-average-249-426e7184252c,0.500000,0,average,1742482132,58938,262,30916,false,0.532399,4.033695,59906,271,68517,0
1742482224,free-deployment-average-196-2f37620ad37d-c8d756bd6-9ft78_default,free-deployment-average-196-2f37620ad37d,0.500000,0,average,1742482138,50098,263,36636,false,0.570220,8.134498,50346,271,67158,0
1742482227,free-deployment-average-237-c5994abe4a07-5dc4cfb49c-zz9ft_default,free-deployment-average-237-c5994abe4a07,0.500000,0,average,1742482138,55778,179,33579,false,0.555937,6.972060,55892,183,70203,0
1742482230,free-deployment-average-220-bdbc9bfc6e62-6f9887ff67-frw7v_default,free-deployment-average-220-bdbc9bfc6e62,0.500000,0,average,1742482144,52538,260,33958,false,0.552056,6.045225,52902,267,65526,0
1742482233,free-deployment-average-247-170c83458846-58fbfc49b7-jvzwm_default,free-deployment-average-247-170c83458846,0.500000,0,average,1742482173,28979,259,31358,false,0.563888,6.755334,47376,523,61934,0
1742482236,free-deployment-average-195-ac81edf8594b-64c765f9d-6mxqf_default,free-deployment-average-195-ac81edf8594b,0.500000,0,average,1742482150,49377,264,36796,false,0.582610,9.782850,49840,269,69946,0
1742482239,free-deployment-average-233-d62f1d8f2614-5848c97567-25hmh_default,free-deployment-average-233-d62f1d8f2614,0.500000,0,average,1742482135,50178,325,53775,false,0.627590,17.195313,50342,333,85399,0
1742482244,free-deployment-average-224-bce6541dd9dd-6c46c5c76b-8ggpr_default,free-deployment-average-224-bce6541dd9dd,0.500000,0,average,1742482176,36077,260,32219,false,0.552568,6.299302,55315,521,68958,0
1742482247,free-deployment-average-255-60d4f796d4f4-57c5c4df4c-tlgdz_default,free-deployment-average-255-60d4f796d4f4,0.500000,0,average,1742482179,35638,260,32239,false,0.524564,2.695205,56716,524,63155,0
1742482254,free-deployment-average-206-c338c4bcd1ab-56c7599d48-8xg5c_default,free-deployment-average-206-c338c4bcd1ab,0.500000,0,average,1742482181,41578,263,31956,false,0.523058,2.750429,61816,527,68372,0
1742482262,free-deployment-average-200-0c7f2a559833-556495bc6f-8sxc6_default,free-deployment-average-200-0c7f2a559833,0.500000,0,average,1742482190,41058,262,30837,false,0.493995,-1.834500,65656,527,64612,0
1742482264,free-deployment-average-229-1ddb7fc8108e-6b474d4ddf-mn9c6_default,free-deployment-average-229-1ddb7fc8108e,0.500000,0,average,1742482187,41137,23,36736,false,0.523493,3.021256,63897,286,70512,0
1742482267,free-deployment-average-230-284359c056eb-5cd676cdb4-zcbpx_default,free-deployment-average-230-284359c056eb,0.500000,0,average,1742482142,91898,263,33616,false,0.513720,2.484094,92549,269,98057,0
1742482270,free-deployment-average-190-e96dfe525187-7579f996f8-vcv46_default,free-deployment-average-190-e96dfe525187,0.500000,0,average,1742482147,89737,263,33297,false,0.537789,7.274104,90350,269,105436,0
1742482273,free-deployment-average-232-549b4622d08c-547fb75f-k5gww_default,free-deployment-average-232-549b4622d08c,0.500000,0,average,1742482211,31177,223,31175,false,0.532698,5.683247,82766,410,94816,0
1742482276,free-deployment-average-225-9c56dc853d91-6dc78c4dd8-wxdh4_default,free-deployment-average-225-9c56dc853d91,0.500000,0,average,1742482193,46578,264,36496,false,0.544453,8.140732,84527,456,101570,0
1742482279,free-deployment-average-227-5759980cc5cb-5898646d8c-wvvcl_default,free-deployment-average-227-5759980cc5cb,0.500000,0,average,1742482184,43938,242,50996,false,0.559531,8.717366,65856,502,84296,0
1742482281,free-deployment-average-218-ee468b86cc2d-9b56ddb48-vsx2w_default,free-deployment-average-218-ee468b86cc2d,0.500000,0,average,1742482196,51578,260,34138,false,0.533720,6.501435,91818,531,105706,0
1742482284,free-deployment-average-211-9c83ee22badd-6b6cc7d9c-grcbw_default,free-deployment-average-211-9c83ee22badd,0.500000,0,average,1742482208,42177,184,34495,false,0.525736,5.171855,97623,450,108718,0
1742482292,free-deployment-average-238-fb57ee9fdf9e-6884dc7d49-jbhwj_default,free-deployment-average-238-fb57ee9fdf9e,0.500000,0,average,1742482219,40698,263,32395,false,0.514967,2.742858,93725,493,100034,0
1742482299,free-deployment-average-189-d46f9130862b-f7d55dcd6-5z4jc_default,free-deployment-average-189-d46f9130862b,0.500000,0,average,1742482153,112358,263,33776,false,0.501038,0.100863,112923,269,113662,0
1742482302,free-deployment-average-207-ce098f042ca2-865c68f547-6c2cc_default,free-deployment-average-207-ce098f042ca2,0.500000,0,average,1742482198,72957,324,31195,false,0.498326,-0.931086,90435,646,90474,0
1742482305,free-deployment-average-249-426e7184252c-77d84b5db5-wj2km_default,free-deployment-average-249-426e7184252c,0.500000,0,average,1742482222,48638,343,34335,false,0.485128,-6.511169,108544,615,102853,0
1742482307,free-deployment-average-175-c793764bb1b3-6bdbbc5585-x8vmj_default,free-deployment-average-175-c793764bb1b3,0.500000,0,average,1742482156,117878,181,33898,false,0.500147,-0.059380,118404,188,118662,0
1742482310,free-deployment-average-196-2f37620ad37d-c8d756bd6-nq8fz_default,free-deployment-average-196-2f37620ad37d,0.500000,0,average,1742482224,52637,264,33676,false,0.493430,-2.863876,102984,535,100834,0
1742482313,free-deployment-average-237-c5994abe4a07-5dc4cfb49c-qmjdd_default,free-deployment-average-237-c5994abe4a07,0.500000,0,average,1742482227,52478,262,34055,false,0.489353,-4.686520,108370,446,104279,0
1742482316,free-deployment-average-220-bdbc9bfc6e62-6f9887ff67-fnq6t_default,free-deployment-average-220-bdbc9bfc6e62,0.500000,0,average,1742482230,52317,261,34038,false,0.484944,-6.358731,105219,528,99565,0
1742482319,free-deployment-average-251-92f0a9778029-845d9b58b7-xvx6h_default,free-deployment-average-251-92f0a9778029,0.500000,0,average,1742482159,128759,222,31496,false,0.483406,-8.434439,129260,230,121172,0
1742482322,free-deployment-average-247-170c83458846-58fbfc49b7-bzv6f_default,free-deployment-average-247-170c83458846,0.500000,0,average,1742482233,52158,260,36900,false,0.496275,-1.745088,99535,784,98835,0
1742482332,free-deployment-average-255-60d4f796d4f4-57c5c4df4c-8k4nk_default,free-deployment-average-255-60d4f796d4f4,0.500000,0,average,1742482247,52938,260,31859,false,0.462512,-15.667123,109654,784,95033,0
1742482334,free-deployment-average-195-ac81edf8594b-64c765f9d-wghp5_default,free-deployment-average-195-ac81edf8594b,0.500000,0,average,1742482236,66778,261,31818,false,0.464860,-15.562162,116618,531,101764,0
1742482337,free-deployment-average-224-bce6541dd9dd-6c46c5c76b-nzsnd_default,free-deployment-average-224-bce6541dd9dd,0.500000,0,average,1742482244,61618,184,32054,false,0.462026,-16.842975,116934,706,101032,0
1742482345,free-deployment-average-200-0c7f2a559833-556495bc6f-89wzb_default,free-deployment-average-200-0c7f2a559833,0.500000,0,average,1742482262,49177,323,33835,false,0.459800,-17.501787,114834,851,98467,0
1742482348,free-deployment-average-230-284359c056eb-5cd676cdb4-859nm_default,free-deployment-average-230-284359c056eb,0.500000,0,average,1742482267,49938,261,30918,false,0.474185,-14.219831,142488,530,128975,0
1742482350,free-deployment-average-229-1ddb7fc8108e-6b474d4ddf-jbj55_default,free-deployment-average-229-1ddb7fc8108e,0.500000,0,average,1742482264,50098,265,36594,false,0.483218,-7.623229,113995,551,107107,0
1742482353,free-deployment-average-233-d62f1d8f2614-5848c97567-dhb8z_default,free-deployment-average-233-d62f1d8f2614,0.500000,0,average,1742482239,80778,259,33499,false,0.474434,-13.012367,131121,593,118899,0
1742482356,free-deployment-average-190-e96dfe525187-7579f996f8-llrxg_default,free-deployment-average-190-e96dfe525187,0.500000,0,average,1742482270,55218,263,31415,false,0.483656,-9.426656,145568,532,136852,0
1742482359,free-deployment-average-232-549b4622d08c-547fb75f-mzgvx_default,free-deployment-average-232-549b4622d08c,0.500000,0,average,1742482273,49618,259,36861,false,0.497401,-1.543670,132384,670,131678,0
1742482362,free-deployment-average-206-c338c4bcd1ab-56c7599d48-kg856_default,free-deployment-average-206-c338c4bcd1ab,0.500000,0,average,1742482254,56977,224,51375,false,0.500420,-0.149995,118794,751,119747,0
1742482365,batch-deployment-average-104-fefb8eb75caa-6b57b6587f-7lm2g_default,batch-deployment-average-104-fefb8eb75caa,0.900000,0,average,1742482083,759,7,281650,false,0.997284,27.467269,759,7,281650,0
1742482368,batch-deployment-average-101-89cde830bd1e-86d6d6559-bpk2s_default,batch-deployment-average-101-89cde830bd1e,0.900000,0,average,1742482087,845,6,280546,false,0.996975,27.282486,845,6,280546,0
1742482368,free-deployment-average-218-ee468b86cc2d-9b56ddb48-xjfln_default,free-deployment-average-218-ee468b86cc2d,0.500000,0,average,1742482281,54317,264,32855,false,0.485344,-8.567547,146135,795,138562,0
1742482371,free-deployment-average-225-9c56dc853d91-6dc78c4dd8-mpgrk_default,free-deployment-average-225-9c56dc853d91,0.500000,0,average,1742482276,62158,263,32816,false,0.476900,-13.198947,146685,720,134387,0
1742482373,batch-deployment-average-95-45538e973fea-c4779c548-zlzt8_default,batch-deployment-average-95-45538e973fea,0.900000,0,average,1742482101,82,7,272907,false,0.999670,27.202498,82,7,272907,0
1742482376,free-deployment-average-211-9c83ee22badd-6b6cc7d9c-d5c8w_default,free-deployment-average-211-9c83ee22badd,0.500000,0,average,1742482284,58997,181,33619,false,0.475108,-15.072953,156620,632,142338,0
1742482379,batch-deployment-average-160-ce45c9058931-57f7986b7c-j8d4g_default,batch-deployment-average-160-ce45c9058931,0.900000,0,average,1742482095,988,8,283760,false,0.996501,27.471291,988,8,283760,0
1742482382,free-deployment-average-238-fb57ee9fdf9e-6884dc7d49-t7d45_default,free-deployment-average-238-fb57ee9fdf9e,0.500000,0,average,1742482292,56577,264,33756,false,0.469686,-17.459714,150302,758,133790,0
1742482385,free-deployment-average-249-426e7184252c-77d84b5db5-lbl4n_default,free-deployment-average-249-426e7184252c,0.500000,0,average,1742482305,49278,323,30776,false,0.457024,-25.366090,157822,938,133629,0
1742482388,free-deployment-average-227-5759980cc5cb-5898646d8c-p5ft7_default,free-deployment-average-227-5759980cc5cb,0.500000,0,average,1742482279,75077,224,33735,false,0.454507,-23.870931,140934,726,118032,0
1742482391,free-deployment-average-189-d46f9130862b-f7d55dcd6-bvgpg_default,free-deployment-average-189-d46f9130862b,0.500000,0,average,1742482299,58198,260,33778,false,0.462065,-24.386097,171121,529,147441,0
1742482393,free-deployment-average-207-ce098f042ca2-865c68f547-gsgm9_default,free-deployment-average-207-ce098f042ca2,0.500000,0,average,1742482302,58038,262,33696,false,0.453917,-25.515743,148474,909,124171,0
1742482396,free-deployment-average-175-c793764bb1b3-6bdbbc5585-5sqv5_default,free-deployment-average-175-c793764bb1b3,0.500000,0,average,1742482307,55878,260,33698,false,0.465805,-22.519524,174282,449,152361,0
1742482399,free-deployment-average-237-c5994abe4a07-5dc4cfb49c-8bmqx_default,free-deployment-average-237-c5994abe4a07,0.500000,0,average,1742482313,55857,101,30718,false,0.450332,-29.915157,164228,548,134998,0
1742482402,free-deployment-average-196-2f37620ad37d-c8d756bd6-jwlnr_default,free-deployment-average-196-2f37620ad37d,0.500000,0,average,1742482310,55597,182,36736,false,0.463438,-21.889531,158582,718,137590,0
1742482405,batch-deployment-average-101-89cde830bd1e-86d6d6559-tz8dr_default,batch-deployment-average-101-89cde830bd1e,0.900000,0,average,1742482368,3538,183,33595,false,0.985651,27.203376,4383,189,314141,0
1742482408,batch-deployment-average-95-45538e973fea-c4779c548-hk6ps_default,batch-deployment-average-95-45538e973fea,0.900000,0,average,1742482373,1457,183,33556,false,0.994382,28.992499,1540,191,306464,0
1742482410,free-deployment-average-220-bdbc9bfc6e62-6f9887ff67-6d7vn_default,free-deployment-average-220-bdbc9bfc6e62,0.500000,0,average,1742482316,61218,260,33518,false,0.443189,-34.321462,166438,789,133103,0
1742482413,free-deployment-average-255-60d4f796d4f4-57c5c4df4c-whlzp_default,free-deployment-average-255-60d4f796d4f4,0.500000,0,average,1742482331,51978,264,30694,false,0.435937,-37.215280,161632,1049,125728,0
1742482416,batch-deployment-average-160-ce45c9058931-57f7986b7c-4pnhq_default,batch-deployment-average-160-ce45c9058931,0.900000,0,average,1742482379,1138,184,36415,false,0.992809,29.834297,2126,192,320176,0
1742482419,batch-deployment-average-104-fefb8eb75caa-6b57b6587f-4qlq6_default,batch-deployment-average-104-fefb8eb75caa,0.900000,0,average,1742482365,758,283,53537,false,0.994635,31.746194,1517,290,335187,0
1742482422,free-deployment-average-251-92f0a9778029-845d9b58b7-hrvc6_default,free-deployment-average-251-92f0a9778029,0.500000,0,average,1742482319,69418,222,33836,false,0.437704,-44.274012,198678,453,155009,0
1742482425,free-deployment-average-224-bce6541dd9dd-6c46c5c76b-2xwrn_default,free-deployment-average-224-bce6541dd9dd,0.500000,0,average,1742482337,54538,180,33618,false,0.438589,-37.929296,171472,886,134651,0
1742482428,free-deployment-average-200-0c7f2a559833-556495bc6f-qcmgx_default,free-deployment-average-200-0c7f2a559833,0.500000,0,average,1742482345,52138,262,30676,false,0.434492,-39.220575,166973,1113,129144,0
1742482430,free-deployment-average-247-170c83458846-58fbfc49b7-fnkbm_default,free-deployment-average-247-170c83458846,0.500000,0,average,1742482322,72298,260,36379,false,0.438878,-37.923854,171833,1044,135215,0
1742482433,free-deployment-average-230-284359c056eb-5cd676cdb4-j2j9s_default,free-deployment-average-230-284359c056eb,0.500000,0,average,1742482348,51978,262,33756,false,0.454570,-32.725708,194466,793,162732,0
1742482434,free-deployment-average-233-d62f1d8f2614-5848c97567-kzcg2_default,free-deployment-average-233-d62f1d8f2614,0.500000,0,average,1742482353,49818,264,30954,false,0.451876,-32.137002,180939,857,149874,0
1742482436,free-deployment-average-195-ac81edf8594b-64c765f9d-b8pvx_default,free-deployment-average-195-ac81edf8594b,0.500000,0,average,1742482334,54617,324,47718,false,0.464847,-22.822428,171235,855,149483,0
1742482439,batch-deployment-average-101-89cde830bd1e-86d6d6559-kzv4c_default,batch-deployment-average-101-89cde830bd1e,0.900000,0,average,1742482405,738,183,33555,false,0.984442,29.700044,5121,373,347697,0
1742482442,free-deployment-average-229-1ddb7fc8108e-6b474d4ddf-npzdh_default,free-deployment-average-229-1ddb7fc8108e,0.500000,0,average,1742482350,61398,265,30653,false,0.438768,-38.654308,175393,816,137760,0
1742482445,free-deployment-average-190-e96dfe525187-7579f996f8-48f27_default,free-deployment-average-190-e96dfe525187,0.500000,0,average,1742482356,52577,263,36836,false,0.466114,-25.453479,198146,796,173689,0
1742482448,free-deployment-average-232-549b4622d08c-547fb75f-4h5h7_default,free-deployment-average-232-549b4622d08c,0.500000,0,average,1742482359,55278,184,33635,false,0.467212,-23.373958,187663,854,165314,0
1742482450,batch-deployment-average-120-d0e4aac950f1-74d49b5cdf-g9drw_default,batch-deployment-average-120-d0e4aac950f1,0.900000,0,average,1742482133,3137,182,314318,false,0.989548,28.261491,3137,182,314318,0
1742482453,free-deployment-average-218-ee468b86cc2d-9b56ddb48-xcmsr_default,free-deployment-average-218-ee468b86cc2d,0.500000,0,average,1742482368,51958,263,33296,false,0.463218,-27.505193,198093,1058,171859,0
1742482457,free-deployment-average-249-426e7184252c-77d84b5db5-f89pp_default,free-deployment-average-249-426e7184252c,0.500000,0,average,1742482385,40638,185,31454,false,0.452727,-34.704885,198460,1123,165104,0
1742482460,free-deployment-average-225-9c56dc853d91-6dc78c4dd8-qmcfw_default,free-deployment-average-225-9c56dc853d91,0.500000,0,average,1742482371,51798,262,37236,false,0.462484,-28.039980,198484,982,171623,0
1742482460,free-deployment-average-211-9c83ee22badd-6b6cc7d9c-6hrff_default,free-deployment-average-211-9c83ee22badd,0.500000,0,average,1742482376,52399,262,31675,false,0.453245,-36.080045,209019,894,174013,0
1742482463,free-deployment-average-206-c338c4bcd1ab-56c7599d48-5l5x9_default,free-deployment-average-206-c338c4bcd1ab,0.500000,0,average,1742482362,69277,181,32239,false,0.445721,-37.250754,188071,932,151986,0
1742482466,batch-deployment-average-122-419e035af17a-6c8f8b5c87-dfv57_default,batch-deployment-average-122-419e035af17a,0.900000,0,average,1742482128,1478,265,336794,false,0.994851,31.845527,1478,265,336794,0
1742482469,free-deployment-average-238-fb57ee9fdf9e-6884dc7d49-4b4pp_default,free-deployment-average-238-fb57ee9fdf9e,0.500000,0,average,1742482382,55018,260,32098,false,0.445666,-40.653048,205321,1018,165890,0
1742482472,batch-deployment-average-112-5d8886f68b65-557cd674f-4vjsr_default,batch-deployment-average-112-5d8886f68b65,0.900000,0,average,1742482119,510,6,352701,false,0.998538,34.799097,510,6,352701,0
1742482474,free-deployment-average-207-ce098f042ca2-865c68f547-s4dq6_default,free-deployment-average-207-ce098f042ca2,0.500000,0,average,1742482393,50138,325,31514,false,0.437893,-44.470676,198612,1234,155685,0
1742482477,free-deployment-average-189-d46f9130862b-f7d55dcd6-dt2hm_default,free-deployment-average-189-d46f9130862b,0.500000,0,average,1742482391,51897,261,34618,false,0.448567,-41.947882,223019,791,182060,0
1742482480,batch-deployment-average-82-b68afcdd197a-7568768cc-zwf2j_default,batch-deployment-average-82-b68afcdd197a,0.900000,0,average,1742482115,411,5,365241,false,0.998860,36.142933,411,5,365241,0
1742482483,batch-deployment-average-95-45538e973fea-c4779c548-5z7xn_default,batch-deployment-average-95-45538e973fea,0.900000,0,average,1742482408,9037,263,66196,false,0.971245,27.184750,10578,454,372660,0
1742482486,free-deployment-average-220-bdbc9bfc6e62-6f9887ff67-4dmr9_default,free-deployment-average-220-bdbc9bfc6e62,0.500000,0,average,1742482410,44918,163,31255,false,0.436379,-48.121130,211356,952,164378,0
1742482489,free-deployment-average-175-c793764bb1b3-6bdbbc5585-tp9r7_default,free-deployment-average-175-c793764bb1b3,0.500000,0,average,1742482396,58617,324,34176,false,0.443915,-47.328633,232900,773,186538,0
1742482492,batch-deployment-average-125-9550f1d1788c-847ff95d5d-h6dnp_default,batch-deployment-average-125-9550f1d1788c,0.900000,0,average,1742482114,388,7,377982,false,0.998956,37.435546,388,7,377982,0
1742482492,free-deployment-average-237-c5994abe4a07-5dc4cfb49c-87xcq_default,free-deployment-average-237-c5994abe4a07,0.500000,0,average,1742482399,55377,265,37773,false,0.439410,-47.809809,219606,813,172772,0
1742482495,free-deployment-average-251-92f0a9778029-845d9b58b7-jlrmd_default,free-deployment-average-251-92f0a9778029,0.500000,0,average,1742482422,41997,261,31080,false,0.435343,-55.460998,240675,715,186109,0
1742482498,free-deployment-average-255-60d4f796d4f4-57c5c4df4c-ds8nf_default,free-deployment-average-255-60d4f796d4f4,0.500000,0,average,1742482413,48077,323,36775,false,0.434984,-48.852919,209710,1373,162504,0
1742482500,free-deployment-average-196-2f37620ad37d-c8d756bd6-27mtr_default,free-deployment-average-196-2f37620ad37d,0.500000,0,average,1742482402,64838,263,33796,false,0.433027,-53.210641,223420,981,171387,0
1742482503,free-deployment-average-200-0c7f2a559833-556495bc6f-2ltzv_default,free-deployment-average-200-0c7f2a559833,0.500000,0,average,1742482428,44518,180,31160,false,0.429699,-52.719330,211491,1294,160325,0
1742482507,free-deployment-average-227-5759980cc5cb-5898646d8c-ctjxg_default,free-deployment-average-227-5759980cc5cb,0.500000,0,average,1742482387,73837,260,45938,false,0.431809,-52.035416,214772,987,163971,0
1742482507,free-deployment-average-224-bce6541dd9dd-6c46c5c76b-6r7nj_default,free-deployment-average-224-bce6541dd9dd,0.500000,0,average,1742482425,44678,262,37136,false,0.441515,-45.741855,216151,1149,171788,0
1742482510,free-deployment-average-247-170c83458846-58fbfc49b7-lg47d_default,free-deployment-average-247-170c83458846,0.500000,0,average,1742482430,45278,264,34835,false,0.437744,-48.631033,217111,1308,170051,0
1742482510,free-deployment-average-230-284359c056eb-5cd676cdb4-67xbt_default,free-deployment-average-230-284359c056eb,0.500000,0,average,1742482433,45118,260,32038,false,0.447328,-46.078492,239584,1054,194771,0
1742482513,free-deployment-average-233-d62f1d8f2614-5848c97567-6fx8d_default,free-deployment-average-233-d62f1d8f2614,0.500000,0,average,1742482433,47958,264,32155,false,0.441767,-48.214490,228898,1122,182030,0
1742482516,batch-deployment-average-95-45538e973fea-c4779c548-vwt6l_default,batch-deployment-average-95-45538e973fea,0.900000,0,average,1742482483,878,183,32116,false,0.970987,29.432931,11456,637,404776,0
1742482519,free-deployment-average-195-ac81edf8594b-64c765f9d-6vnvl_default,free-deployment-average-195-ac81edf8594b,0.500000,0,average,1742482436,50717,261,32039,false,0.448679,-41.753604,221953,1117,181540,0
1742482521,free-deployment-average-229-1ddb7fc8108e-6b474d4ddf-lgzfx_default,free-deployment-average-229-1ddb7fc8108e,0.500000,0,average,1742482442,47577,184,32135,false,0.431352,-54.276873,222971,1001,169895,0
1742482524,free-deployment-average-190-e96dfe525187-7579f996f8-f2bjl_default,free-deployment-average-190-e96dfe525187,0.500000,0,average,1742482445,47837,265,31634,false,0.453884,-41.935830,245984,1062,205323,0
1742482527,batch-deployment-average-120-d0e4aac950f1-74d49b5cdf-d8bq7_default,batch-deployment-average-120-d0e4aac950f1,0.900000,0,average,1742482450,7618,263,69616,false,0.971651,28.090236,10755,446,383953,0
1742482530,free-deployment-average-249-426e7184252c-77d84b5db5-hhwlm_default,free-deployment-average-249-426e7184252c,0.500000,0,average,1742482457,38718,183,34416,false,0.455520,-39.182679,237179,1306,199521,0
1742482533,free-deployment-average-211-9c83ee22badd-6b6cc7d9c-mgm9r_default,free-deployment-average-211-9c83ee22badd,0.500000,0,average,1742482460,41317,261,31597,false,0.449861,-46.034676,250337,1156,205652,0
1742482536,free-deployment-average-232-549b4622d08c-547fb75f-zw4cz_default,free-deployment-average-232-549b4622d08c,0.500000,0,average,1742482447,57198,184,31976,false,0.445185,-48.761996,244861,1038,197310,0
1742482536,batch-deployment-average-116-fc83db90153e-f684b944-l25cb_default,batch-deployment-average-116-fc83db90153e,0.900000,0,average,1742482111,318,7,425072,false,0.999234,42.207096,318,7,425072,0
1742482539,batch-deployment-average-101-89cde830bd1e-86d6d6559-vd52v_default,batch-deployment-average-101-89cde830bd1e,0.900000,0,average,1742482439,12058,262,87996,false,0.960717,27.376874,17180,635,435694,0
1742482541,free-deployment-average-218-ee468b86cc2d-9b56ddb48-gvnxv_default,free-deployment-average-218-ee468b86cc2d,0.500000,0,average,1742482453,54498,265,33935,false,0.447685,-48.322287,252591,1323,205814,0
1742482544,free-deployment-average-238-fb57ee9fdf9e-6884dc7d49-l78hn_default,free-deployment-average-238-fb57ee9fdf9e,0.500000,0,average,1742482469,44678,260,30959,false,0.439297,-54.621425,249999,1278,196869,0
1742482544,free-deployment-average-206-c338c4bcd1ab-56c7599d48-p5pc9_default,free-deployment-average-206-c338c4bcd1ab,0.500000,0,average,1742482463,47838,261,33838,false,0.439378,-51.516560,235909,1194,185826,0
1742482548,free-deployment-average-207-ce098f042ca2-865c68f547-dh9jg_default,free-deployment-average-207-ce098f042ca2,0.500000,0,average,1742482474,42518,262,31596,false,0.435630,-55.646243,241131,1497,187282,0
1742482551,free-deployment-average-225-9c56dc853d91-6dc78c4dd8-4t69h_default,free-deployment-average-225-9c56dc853d91,0.500000,0,average,1742482460,59358,263,31596,false,0.439577,-56.076057,257843,1245,203220,0
1742482554,free-deployment-average-189-d46f9130862b-f7d55dcd6-fn77g_default,free-deployment-average-189-d46f9130862b,0.500000,0,average,1742482477,45198,263,31576,false,0.442396,-55.845803,268217,1054,213637,0
1742482556,batch-deployment-average-125-9550f1d1788c-847ff95d5d-hxm59_default,batch-deployment-average-125-9550f1d1788c,0.900000,0,average,1742482492,15737,284,48874,false,0.962963,27.764023,16125,291,426857,0
1742482559,batch-deployment-average-160-ce45c9058931-57f7986b7c-lfrvt_default,batch-deployment-average-160-ce45c9058931,0.900000,0,average,1742482416,15437,281,128198,false,0.961327,28.445573,17563,474,448375,0
1742482559,free-deployment-average-220-bdbc9bfc6e62-6f9887ff67-99v47_default,free-deployment-average-220-bdbc9bfc6e62,0.500000,0,average,1742482486,39038,180,34738,false,0.441849,-52.599354,250394,1133,199117,0
1742482562,free-deployment-average-175-c793764bb1b3-6bdbbc5585-vrshn_default,free-deployment-average-175-c793764bb1b3,0.500000,0,average,1742482489,41638,263,31955,false,0.442256,-57.269187,274538,1036,218513,0
1742482565,free-deployment-average-237-c5994abe4a07-5dc4cfb49c-k55j2_default,free-deployment-average-237-c5994abe4a07,0.500000,0,average,1742482492,41518,185,31634,false,0.438143,-57.882466,261124,998,204406,0
1742482568,free-deployment-average-251-92f0a9778029-845d9b58b7-j6zph_default,free-deployment-average-251-92f0a9778029,0.500000,0,average,1742482495,32798,263,40155,false,0.451881,-48.384134,273474,978,226264,0
1742482571,free-deployment-average-196-2f37620ad37d-c8d756bd6-5lc8s_default,free-deployment-average-196-2f37620ad37d,0.500000,0,average,1742482500,36817,264,34576,false,0.440614,-55.727814,260238,1246,205964,0
1742482574,batch-deployment-average-101-89cde830bd1e-86d6d6559-xrhrt_default,batch-deployment-average-101-89cde830bd1e,0.900000,0,average,1742482539,3257,324,31856,false,0.956239,27.305779,20437,959,467551,0
1742482577,batch-deployment-average-127-c9c5eacfc21c-77d65d444c-wt8c9_default,batch-deployment-average-127-c9c5eacfc21c,0.900000,0,average,1742482107,224,7,470224,false,0.999506,46.805726,224,7,470224,0
1742482577,free-deployment-average-200-0c7f2a559833-556495bc6f-j4p4t_default,free-deployment-average-200-0c7f2a559833,0.500000,0,average,1742482503,42597,264,31635,false,0.428859,-63.946729,254088,1558,191960,0
1742482580,free-deployment-average-255-60d4f796d4f4-57c5c4df4c-89v8f_default,free-deployment-average-255-60d4f796d4f4,0.500000,0,average,1742482498,50678,260,31558,false,0.425498,-68.230617,260388,1633,194064,0
1742482583,free-deployment-average-224-bce6541dd9dd-6c46c5c76b-r26w8_default,free-deployment-average-224-bce6541dd9dd,0.500000,0,average,1742482506,45518,263,31556,false,0.435963,-59.972146,261669,1412,203345,0
1742482586,free-deployment-average-247-170c83458846-58fbfc49b7-dzp5d_default,free-deployment-average-247-170c83458846,0.500000,0,average,1742482510,44358,264,31514,false,0.433839,-61.740640,261469,1573,201565,0
1742482589,free-deployment-average-227-5759980cc5cb-5898646d8c-jxjdv_default,free-deployment-average-227-5759980cc5cb,0.500000,0,average,1742482506,39838,243,42935,false,0.447126,-49.180728,254611,1230,206907,0
1742482591,free-deployment-average-233-d62f1d8f2614-5848c97567-2z6v7_default,free-deployment-average-233-d62f1d8f2614,0.500000,0,average,1742482513,47377,265,31215,false,0.434390,-64.648565,276275,1387,213245,0
1742482594,free-deployment-average-230-284359c056eb-5cd676cdb4-xmv49_default,free-deployment-average-230-284359c056eb,0.500000,0,average,1742482510,47078,183,37416,false,0.446504,-55.858425,286663,1237,232248,0
1742482597,batch-deployment-average-125-9550f1d1788c-847ff95d5d-tp5f4_default,batch-deployment-average-125-9550f1d1788c,0.900000,0,average,1742482556,1237,324,39975,false,0.962913,30.295889,17363,616,466833,0
1742482600,batch-deployment-average-82-b68afcdd197a-7568768cc-857fh_default,batch-deployment-average-82-b68afcdd197a,0.900000,0,average,1742482480,18478,183,101635,false,0.960740,29.422443,18889,189,466876,0
1742482603,free-deployment-average-195-ac81edf8594b-64c765f9d-gwqv9_default,free-deployment-average-195-ac81edf8594b,0.500000,0,average,1742482518,50857,225,33937,false,0.440082,-58.899300,272811,1342,215478,0
1742482605,free-deployment-average-190-e96dfe525187-7579f996f8-drdhl_default,free-deployment-average-190-e96dfe525187,0.500000,0,average,1742482524,50618,202,30597,false,0.441975,-62.157110,296603,1264,235920,0
1742482607,free-deployment-average-229-1ddb7fc8108e-6b474d4ddf-82rct_default,free-deployment-average-229-1ddb7fc8108e,0.500000,0,average,1742482521,50978,179,35839,false,0.427843,-69.592806,273950,1181,205735,0
1742482610,free-deployment-average-211-9c83ee22badd-6b6cc7d9c-mmvk9_default,free-deployment-average-211-9c83ee22badd,0.500000,0,average,1742482533,44957,264,32675,false,0.445435,-58.592034,295295,1421,238327,0
1742482614,free-deployment-average-238-fb57ee9fdf9e-6884dc7d49-lvsbz_default,free-deployment-average-238-fb57ee9fdf9e,0.500000,0,average,1742482544,39637,261,30958,false,0.438971,-63.568512,289637,1540,227829,0
1742482617,free-deployment-average-232-549b4622d08c-547fb75f-lz7js_default,free-deployment-average-232-549b4622d08c,0.500000,0,average,1742482536,44798,260,36640,false,0.445698,-57.192923,289659,1299,233951,0
1742482620,free-deployment-average-249-426e7184252c-77d84b5db5-b7nmm_default,free-deployment-average-249-426e7184252c,0.500000,0,average,1742482530,56478,262,33716,false,0.441371,-62.193830,293657,1569,233257,0
1742482623,free-deployment-average-207-ce098f042ca2-865c68f547-7km8v_default,free-deployment-average-207-ce098f042ca2,0.500000,0,average,1742482548,41317,264,33675,false,0.437394,-63.546614,282448,1762,220958,0
1742482626,free-deployment-average-218-ee468b86cc2d-9b56ddb48-krrs6_default,free-deployment-average-218-ee468b86cc2d,0.500000,0,average,1742482541,53997,261,30878,false,0.434423,-71.690200,306589,1585,236711,0
1742482629,batch-deployment-average-101-89cde830bd1e-86d6d6559-vjnc2_default,batch-deployment-average-101-89cde830bd1e,0.900000,0,average,1742482574,778,22,54516,false,0.959215,32.064723,21215,982,522068,0
1742482629,free-deployment-average-206-c338c4bcd1ab-56c7599d48-fgxtw_default,free-deployment-average-206-c338c4bcd1ab,0.500000,0,average,1742482544,48158,263,36936,false,0.438260,-63.006115,284067,1457,222762,0
1742482632,free-deployment-average-225-9c56dc853d91-6dc78c4dd8-4nrsk_default,free-deployment-average-225-9c56dc853d91,0.500000,0,average,1742482551,46838,182,34276,false,0.436891,-68.816900,304681,1428,237497,0
1742482635,free-deployment-average-189-d46f9130862b-f7d55dcd6-mm5n8_default,free-deployment-average-189-d46f9130862b,0.500000,0,average,1742482553,47598,263,34296,false,0.438787,-69.400618,315815,1318,247952,0
1742482637,batch-deployment-average-104-fefb8eb75caa-6b57b6587f-7l57c_default,batch-deployment-average-104-fefb8eb75caa,0.900000,0,average,1742482419,20858,225,197913,false,0.958827,32.535327,22375,516,533101,0
1742482640,batch-deployment-average-145-c4c5e06afa5f-86bbcb5594-58hjp_default,batch-deployment-average-145-c4c5e06afa5f,0.900000,0,average,1742482092,935,3,547818,false,0.998288,53.932722,935,3,547818,0
1742482643,batch-deployment-average-115-e5b8757bb5e6-59f664647c-nbwcr_default,batch-deployment-average-115-e5b8757bb5e6,0.900000,0,average,1742482090,893,5,552718,false,0.998376,54.456768,893,5,552718,0
1742482646,free-deployment-average-237-c5994abe4a07-5dc4cfb49c-5xh88_default,free-deployment-average-237-c5994abe4a07,0.500000,0,average,1742482565,46917,323,34196,false,0.435453,-70.930497,308041,1322,238622,0
1742482649,free-deployment-average-175-c793764bb1b3-6bdbbc5585-hcr9l_default,free-deployment-average-175-c793764bb1b3,0.500000,0,average,1742482562,53157,265,33894,false,0.434153,-76.787330,327696,1302,252428,0
1742482652,free-deployment-average-200-0c7f2a559833-556495bc6f-4twrv_default,free-deployment-average-200-0c7f2a559833,0.500000,0,average,1742482577,43757,264,31136,false,0.426762,-76.832676,297846,1822,223097,0
1742482654,free-deployment-average-196-2f37620ad37d-c8d756bd6-qrxvs_default,free-deployment-average-196-2f37620ad37d,0.500000,0,average,1742482571,52598,265,31114,false,0.429957,-77.465977,312836,1511,237097,0
1742482657,free-deployment-average-255-60d4f796d4f4-57c5c4df4c-whj9g_default,free-deployment-average-255-60d4f796d4f4,0.500000,0,average,1742482580,37997,183,39616,false,0.437698,-66.783399,298386,1817,233680,0
1742482660,free-deployment-average-251-92f0a9778029-845d9b58b7-5mn8f_default,free-deployment-average-251-92f0a9778029,0.500000,0,average,1742482568,58478,182,33976,false,0.438612,-73.045775,331952,1161,260262,0
1742482663,free-deployment-average-224-bce6541dd9dd-6c46c5c76b-vsgsv_default,free-deployment-average-224-bce6541dd9dd,0.500000,0,average,1742482583,46778,260,33398,false,0.432911,-73.615684,308447,1673,236744,0
1742482666,free-deployment-average-233-d62f1d8f2614-5848c97567-9hf9r_default,free-deployment-average-233-d62f1d8f2614,0.500000,0,average,1742482591,44458,264,30674,false,0.430722,-78.701695,320734,1652,243920,0
1742482669,free-deployment-average-247-170c83458846-58fbfc49b7-tszkg_default,free-deployment-average-247-170c83458846,0.500000,0,average,1742482586,46618,262,36336,false,0.434265,-72.284782,308088,1836,237902,0
1742482672,free-deployment-average-229-1ddb7fc8108e-6b474d4ddf-kfngh_default,free-deployment-average-229-1ddb7fc8108e,0.500000,0,average,1742482607,31337,184,33536,false,0.438308,-67.556143,305288,1365,239292,0
1742482674,free-deployment-average-220-bdbc9bfc6e62-6f9887ff67-hzqft_default,free-deployment-average-220-bdbc9bfc6e62,0.500000,0,average,1742482559,52677,265,62894,false,0.462544,-42.637535,303072,1398,262033,0
1742482677,free-deployment-average-227-5759980cc5cb-5898646d8c-nrj92_default,free-deployment-average-227-5759980cc5cb,0.500000,0,average,1742482588,56018,184,33455,false,0.435119,-71.917425,310629,1414,240362,0
1742482680,free-deployment-average-230-284359c056eb-5cd676cdb4-qgnfl_default,free-deployment-average-230-284359c056eb,0.500000,0,average,1742482594,52778,263,33475,false,0.438024,-75.413975,339441,1501,265743,0
1742482683,free-deployment-average-190-e96dfe525187-7579f996f8-88ll4_default,free-deployment-average-190-e96dfe525187,0.500000,0,average,1742482605,44617,264,33435,false,0.440068,-73.590628,341220,1528,269376,0
1742482686,batch-deployment-average-125-9550f1d1788c-847ff95d5d-89sp9_default,batch-deployment-average-125-9550f1d1788c,0.900000,0,average,1742482597,11437,263,77796,false,0.948319,27.530220,28801,879,544630,0
1742482686,free-deployment-average-195-ac81edf8594b-64c765f9d-jzlst_default,free-deployment-average-195-ac81edf8594b,0.500000,0,average,1742482602,50458,260,33818,false,0.434204,-75.787628,323270,1603,249314,0
1742482689,free-deployment-average-238-fb57ee9fdf9e-6884dc7d49-zsvn8_default,free-deployment-average-238-fb57ee9fdf9e,0.500000,0,average,1742482614,41298,262,33756,false,0.440140,-71.378164,330936,1802,261585,0
1742482692,free-deployment-average-211-9c83ee22badd-6b6cc7d9c-5m4q9_default,free-deployment-average-211-9c83ee22badd,0.500000,0,average,1742482610,48177,183,33815,false,0.440916,-73.135728,343473,1604,272142,0
1742482695,free-deployment-average-249-426e7184252c-77d84b5db5-xfmrl_default,free-deployment-average-249-426e7184252c,0.500000,0,average,1742482620,43858,264,30955,false,0.437756,-75.365698,337516,1834,264213,0
1742482698,batch-deployment-average-116-fc83db90153e-f684b944-727ws_default,batch-deployment-average-116-fc83db90153e,0.900000,0,average,1742482536,29698,260,132318,false,0.948467,28.348826,30017,267,557391,0
1742482698,batch-deployment-average-160-ce45c9058931-57f7986b7c-kjxmt_default,batch-deployment-average-160-ce45c9058931,0.900000,0,average,1742482559,10058,323,128935,false,0.953083,31.954571,27621,797,577311,0
1742482701,free-deployment-average-207-ce098f042ca2-865c68f547-l4ggd_default,free-deployment-average-207-ce098f042ca2,0.500000,0,average,1742482623,46538,262,31475,false,0.432679,-78.848404,328987,2025,252453,0
1742482704,free-deployment-average-218-ee468b86cc2d-9b56ddb48-gzqjv_default,free-deployment-average-218-ee468b86cc2d,0.500000,0,average,1742482626,40697,261,37077,false,0.439523,-75.575568,347287,1846,273789,0
1742482706,free-deployment-average-232-549b4622d08c-547fb75f-bkmq2_default,free-deployment-average-232-549b4622d08c,0.500000,0,average,1742482617,55379,182,34196,false,0.436248,-78.557357,345038,1481,268147,0
1742482709,free-deployment-average-189-d46f9130862b-f7d55dcd6-r2wjr_default,free-deployment-average-189-d46f9130862b,0.500000,0,average,1742482635,42978,262,31395,false,0.436671,-81.252157,358794,1581,279349,0
1742482712,free-deployment-average-206-c338c4bcd1ab-56c7599d48-dxphr_default,free-deployment-average-206-c338c4bcd1ab,0.500000,0,average,1742482629,51818,262,31396,false,0.429492,-83.693657,335886,1720,254158,0
1742482715,free-deployment-average-175-c793764bb1b3-6bdbbc5585-vqpxd_default,free-deployment-average-175-c793764bb1b3,0.500000,0,average,1742482649,34697,184,31435,false,0.438235,-80.228685,362393,1486,283864,0
1742482718,free-deployment-average-225-9c56dc853d91-6dc78c4dd8-x7c7n_default,free-deployment-average-225-9c56dc853d91,0.500000,0,average,1742482632,43138,264,42714,false,0.444992,-69.493157,347819,1693,280231,0
1742482720,free-deployment-average-237-c5994abe4a07-5dc4cfb49c-xqg86_default,free-deployment-average-237-c5994abe4a07,0.500000,0,average,1742482646,40957,104,33935,false,0.437522,-78.026459,348999,1426,272578,0
1742482723,free-deployment-average-196-2f37620ad37d-c8d756bd6-75dwh_default,free-deployment-average-196-2f37620ad37d,0.500000,0,average,1742482654,38558,264,30975,false,0.431528,-85.300409,351395,1775,268091,0
1742482726,free-deployment-average-200-0c7f2a559833-556495bc6f-65zvp_default,free-deployment-average-200-0c7f2a559833,0.500000,0,average,1742482652,43438,179,31038,false,0.425386,-89.402260,341285,2002,254136,0
1742482729,batch-deployment-average-125-9550f1d1788c-847ff95d5d-7z67f_default,batch-deployment-average-125-9550f1d1788c,0.900000,0,average,1742482686,3638,264,39534,false,0.945635,27.961936,32440,1143,584165,0
1742482732,free-deployment-average-251-92f0a9778029-845d9b58b7-p8f2p_default,free-deployment-average-251-92f0a9778029,0.500000,0,average,1742482660,38738,264,33255,false,0.440960,-78.802337,370691,1425,293518,0
1742482735,free-deployment-average-233-d62f1d8f2614-5848c97567-h459v_default,free-deployment-average-233-d62f1d8f2614,0.500000,0,average,1742482666,35578,183,33335,false,0.436347,-81.120905,356312,1835,277257,0
1742482737,free-deployment-average-249-426e7184252c-77d84b5db5-c5xc9_default,free-deployment-average-249-426e7184252c,0.500000,0,average,1742482695,37618,264,4834,false,0.416320,-108.397679,375134,2098,269068,0
1742482740,free-deployment-average-255-60d4f796d4f4-57c5c4df4c-22zsz_default,free-deployment-average-255-60d4f796d4f4,0.500000,0,average,1742482657,50098,262,33239,false,0.432288,-83.885340,348484,2080,266940,0
1742482743,free-deployment-average-247-170c83458846-58fbfc49b7-cmmd8_default,free-deployment-average-247-170c83458846,0.500000,0,average,1742482669,40938,263,33216,false,0.435729,-80.250278,349027,2099,271139,0
1742482746,free-deployment-average-229-1ddb7fc8108e-6b474d4ddf-nkgv9_default,free-deployment-average-229-1ddb7fc8108e,0.500000,0,average,1742482672,40777,263,33236,false,0.439422,-75.350075,346065,1628,272548,0
1742482749,free-deployment-average-230-284359c056eb-5cd676cdb4-5zpwh_default,free-deployment-average-230-284359c056eb,0.500000,0,average,1742482680,35618,260,33237,false,0.442409,-78.060955,375060,1762,298981,0
1742482751,free-deployment-average-190-e96dfe525187-7579f996f8-47kvs_default,free-deployment-average-190-e96dfe525187,0.500000,0,average,1742482683,38298,261,30397,false,0.440177,-81.717404,379519,1789,299815,0
1742482754,free-deployment-average-227-5759980cc5cb-5898646d8c-pk72f_default,free-deployment-average-227-5759980cc5cb,0.500000,0,average,1742482677,41459,261,36036,false,0.438632,-77.585780,352088,1676,276418,0
1742482757,free-deployment-average-195-ac81edf8594b-64c765f9d-csjs8_default,free-deployment-average-195-ac81edf8594b,0.500000,0,average,1742482686,38138,260,33238,false,0.437525,-80.931574,361408,1863,282573,0
1742482760,free-deployment-average-238-fb57ee9fdf9e-6884dc7d49-wjkz5_default,free-deployment-average-238-fb57ee9fdf9e,0.500000,0,average,1742482689,37978,183,33237,false,0.442861,-76.297756,368914,1985,294823,0
1742482763,free-deployment-average-211-9c83ee22badd-6b6cc7d9c-mmd2v_default,free-deployment-average-211-9c83ee22badd,0.500000,0,average,1742482692,37738,260,33241,false,0.443576,-77.899283,381211,1865,305384,0
1742482766,free-deployment-average-224-bce6541dd9dd-6c46c5c76b-lw9tr_default,free-deployment-average-224-bce6541dd9dd,0.500000,0,average,1742482663,41338,183,61515,false,0.458947,-53.594387,349785,1856,298280,0
1742482768,batch-deployment-average-101-89cde830bd1e-86d6d6559-zvvfq_default,batch-deployment-average-101-89cde830bd1e,0.900000,0,average,1742482629,12098,260,127518,false,0.949488,33.679620,33313,1243,649586,0
1742482771,batch-deployment-average-127-c9c5eacfc21c-77d65d444c-zjsjb_default,batch-deployment-average-127-c9c5eacfc21c,0.900000,0,average,1742482577,35217,324,159215,false,0.946221,30.580780,35442,332,629440,0
1742482774,batch-deployment-average-120-d0e4aac950f1-74d49b5cdf-dbsb7_default,batch-deployment-average-120-d0e4aac950f1,0.900000,0,average,1742482527,15058,222,232296,false,0.958796,37.566880,25814,669,616250,0
1742482777,free-deployment-average-207-ce098f042ca2-865c68f547-h5xz5_default,free-deployment-average-207-ce098f042ca2,0.500000,0,average,1742482701,42738,263,33435,false,0.433229,-88.411418,371725,2288,285889,0
1742482780,free-deployment-average-232-549b4622d08c-547fb75f-gfdm8_default,free-deployment-average-232-549b4622d08c,0.500000,0,average,1742482706,43419,260,30597,false,0.433644,-91.626806,388458,1741,298766,0
1742482783,free-deployment-average-218-ee468b86cc2d-9b56ddb48-kc7jm_default,free-deployment-average-218-ee468b86cc2d,0.500000,0,average,1742482703,43577,263,36256,false,0.441020,-83.163483,390865,2109,310046,0
1742482785,free-deployment-average-206-c338c4bcd1ab-56c7599d48-8pdxz_default,free-deployment-average-206-c338c4bcd1ab,0.500000,0,average,1742482712,43098,263,30595,false,0.427755,-96.441151,378985,1983,284775,0
1742482789,batch-deployment-average-95-45538e973fea-c4779c548-jd867_default,batch-deployment-average-95-45538e973fea,0.900000,0,average,1742482516,17677,324,255141,false,0.956384,38.714498,29134,962,659939,0
1742482789,free-deployment-average-189-d46f9130862b-f7d55dcd6-trr8g_default,free-deployment-average-189-d46f9130862b,0.500000,0,average,1742482709,43259,262,36625,false,0.438932,-88.152595,402053,1843,315975,0
1742482792,free-deployment-average-220-bdbc9bfc6e62-6f9887ff67-pjckx_default,free-deployment-average-220-bdbc9bfc6e62,0.500000,0,average,1742482674,86698,263,31074,false,0.428199,-98.512218,389771,1661,293128,0
1742482794,free-deployment-average-249-426e7184252c-77d84b5db5-mkknh_default,free-deployment-average-249-426e7184252c,0.500000,0,average,1742482737,20938,183,36795,false,0.434348,-92.697984,396072,2281,305884,0
1742482797,free-deployment-average-175-c793764bb1b3-6bdbbc5585-6ww99_default,free-deployment-average-175-c793764bb1b3,0.500000,0,average,1742482715,48538,263,33957,false,0.435072,-95.078608,410931,1750,317822,0
1742482800,free-deployment-average-196-2f37620ad37d-c8d756bd6-gm2s7_default,free-deployment-average-196-2f37620ad37d,0.500000,0,average,1742482723,46218,260,31458,false,0.428419,-100.325556,397613,2036,299550,0
1742482800,free-deployment-average-200-0c7f2a559833-556495bc6f-kf5ps_default,free-deployment-average-200-0c7f2a559833,0.500000,0,average,1742482726,40378,262,34336,false,0.429035,-95.688231,381663,2265,288492,0
1742482803,free-deployment-average-237-c5994abe4a07-5dc4cfb49c-kt6s9_default,free-deployment-average-237-c5994abe4a07,0.500000,0,average,1742482720,52058,263,31617,false,0.430297,-98.739945,401058,1690,304196,0
1742482806,free-deployment-average-225-9c56dc853d91-6dc78c4dd8-jstj2_default,free-deployment-average-225-9c56dc853d91,0.500000,0,average,1742482718,56898,264,31615,false,0.434011,-95.046201,404718,1957,311847,0
1742482809,free-deployment-average-251-92f0a9778029-845d9b58b7-qwbrm_default,free-deployment-average-251-92f0a9778029,0.500000,0,average,1742482732,45738,260,31538,false,0.437405,-93.250389,416429,1685,325075,0
1742482812,batch-deployment-average-112-5d8886f68b65-557cd674f-zfpg4_default,batch-deployment-average-112-5d8886f68b65,0.900000,0,average,1742482472,32358,324,307675,false,0.952134,35.993599,32868,330,660376,0
1742482815,free-deployment-average-255-60d4f796d4f4-57c5c4df4c-k4kzb_default,free-deployment-average-255-60d4f796d4f4,0.500000,0,average,1742482740,43457,261,31478,false,0.430804,-96.125442,391942,2341,298419,0
1742482818,free-deployment-average-233-d62f1d8f2614-5848c97567-f7vg8_default,free-deployment-average-233-d62f1d8f2614,0.500000,0,average,1742482735,45577,261,37178,false,0.437690,-89.765351,401890,2096,314455,0
1742482820,batch-deployment-average-145-c4c5e06afa5f-86bbcb5594-ww7zj_default,batch-deployment-average-145-c4c5e06afa5f,0.900000,0,average,1742482640,43857,281,136719,false,0.938218,27.742920,44793,284,684558,0
1742482823,batch-deployment-average-122-419e035af17a-6c8f8b5c87-fgx6d_default,batch-deployment-average-122-419e035af17a,0.900000,0,average,1742482466,23737,281,333898,false,0.963009,43.609759,25215,546,670693,0
1742482823,free-deployment-average-190-e96dfe525187-7579f996f8-9qppj_default,free-deployment-average-190-e96dfe525187,0.500000,0,average,1742482751,38638,261,34057,false,0.442755,-86.563276,418157,2051,333872,0
1742482826,free-deployment-average-247-170c83458846-58fbfc49b7-247cx_default,free-deployment-average-247-170c83458846,0.500000,0,average,1742482743,49457,183,34276,false,0.432502,-95.587798,398484,2283,305434,0
1742482829,free-deployment-average-230-284359c056eb-5cd676cdb4-5jcgs_default,free-deployment-average-230-284359c056eb,0.500000,0,average,1742482749,49097,184,31436,false,0.436775,-95.880818,424157,1946,330439,0
1742482832,free-deployment-average-195-ac81edf8594b-64c765f9d-qkptk_default,free-deployment-average-195-ac81edf8594b,0.500000,0,average,1742482757,44397,263,30895,false,0.434528,-94.700092,405805,2127,313469,0
1742482835,free-deployment-average-227-5759980cc5cb-5898646d8c-7fksd_default,free-deployment-average-227-5759980cc5cb,0.500000,0,average,1742482754,50237,265,30854,false,0.431842,-97.237319,402326,1941,307273,0
1742482838,free-deployment-average-238-fb57ee9fdf9e-6884dc7d49-4srpl_default,free-deployment-average-238-fb57ee9fdf9e,0.500000,0,average,1742482760,47078,180,30759,false,0.437763,-92.793398,415992,2166,325582,0
1742482841,free-deployment-average-229-1ddb7fc8108e-6b474d4ddf-h6psv_default,free-deployment-average-229-1ddb7fc8108e,0.500000,0,average,1742482746,49218,262,45636,false,0.444789,-79.201018,395284,1890,318184,0
1742482843,free-deployment-average-232-549b4622d08c-547fb75f-5mmxw_default,free-deployment-average-232-549b4622d08c,0.500000,0,average,1742482780,32678,263,31016,false,0.438003,-93.558378,421136,2004,329783,0
1742482846,free-deployment-average-211-9c83ee22badd-6b6cc7d9c-fqqvt_default,free-deployment-average-211-9c83ee22badd,0.500000,0,average,1742482763,46838,263,36675,false,0.442946,-88.331059,428050,2128,342060,0
1742482849,free-deployment-average-206-c338c4bcd1ab-56c7599d48-bmwrn_default,free-deployment-average-206-c338c4bcd1ab,0.500000,0,average,1742482785,30558,183,33855,false,0.436277,-93.320507,409543,2167,318631,0
1742482852,batch-deployment-average-145-c4c5e06afa5f-86bbcb5594-ndhnk_default,batch-deployment-average-145-c4c5e06afa5f,0.900000,0,average,1742482820,1277,283,31215,false,0.938826,29.411897,46071,568,715774,0
1742482852,free-deployment-average-220-bdbc9bfc6e62-6f9887ff67-hc8gx_default,free-deployment-average-220-bdbc9bfc6e62,0.500000,0,average,1742482791,30118,202,31497,false,0.434934,-97.335407,419889,1864,324626,0
1742482855,batch-deployment-average-125-9550f1d1788c-847ff95d5d-dwf4v_default,batch-deployment-average-125-9550f1d1788c,0.900000,0,average,1742482729,11898,264,114614,false,0.938556,28.470828,44338,1408,698780,0
1742482858,free-deployment-average-207-ce098f042ca2-865c68f547-zglxj_default,free-deployment-average-207-ce098f042ca2,0.500000,0,average,1742482777,47378,263,33976,false,0.431364,-102.073247,419104,2551,319866,0
1742482861,free-deployment-average-196-2f37620ad37d-c8d756bd6-hw9lg_default,free-deployment-average-196-2f37620ad37d,0.500000,0,average,1742482800,27257,183,34015,false,0.438539,-93.726281,424871,2219,333586,0
1742482864,free-deployment-average-189-d46f9130862b-f7d55dcd6-nzjlm_default,free-deployment-average-189-d46f9130862b,0.500000,0,average,1742482789,43937,263,31015,false,0.436418,-101.341184,445991,2107,346991,0
1742482867,batch-deployment-average-104-fefb8eb75caa-6b57b6587f-69jvk_default,batch-deployment-average-104-fefb8eb75caa,0.900000,0,average,1742482637,23938,262,205856,false,0.940089,31.317138,46314,778,738957,0
1742482870,batch-deployment-average-82-b68afcdd197a-7568768cc-kgd6z_default,batch-deployment-average-82-b68afcdd197a,0.900000,0,average,1742482600,26637,320,243169,false,0.939111,29.401348,45526,510,710046,0
1742482870,free-deployment-average-218-ee468b86cc2d-9b56ddb48-94rf2_default,free-deployment-average-218-ee468b86cc2d,0.500000,0,average,1742482783,55377,223,31536,false,0.432311,-107.206294,446243,2333,341603,0
1742482873,free-deployment-average-175-c793764bb1b3-6bdbbc5585-bc7lh_default,free-deployment-average-175-c793764bb1b3,0.500000,0,average,1742482797,44417,261,31398,false,0.432964,-108.363221,455349,2011,349221,0
1742482875,free-deployment-average-249-426e7184252c-77d84b5db5-psp6c_default,free-deployment-average-249-426e7184252c,0.500000,0,average,1742482794,44577,243,37176,false,0.436333,-100.344021,440650,2525,343061,0
1742482878,free-deployment-average-237-c5994abe4a07-5dc4cfb49c-md46q_default,free-deployment-average-237-c5994abe4a07,0.500000,0,average,1742482803,41257,261,34317,false,0.432450,-105.949007,442316,1952,338514,0
1742482881,free-deployment-average-225-9c56dc853d91-6dc78c4dd8-6klmw_default,free-deployment-average-225-9c56dc853d91,0.500000,0,average,1742482806,43978,183,31476,false,0.432310,-107.726867,448696,2140,343324,0
1742482884,free-deployment-average-224-bce6541dd9dd-6c46c5c76b-jz669_default,free-deployment-average-224-bce6541dd9dd,0.500000,0,average,1742482765,88238,263,30976,false,0.427954,-111.103152,438024,2120,329277,0
1742482887,free-deployment-average-200-0c7f2a559833-556495bc6f-bbvw9_default,free-deployment-average-200-0c7f2a559833,0.500000,0,average,1742482800,47098,263,39994,false,0.432346,-103.056495,428762,2529,328487,0
1742482890,free-deployment-average-251-92f0a9778029-845d9b58b7-bg6ck_default,free-deployment-average-251-92f0a9778029,0.500000,0,average,1742482809,47078,260,33858,false,0.435395,-106.736314,463507,1946,358934,0
1742482892,free-deployment-average-206-c338c4bcd1ab-56c7599d48-wmmcb_default,free-deployment-average-206-c338c4bcd1ab,0.500000,0,average,1742482849,41538,183,2115,false,0.414305,-132.921455,451081,2351,320746,0
1742482895,free-deployment-average-233-d62f1d8f2614-5848c97567-7h5kf_default,free-deployment-average-233-d62f1d8f2614,0.500000,0,average,1742482817,44758,183,33536,false,0.436671,-101.164960,446648,2280,347992,0
1742482898,free-deployment-average-230-284359c056eb-5cd676cdb4-fql4c_default,free-deployment-average-230-284359c056eb,0.500000,0,average,1742482829,38398,183,30696,false,0.437306,-103.761716,462555,2129,361136,0
1742482901,free-deployment-average-247-170c83458846-58fbfc49b7-kwp75_default,free-deployment-average-247-170c83458846,0.500000,0,average,1742482826,38517,261,36379,false,0.437459,-97.988345,437002,2545,341813,0
1742482903,free-deployment-average-255-60d4f796d4f4-57c5c4df4c-rl9mc_default,free-deployment-average-255-60d4f796d4f4,0.500000,0,average,1742482815,43917,261,44818,false,0.439107,-95.463544,435860,2603,343260,0
1742482906,free-deployment-average-195-ac81edf8594b-64c765f9d-94r2q_default,free-deployment-average-195-ac81edf8594b,0.500000,0,average,1742482832,41458,264,33115,false,0.435277,-103.309293,447264,2391,346585,0
1742482909,free-deployment-average-190-e96dfe525187-7579f996f8-hmnb5_default,free-deployment-average-190-e96dfe525187,0.500000,0,average,1742482823,53298,262,33036,false,0.436444,-107.091484,471455,2313,366909,0
1742482912,free-deployment-average-227-5759980cc5cb-5898646d8c-7d7bp_default,free-deployment-average-227-5759980cc5cb,0.500000,0,average,1742482835,44138,263,33035,false,0.431329,-108.605130,446464,2205,340309,0
1742482915,free-deployment-average-238-fb57ee9fdf9e-6884dc7d49-2b7d6_default,free-deployment-average-238-fb57ee9fdf9e,0.500000,0,average,1742482837,44977,260,33038,false,0.436282,-104.977877,460970,2427,358640,0
1742482918,free-deployment-average-232-549b4622d08c-547fb75f-7lt4w_default,free-deployment-average-232-549b4622d08c,0.500000,0,average,1742482843,41819,264,33033,false,0.438162,-102.614381,462955,2269,362816,0
1742482920,free-deployment-average-220-bdbc9bfc6e62-6f9887ff67-9qggq_default,free-deployment-average-220-bdbc9bfc6e62,0.500000,0,average,1742482852,35659,263,33035,false,0.438667,-100.227462,455549,2127,357661,0
1742482923,batch-deployment-average-112-5d8886f68b65-557cd674f-5znv5_default,batch-deployment-average-112-5d8886f68b65,0.900000,0,average,1742482812,18018,264,93514,false,0.936079,28.859763,50886,594,753912,0
1742482926,batch-deployment-average-120-d0e4aac950f1-74d49b5cdf-qsm2s_default,batch-deployment-average-120-d0e4aac950f1,0.900000,0,average,1742482774,24257,324,128036,false,0.935797,28.223652,50071,993,744306,0
1742482929,batch-deployment-average-127-c9c5eacfc21c-77d65d444c-qvgcj_default,batch-deployment-average-127-c9c5eacfc21c,0.900000,0,average,1742482771,15258,183,143035,false,0.937821,30.981460,50700,515,772476,0
1742482932,free-deployment-average-207-ce098f042ca2-865c68f547-vsr4d_default,free-deployment-average-207-ce098f042ca2,0.500000,0,average,1742482858,40618,263,33416,false,0.433040,-109.536259,459722,2815,353282,0
1742482935,free-deployment-average-211-9c83ee22badd-6b6cc7d9c-dnzdz_default,free-deployment-average-211-9c83ee22badd,0.500000,0,average,1742482846,55457,264,33355,false,0.435876,-110.681912,483507,2392,375436,0
1742482937,free-deployment-average-206-c338c4bcd1ab-56c7599d48-jff8l_default,free-deployment-average-206-c338c4bcd1ab,0.500000,0,average,1742482892,12298,260,33358,false,0.431784,-112.124649,463379,2612,354104,0
1742482940,free-deployment-average-229-1ddb7fc8108e-6b474d4ddf-s4xcc_default,free-deployment-average-229-1ddb7fc8108e,0.500000,0,average,1742482841,66138,180,33399,false,0.431350,-112.118032,461422,2071,351583,0
1742482943,free-deployment-average-189-d46f9130862b-f7d55dcd6-j4rj5_default,free-deployment-average-189-d46f9130862b,0.500000,0,average,1742482864,45897,264,33395,false,0.434903,-114.111257,491889,2371,380387,0
1742482946,free-deployment-average-190-e96dfe525187-7579f996f8-gjtd8_default,free-deployment-average-190-e96dfe525187,0.500000,0,average,1742482909,34898,260,1978,false,0.420234,-140.274282,506353,2574,368888,0
1742482948,free-deployment-average-175-c793764bb1b3-6bdbbc5585-4m82k_default,free-deployment-average-175-c793764bb1b3,0.500000,0,average,1742482872,43578,263,32955,false,0.432630,-119.254112,498928,2274,382177,0
1742482951,free-deployment-average-196-2f37620ad37d-c8d756bd6-kzr75_default,free-deployment-average-196-2f37620ad37d,0.500000,0,average,1742482861,57418,260,32997,false,0.430590,-118.410991,482289,2480,366585,0
1742482954,free-deployment-average-224-bce6541dd9dd-6c46c5c76b-pd98l_default,free-deployment-average-224-bce6541dd9dd,0.500000,0,average,1742482884,40098,259,30159,false,0.427932,-121.304081,478123,2379,359436,0
1742482957,free-deployment-average-237-c5994abe4a07-5dc4cfb49c-mgh9z_default,free-deployment-average-237-c5994abe4a07,0.500000,0,average,1742482878,43258,264,35655,false,0.434092,-113.822460,485574,2216,374169,0
1742482960,free-deployment-average-225-9c56dc853d91-6dc78c4dd8-96mkb_default,free-deployment-average-225-9c56dc853d91,0.500000,0,average,1742482881,45938,262,33155,false,0.431005,-120.757231,494634,2403,376499,0
1742482963,free-deployment-average-249-426e7184252c-77d84b5db5-9792p_default,free-deployment-average-249-426e7184252c,0.500000,0,average,1742482875,54778,262,33155,false,0.430241,-122.231830,495428,2788,376217,0
1742482966,free-deployment-average-251-92f0a9778029-845d9b58b7-wmvxx_default,free-deployment-average-251-92f0a9778029,0.500000,0,average,1742482890,42618,182,33236,false,0.435540,-116.296627,506126,2128,392171,0
1742482968,free-deployment-average-200-0c7f2a559833-556495bc6f-lm7pc_default,free-deployment-average-200-0c7f2a559833,0.500000,0,average,1742482887,48378,261,33238,false,0.429779,-118.457731,477140,2790,361726,0
1742482971,free-deployment-average-233-d62f1d8f2614-5848c97567-csr9x_default,free-deployment-average-233-d62f1d8f2614,0.500000,0,average,1742482895,43258,183,33256,false,0.436402,-111.345555,489907,2463,381248,0
1742482974,free-deployment-average-218-ee468b86cc2d-9b56ddb48-r42hp_default,free-deployment-average-218-ee468b86cc2d,0.500000,0,average,1742482870,42737,265,61474,false,0.450539,-88.737470,488981,2598,403078,0
1742482977,batch-deployment-average-122-419e035af17a-6c8f8b5c87-dh8gp_default,batch-deployment-average-122-419e035af17a,0.900000,0,average,1742482823,27137,284,126896,false,0.937487,31.616033,52353,830,797590,0
1742482980,batch-deployment-average-95-45538e973fea-c4779c548-6k497_default,batch-deployment-average-95-45538e973fea,0.900000,0,average,1742482789,29318,260,161579,false,0.932279,28.240394,58452,1222,821520,0
1742482982,free-deployment-average-195-ac81edf8594b-64c765f9d-x5z6p_default,free-deployment-average-195-ac81edf8594b,0.500000,0,average,1742482906,46098,264,30634,false,0.431978,-119.040452,493362,2656,377220,0
1742482985,batch-deployment-average-145-c4c5e06afa5f-86bbcb5594-v2tmp_default,batch-deployment-average-145-c4c5e06afa5f,0.900000,0,average,1742482852,15558,162,118117,false,0.930422,27.083969,61629,731,833913,0
1742482988,batch-deployment-average-101-89cde830bd1e-86d6d6559-66x55_default,batch-deployment-average-101-89cde830bd1e,0.900000,0,average,1742482768,18418,324,201915,false,0.941094,36.986599,51731,1567,851522,0
1742482991,free-deployment-average-247-170c83458846-58fbfc49b7-7pwwf_default,free-deployment-average-247-170c83458846,0.500000,0,average,1742482901,56738,323,33535,false,0.430467,-121.520199,493740,2868,375349,0
1742482994,free-deployment-average-227-5759980cc5cb-5898646d8c-pqjdh_default,free-deployment-average-227-5759980cc5cb,0.500000,0,average,1742482912,48657,264,33474,false,0.428959,-124.054528,495122,2470,373785,0
1742482997,free-deployment-average-255-60d4f796d4f4-57c5c4df4c-4g9k2_default,free-deployment-average-255-60d4f796d4f4,0.500000,0,average,1742482903,63338,260,30558,false,0.426792,-128.503859,499198,2863,373819,0
1742483000,free-deployment-average-190-e96dfe525187-7579f996f8-nd2nd_default,free-deployment-average-190-e96dfe525187,0.500000,0,average,1742482946,17498,263,36275,false,0.434794,-121.762437,523852,2838,405164,0
1742483002,free-deployment-average-238-fb57ee9fdf9e-6884dc7d49-vb49t_default,free-deployment-average-238-fb57ee9fdf9e,0.500000,0,average,1742482915,54178,260,33439,false,0.430897,-125.979926,515148,2688,392080,0
1742483005,free-deployment-average-230-284359c056eb-5cd676cdb4-qq5fq_default,free-deployment-average-230-284359c056eb,0.500000,0,average,1742482898,59538,224,48174,false,0.438348,-115.350789,522093,2354,409311,0
1742483005,free-deployment-average-232-549b4622d08c-547fb75f-sqgcm_default,free-deployment-average-232-549b4622d08c,0.500000,0,average,1742482918,54018,184,33775,false,0.432952,-123.039371,516973,2453,396592,0
1742483008,free-deployment-average-207-ce098f042ca2-865c68f547-rw84v_default,free-deployment-average-207-ce098f042ca2,0.500000,0,average,1742482932,45618,262,31056,false,0.430520,-124.339832,505340,3077,384358,0
1742483011,free-deployment-average-211-9c83ee22badd-6b6cc7d9c-b9lgq_default,free-deployment-average-211-9c83ee22badd,0.500000,0,average,1742482934,46458,261,31018,false,0.432825,-126.386218,529965,2653,406454,0
1742483014,free-deployment-average-206-c338c4bcd1ab-56c7599d48-d566l_default,free-deployment-average-206-c338c4bcd1ab,0.500000,0,average,1742482937,46298,260,31120,false,0.429088,-127.565070,509678,2872,385225,0
1742483017,free-deployment-average-220-bdbc9bfc6e62-6f9887ff67-25hb4_default,free-deployment-average-220-bdbc9bfc6e62,0.500000,0,average,1742482920,54778,260,42418,false,0.438302,-112.852499,510328,2387,400080,0
1742483020,batch-deployment-average-145-c4c5e06afa5f-86bbcb5594-m5qjm_default,batch-deployment-average-145-c4c5e06afa5f,0.900000,0,average,1742482985,1217,183,33897,false,0.931555,29.212507,62846,914,867810,0
1742483023,free-deployment-average-175-c793764bb1b3-6bdbbc5585-9bfdc_default,free-deployment-average-175-c793764bb1b3,0.500000,0,average,1742482948,41057,264,33775,false,0.433984,-126.783434,539986,2539,415973,0
1742483025,free-deployment-average-229-1ddb7fc8108e-6b474d4ddf-6m5rf_default,free-deployment-average-229-1ddb7fc8108e,0.500000,0,average,1742482940,51937,183,33816,false,0.427740,-130.419601,513360,2254,385400,0
1742483028,batch-deployment-average-127-c9c5eacfc21c-77d65d444c-95bqj_default,batch-deployment-average-127-c9c5eacfc21c,0.900000,0,average,1742482929,12018,263,87495,false,0.931240,28.654617,62719,778,859972,0
1742483031,free-deployment-average-196-2f37620ad37d-c8d756bd6-x94q8_default,free-deployment-average-196-2f37620ad37d,0.500000,0,average,1742482951,46538,265,33793,false,0.429613,-131.423930,528828,2746,400379,0
1742483034,free-deployment-average-189-d46f9130862b-f7d55dcd6-ndv9k_default,free-deployment-average-189-d46f9130862b,0.500000,0,average,1742482943,57377,263,33896,false,0.428783,-137.857991,549267,2635,414284,0
1742483037,free-deployment-average-224-bce6541dd9dd-6c46c5c76b-qlnzq_default,free-deployment-average-224-bce6541dd9dd,0.500000,0,average,1742482954,49258,183,33934,false,0.426042,-136.805730,527381,2563,393372,0
1742483040,free-deployment-average-249-426e7184252c-77d84b5db5-6pvvs_default,free-deployment-average-249-426e7184252c,0.500000,0,average,1742482963,46317,260,30638,false,0.427526,-138.173708,541746,3049,406856,0
1742483043,free-deployment-average-225-9c56dc853d91-6dc78c4dd8-jzlvn_default,free-deployment-average-225-9c56dc853d91,0.500000,0,average,1742482960,52157,265,30594,false,0.425584,-142.589517,546792,2669,407094,0
1742483045,batch-deployment-average-125-9550f1d1788c-847ff95d5d-qqj6d_default,batch-deployment-average-125-9550f1d1788c,0.900000,0,average,1742482855,15538,263,175056,false,0.934200,31.751382,59876,1671,873836,0
1742483048,batch-deployment-average-160-ce45c9058931-57f7986b7c-5ps5s_default,batch-deployment-average-160-ce45c9058931,0.900000,0,average,1742482698,37618,242,313136,false,0.930722,29.184773,65240,1039,890448,0
1742483049,free-deployment-average-237-c5994abe4a07-5dc4cfb49c-6k26d_default,free-deployment-average-237-c5994abe4a07,0.500000,0,average,1742482957,57998,183,33856,false,0.427713,-138.126152,543572,2399,408046,0
1742483051,free-deployment-average-251-92f0a9778029-845d9b58b7-8ggkt_default,free-deployment-average-251-92f0a9778029,0.500000,0,average,1742482965,52758,263,33935,false,0.431552,-135.386976,558885,2391,426107,0
1742483054,free-deployment-average-200-0c7f2a559833-556495bc6f-rkr9z_default,free-deployment-average-200-0c7f2a559833,0.500000,0,average,1742482968,52598,260,33959,false,0.426167,-137.357653,529738,3051,395686,0
1742483057,free-deployment-average-233-d62f1d8f2614-5848c97567-zfq48_default,free-deployment-average-233-d62f1d8f2614,0.500000,0,average,1742482971,52438,263,33895,false,0.432356,-130.135092,542345,2726,415164,0
1742483060,free-deployment-average-195-ac81edf8594b-64c765f9d-9xwzt_default,free-deployment-average-195-ac81edf8594b,0.500000,0,average,1742482982,44317,180,33919,false,0.432025,-129.614064,537680,2837,411140,0
1742483063,batch-deployment-average-116-fc83db90153e-f684b944-wscst_default,batch-deployment-average-116-fc83db90153e,0.900000,0,average,1742482698,37457,183,327596,false,0.928717,27.214135,67474,451,884987,0
1742483066,batch-deployment-average-115-e5b8757bb5e6-59f664647c-zcnx6_default,batch-deployment-average-115-e5b8757bb5e6,0.900000,0,average,1742482643,52598,320,370379,false,0.944912,43.712678,53491,326,923118,0
1742483066,free-deployment-average-247-170c83458846-58fbfc49b7-ncx5d_default,free-deployment-average-247-170c83458846,0.500000,0,average,1742482991,40998,263,34076,false,0.432204,-128.706091,534739,3132,409426,0
1742483069,free-deployment-average-227-5759980cc5cb-5898646d8c-5l2bl_default,free-deployment-average-227-5759980cc5cb,0.500000,0,average,1742482994,43678,263,31356,false,0.427962,-136.640998,538800,2733,405141,0
1742483072,free-deployment-average-238-fb57ee9fdf9e-6884dc7d49-k95b6_default,free-deployment-average-238-fb57ee9fdf9e,0.500000,0,average,1742483002,38518,263,31476,false,0.432135,-133.267990,553666,2951,423577,0
1742483074,free-deployment-average-190-e96dfe525187-7579f996f8-mf5mw_default,free-deployment-average-190-e96dfe525187,0.500000,0,average,1742482999,44358,260,31319,false,0.433109,-135.063367,568210,3098,436484,0
1742483077,free-deployment-average-232-549b4622d08c-547fb75f-4vflr_default,free-deployment-average-232-549b4622d08c,0.500000,0,average,1742483005,41237,184,31195,false,0.432705,-133.264602,558211,2638,427788,0
1742483080,free-deployment-average-255-60d4f796d4f4-57c5c4df4c-kv85q_default,free-deployment-average-255-60d4f796d4f4,0.500000,0,average,1742482997,37838,260,45718,false,0.437156,-120.883828,537037,3124,419538,0
1742483083,free-deployment-average-207-ce098f042ca2-865c68f547-7j2rm_default,free-deployment-average-207-ce098f042ca2,0.500000,0,average,1742483008,41458,264,33934,false,0.431927,-132.127148,546798,3342,418292,0
1742483086,free-deployment-average-211-9c83ee22badd-6b6cc7d9c-7glgp_default,free-deployment-average-211-9c83ee22badd,0.500000,0,average,1742483011,41298,260,33858,false,0.434023,-134.090383,571264,2914,440313,0
1742483089,free-deployment-average-218-ee468b86cc2d-9b56ddb48-vmrsw_default,free-deployment-average-218-ee468b86cc2d,0.500000,0,average,1742482974,81138,182,33935,false,0.432724,-136.118245,570119,2781,437014,0
1742483092,free-deployment-average-230-284359c056eb-5cd676cdb4-srngr_default,free-deployment-average-230-284359c056eb,0.500000,0,average,1742483005,55738,264,31094,false,0.431409,-140.262427,577831,2618,440406,0
1742483094,free-deployment-average-206-c338c4bcd1ab-56c7599d48-25qkg_default,free-deployment-average-206-c338c4bcd1ab,0.500000,0,average,1742483014,43898,263,36755,false,0.431178,-134.954387,553577,3136,421999,0
1742483098,batch-deployment-average-116-fc83db90153e-f684b944-pgtpw_default,batch-deployment-average-116-fc83db90153e,0.900000,0,average,1742483063,697,243,34136,false,0.930296,29.759284,68172,695,919144,0
1742483098,free-deployment-average-229-1ddb7fc8108e-6b474d4ddf-b7wcm_default,free-deployment-average-229-1ddb7fc8108e,0.500000,0,average,1742483025,38458,263,34395,false,0.430955,-134.729928,551819,2518,419817,0
1742483101,batch-deployment-average-145-c4c5e06afa5f-86bbcb5594-4mxx6_default,batch-deployment-average-145-c4c5e06afa5f,0.900000,0,average,1742483020,9078,260,71738,false,0.927812,27.968310,71925,1175,939549,0
1742483104,batch-deployment-average-101-89cde830bd1e-86d6d6559-jnst7_default,batch-deployment-average-101-89cde830bd1e,0.900000,0,average,1742482988,18398,260,97398,false,0.929514,29.927847,70130,1828,948941,0
1742483104,free-deployment-average-189-d46f9130862b-f7d55dcd6-48dvl_default,free-deployment-average-189-d46f9130862b,0.500000,0,average,1742483034,38558,260,31278,false,0.429962,-145.400126,587825,2896,445563,0
1742483107,batch-deployment-average-104-fefb8eb75caa-6b57b6587f-jpc86_default,batch-deployment-average-104-fefb8eb75caa,0.900000,0,average,1742482866,24698,241,216078,false,0.929866,30.470178,71012,1020,955036,0
1742483109,free-deployment-average-225-9c56dc853d91-6dc78c4dd8-bkq28_default,free-deployment-average-225-9c56dc853d91,0.500000,0,average,1742483042,36197,325,31294,false,0.427958,-147.825684,582989,2995,438389,0
1742483112,free-deployment-average-175-c793764bb1b3-6bdbbc5585-858zz_default,free-deployment-average-175-c793764bb1b3,0.500000,0,average,1742483023,54997,223,34356,false,0.429673,-147.647480,594984,2762,450329,0
1742483114,free-deployment-average-196-2f37620ad37d-c8d756bd6-cbxw4_default,free-deployment-average-196-2f37620ad37d,0.500000,0,average,1742483031,50118,260,33618,false,0.427196,-148.165746,578946,3006,434018,0
1742483117,free-deployment-average-224-bce6541dd9dd-6c46c5c76b-rgbpz_default,free-deployment-average-224-bce6541dd9dd,0.500000,0,average,1742483037,46958,182,33315,false,0.425084,-150.627260,574340,2746,426688,0
1742483120,free-deployment-average-249-426e7184252c-77d84b5db5-g2fdr_default,free-deployment-average-249-426e7184252c,0.500000,0,average,1742483040,46718,263,33295,false,0.426533,-151.861396,588464,3313,440152,0
1742483124,free-deployment-average-237-c5994abe4a07-5dc4cfb49c-8l5db_default,free-deployment-average-237-c5994abe4a07,0.500000,0,average,1742483048,44397,264,31615,false,0.426744,-151.158610,587970,2664,439681,0
1742483126,free-deployment-average-220-bdbc9bfc6e62-6f9887ff67-dbbj8_default,free-deployment-average-220-bdbc9bfc6e62,0.500000,0,average,1742483017,72558,263,37175,false,0.427512,-148.501930,582886,2651,437256,0
1742483129,free-deployment-average-251-92f0a9778029-845d9b58b7-nwrbv_default,free-deployment-average-251-92f0a9778029,0.500000,0,average,1742483051,44278,180,34359,false,0.431887,-145.462664,603163,2572,460488,0
1742483132,free-deployment-average-233-d62f1d8f2614-5848c97567-28bzr_default,free-deployment-average-233-d62f1d8f2614,0.500000,0,average,1742483057,44258,202,30997,false,0.430785,-143.596223,586603,2929,446161,0
1742483135,free-deployment-average-195-ac81edf8594b-64c765f9d-rhkfl_default,free-deployment-average-195-ac81edf8594b,0.500000,0,average,1742483060,44517,261,30878,false,0.430277,-143.497079,582197,3099,442037,0
1742483138,free-deployment-average-200-0c7f2a559833-556495bc6f-84kqc_default,free-deployment-average-200-0c7f2a559833,0.500000,0,average,1742483054,44537,264,40036,false,0.430009,-142.103844,574276,3315,435742,0
1742483138,free-deployment-average-227-5759980cc5cb-5898646d8c-lp76x_default,free-deployment-average-227-5759980cc5cb,0.500000,0,average,1742483069,38358,184,31336,false,0.429370,-143.841910,577158,2918,436478,0
1742483141,batch-deployment-average-145-c4c5e06afa5f-86bbcb5594-mzk5w_default,batch-deployment-average-145-c4c5e06afa5f,0.900000,0,average,1742483100,1418,283,40136,false,0.929062,30.437497,73343,1459,979685,0
1742483144,free-deployment-average-247-170c83458846-58fbfc49b7-bzf69_default,free-deployment-average-247-170c83458846,0.500000,0,average,1742483066,44119,262,34195,false,0.432444,-138.872303,578858,3394,443641,0
1742483147,batch-deployment-average-95-45538e973fea-c4779c548-qgsz7_default,batch-deployment-average-95-45538e973fea,0.900000,0,average,1742482980,14698,183,152354,false,0.928886,30.084461,73151,1406,973875,0
1742483150,batch-deployment-average-120-d0e4aac950f1-74d49b5cdf-xpxhw_default,batch-deployment-average-120-d0e4aac950f1,0.900000,0,average,1742482926,23138,263,200694,false,0.926956,27.229491,73210,1257,945020,0
1742483153,free-deployment-average-190-e96dfe525187-7579f996f8-wh72g_default,free-deployment-average-190-e96dfe525187,0.500000,0,average,1742483074,47017,345,31695,false,0.430777,-150.718788,615228,3443,468199,0
1742483153,free-deployment-average-230-284359c056eb-5cd676cdb4-ld224_default,free-deployment-average-230-284359c056eb,0.500000,0,average,1742483092,29338,321,31438,false,0.436104,-138.490960,607170,2940,471845,0
1742483156,free-deployment-average-238-fb57ee9fdf9e-6884dc7d49-j75zn_default,free-deployment-average-238-fb57ee9fdf9e,0.500000,0,average,1742483072,52578,263,31256,false,0.427357,-154.855842,606245,3214,454833,0
1742483158,batch-deployment-average-112-5d8886f68b65-557cd674f-j6n57_default,batch-deployment-average-112-5d8886f68b65,0.900000,0,average,1742482923,21138,244,214435,false,0.930021,31.048032,72024,838,968347,0
1742483161,free-deployment-average-232-549b4622d08c-547fb75f-l2flp_default,free-deployment-average-232-549b4622d08c,0.500000,0,average,1742483077,50397,261,33818,false,0.430156,-150.109418,608609,2899,461607,0
1742483164,free-deployment-average-207-ce098f042ca2-865c68f547-kd5rp_default,free-deployment-average-207-ce098f042ca2,0.500000,0,average,1742483083,49837,224,31596,false,0.428429,-150.587667,596636,3566,449889,0
1742483167,free-deployment-average-218-ee468b86cc2d-9b56ddb48-b2qpq_default,free-deployment-average-218-ee468b86cc2d,0.500000,0,average,1742483089,46998,183,31276,false,0.430267,-152.018994,617117,2964,468291,0
1742483170,free-deployment-average-189-d46f9130862b-f7d55dcd6-wk6qd_default,free-deployment-average-189-d46f9130862b,0.500000,0,average,1742483104,35298,264,30754,false,0.432005,-150.189131,623123,3161,476338,0
1742483173,free-deployment-average-211-9c83ee22badd-6b6cc7d9c-zvll7_default,free-deployment-average-211-9c83ee22badd,0.500000,0,average,1742483086,47037,323,39815,false,0.435819,-141.643104,618302,3238,480128,0
1742483176,free-deployment-average-206-c338c4bcd1ab-56c7599d48-thtp2_default,free-deployment-average-206-c338c4bcd1ab,0.500000,0,average,1742483094,48138,183,34035,false,0.429799,-149.215414,601715,3319,456056,0
1742483176,free-deployment-average-255-60d4f796d4f4-57c5c4df4c-8nfb6_default,free-deployment-average-255-60d4f796d4f4,0.500000,0,average,1742483080,64898,103,31395,false,0.426982,-154.476890,601935,3227,450934,0
1742483179,batch-deployment-average-82-b68afcdd197a-7568768cc-f6pf4_default,batch-deployment-average-82-b68afcdd197a,0.900000,0,average,1742482869,26778,263,283316,false,0.931474,33.372096,72305,773,993363,0
1742483182,free-deployment-average-229-1ddb7fc8108e-6b474d4ddf-wlchn_default,free-deployment-average-229-1ddb7fc8108e,0.500000,0,average,1742483098,52379,179,31559,false,0.426522,-155.726243,604198,2697,451376,0
1742483184,batch-deployment-average-120-d0e4aac950f1-74d49b5cdf-hd698_default,batch-deployment-average-120-d0e4aac950f1,0.900000,0,average,1742483150,537,162,34218,false,0.928713,30.038824,73747,1419,979259,0
1742483187,batch-deployment-average-95-45538e973fea-c4779c548-msmnx_default,batch-deployment-average-95-45538e973fea,0.900000,0,average,1742483147,6558,261,33978,false,0.925290,27.339164,79709,1667,1007874,0
1742483190,free-deployment-average-175-c793764bb1b3-6bdbbc5585-b7p42_default,free-deployment-average-175-c793764bb1b3,0.500000,0,average,1742483112,44398,263,33935,false,0.429819,-158.375538,639382,3026,484266,0
1742483193,free-deployment-average-225-9c56dc853d91-6dc78c4dd8-4vn62_default,free-deployment-average-225-9c56dc853d91,0.500000,0,average,1742483109,52838,223,31496,false,0.423728,-169.390570,635827,3218,469885,0
1742483196,free-deployment-average-224-bce6541dd9dd-6c46c5c76b-2bjs6_default,free-deployment-average-224-bce6541dd9dd,0.500000,0,average,1742483117,47958,263,31135,false,0.422685,-167.715782,622298,3010,457824,0
1742483199,free-deployment-average-196-2f37620ad37d-c8d756bd6-658l7_default,free-deployment-average-196-2f37620ad37d,0.500000,0,average,1742483114,48037,324,37054,false,0.427719,-159.460104,626984,3331,471093,0
1742483199,free-deployment-average-249-426e7184252c-77d84b5db5-mh57d_default,free-deployment-average-249-426e7184252c,0.500000,0,average,1742483120,47798,263,31396,false,0.424298,-168.509229,636262,3576,471568,0
1742483202,batch-deployment-average-145-c4c5e06afa5f-86bbcb5594-rc5q8_default,batch-deployment-average-145-c4c5e06afa5f,0.900000,0,average,1742483141,6578,264,54575,false,0.926835,29.729545,79922,1723,1034261,0
1742483205,free-deployment-average-220-bdbc9bfc6e62-6f9887ff67-7dc7l_default,free-deployment-average-220-bdbc9bfc6e62,0.500000,0,average,1742483126,47518,181,31518,false,0.425391,-164.660021,630404,2833,468795,0
1742483208,free-deployment-average-251-92f0a9778029-845d9b58b7-nvwpk_default,free-deployment-average-251-92f0a9778029,0.500000,0,average,1742483129,47817,261,31078,false,0.429173,-162.467047,650981,2834,491566,0
1742483210,free-deployment-average-237-c5994abe4a07-5dc4cfb49c-fm8n5_default,free-deployment-average-237-c5994abe4a07,0.500000,0,average,1742483124,46638,264,40094,false,0.429402,-157.970448,634608,2929,479776,0
1742483213,free-deployment-average-233-d62f1d8f2614-5848c97567-wq6fb_default,free-deployment-average-233-d62f1d8f2614,0.500000,0,average,1742483132,47658,183,33914,false,0.429627,-157.501138,634262,3112,480096,0
1742483216,free-deployment-average-227-5759980cc5cb-5898646d8c-h6bcb_default,free-deployment-average-227-5759980cc5cb,0.500000,0,average,1742483138,47258,262,31076,false,0.426932,-160.286926,624416,3180,467555,0
1742483219,free-deployment-average-195-ac81edf8594b-64c765f9d-frccs_default,free-deployment-average-195-ac81edf8594b,0.500000,0,average,1742483135,47418,263,36755,false,0.430658,-154.424421,629615,3362,478793,0
1742483222,free-deployment-average-238-fb57ee9fdf9e-6884dc7d49-pnwtb_default,free-deployment-average-238-fb57ee9fdf9e,0.500000,0,average,1742483156,35018,261,30998,false,0.429722,-159.139284,641263,3476,485831,0
1742483225,batch-deployment-average-95-45538e973fea-c4779c548-tlfrr_default,batch-deployment-average-95-45538e973fea,0.900000,0,average,1742483187,1178,183,36735,false,0.926607,29.789652,80887,1851,1044609,0
1742483228,free-deployment-average-200-0c7f2a559833-556495bc6f-pc4km_default,free-deployment-average-200-0c7f2a559833,0.500000,0,average,1742483138,55858,261,34138,false,0.425774,-164.084986,630134,3576,469881,0
1742483228,free-deployment-average-190-e96dfe525187-7579f996f8-dh78f_default,free-deployment-average-190-e96dfe525187,0.500000,0,average,1742483152,44738,182,31376,false,0.429496,-164.258454,659966,3625,499575,0
1742483231,batch-deployment-average-104-fefb8eb75caa-6b57b6587f-lr95p_default,batch-deployment-average-104-fefb8eb75caa,0.900000,0,average,1742483106,11878,264,113116,false,0.926954,30.845757,82890,1284,1068172,0
1742483234,free-deployment-average-232-549b4622d08c-547fb75f-wbskt_default,free-deployment-average-232-549b4622d08c,0.500000,0,average,1742483161,41798,263,31035,false,0.429810,-161.119864,650408,3163,492662,0
1742483236,free-deployment-average-247-170c83458846-58fbfc49b7-vhcqz_default,free-deployment-average-247-170c83458846,0.500000,0,average,1742483144,61618,264,31055,false,0.424289,-169.679439,640476,3659,474717,0
1742483239,batch-deployment-average-115-e5b8757bb5e6-59f664647c-rf4zz_default,batch-deployment-average-115-e5b8757bb5e6,0.900000,0,average,1742483066,29437,281,143977,false,0.927399,31.323854,82929,607,1067096,0
1742483242,free-deployment-average-207-ce098f042ca2-865c68f547-8557g_default,free-deployment-average-207-ce098f042ca2,0.500000,0,average,1742483164,44458,263,33814,false,0.428577,-161.494043,641094,3830,483704,0
1742483245,free-deployment-average-218-ee468b86cc2d-9b56ddb48-hgzd6_default,free-deployment-average-218-ee468b86cc2d,0.500000,0,average,1742483167,47058,260,31058,false,0.427983,-168.281684,664176,3225,499350,0
1742483248,free-deployment-average-230-284359c056eb-5cd676cdb4-mx76l_default,free-deployment-average-230-284359c056eb,0.500000,0,average,1742483153,58298,180,36698,false,0.432019,-160.267796,665468,3120,508544,0
1742483251,free-deployment-average-255-60d4f796d4f4-57c5c4df4c-pvxcq_default,free-deployment-average-255-60d4f796d4f4,0.500000,0,average,1742483176,43738,260,31058,false,0.426107,-167.417483,645673,3488,481993,0
1742483253,free-deployment-average-237-c5994abe4a07-5dc4cfb49c-fbgs7_default,free-deployment-average-237-c5994abe4a07,0.500000,0,average,1742483210,41398,264,2073,false,0.415012,-197.563150,676007,3194,481850,0
1742483256,free-deployment-average-229-1ddb7fc8108e-6b474d4ddf-nrnrn_default,free-deployment-average-229-1ddb7fc8108e,0.500000,0,average,1742483182,43457,183,30817,false,0.425692,-168.547319,647655,2880,482194,0
1742483259,free-deployment-average-225-9c56dc853d91-6dc78c4dd8-6whtc_default,free-deployment-average-225-9c56dc853d91,0.500000,0,average,1742483193,29578,262,36456,false,0.430846,-162.776795,665405,3481,506342,0
1742483262,free-deployment-average-206-c338c4bcd1ab-56c7599d48-7hxw4_default,free-deployment-average-206-c338c4bcd1ab,0.500000,0,average,1742483176,52718,261,33157,false,0.426432,-169.038343,654433,3580,489214,0
1742483264,free-deployment-average-249-426e7184252c-77d84b5db5-jcg8j_default,free-deployment-average-249-426e7184252c,0.500000,0,average,1742483199,35398,263,30315,false,0.426270,-173.857204,671660,3840,501884,0
1742483267,free-deployment-average-224-bce6541dd9dd-6c46c5c76b-5nn92_default,free-deployment-average-224-bce6541dd9dd,0.500000,0,average,1742483196,35557,264,35995,false,0.427568,-167.545347,657856,3274,493819,0
1742483270,free-deployment-average-189-d46f9130862b-f7d55dcd6-vbpb8_default,free-deployment-average-189-d46f9130862b,0.500000,0,average,1742483170,46897,265,53794,false,0.440472,-143.539548,670021,3426,530153,0
1742483270,free-deployment-average-211-9c83ee22badd-6b6cc7d9c-mmv8r_default,free-deployment-average-211-9c83ee22badd,0.500000,0,average,1742483173,64237,183,33576,false,0.428207,-172.484043,682540,3421,513705,0
1742483273,free-deployment-average-175-c793764bb1b3-6bdbbc5585-v6bf5_default,free-deployment-average-175-c793764bb1b3,0.500000,0,average,1742483190,49998,264,33656,false,0.427835,-174.962420,689380,3290,517943,0
1742483276,free-deployment-average-196-2f37620ad37d-c8d756bd6-q98fx_default,free-deployment-average-196-2f37620ad37d,0.500000,0,average,1742483199,43838,261,33677,false,0.428068,-169.883052,670822,3592,504772,0
1742483279,free-deployment-average-251-92f0a9778029-845d9b58b7-rgv7x_default,free-deployment-average-251-92f0a9778029,0.500000,0,average,1742483208,40517,261,30738,false,0.429210,-172.509992,691499,3095,522305,0
1742483282,free-deployment-average-220-bdbc9bfc6e62-6f9887ff67-jwgwd_default,free-deployment-average-220-bdbc9bfc6e62,0.500000,0,average,1742483205,40678,263,36455,false,0.428395,-169.129426,671082,3097,505271,0
1742483285,batch-deployment-average-112-5d8886f68b65-557cd674f-7v8bf_default,batch-deployment-average-112-5d8886f68b65,0.900000,0,average,1742483158,15678,324,111216,false,0.923944,27.744180,87702,1163,1079564,0
1742483288,batch-deployment-average-120-d0e4aac950f1-74d49b5cdf-cl76x_default,batch-deployment-average-120-d0e4aac950f1,0.900000,0,average,1742483184,12897,163,91015,false,0.923843,27.395820,86645,1583,1070275,0
1742483290,batch-deployment-average-125-9550f1d1788c-847ff95d5d-tff2v_default,batch-deployment-average-125-9550f1d1788c,0.900000,0,average,1742483045,24797,184,220935,false,0.926750,31.367814,84674,1856,1094771,0
1742483293,free-deployment-average-233-d62f1d8f2614-5848c97567-pzz7n_default,free-deployment-average-233-d62f1d8f2614,0.500000,0,average,1742483213,49437,263,31016,false,0.426571,-176.188998,683700,3376,511112,0
1742483296,free-deployment-average-227-5759980cc5cb-5898646d8c-pv5zs_default,free-deployment-average-227-5759980cc5cb,0.500000,0,average,1742483216,49278,262,31116,false,0.424109,-178.712345,673695,3442,498672,0
1742483299,free-deployment-average-237-c5994abe4a07-5dc4cfb49c-w4lsh_default,free-deployment-average-237-c5994abe4a07,0.500000,0,average,1742483253,6599,262,39635,false,0.431855,-164.792945,682606,3457,521486,0
1742483302,free-deployment-average-238-fb57ee9fdf9e-6884dc7d49-hfnl5_default,free-deployment-average-238-fb57ee9fdf9e,0.500000,0,average,1742483222,46157,183,33956,false,0.429269,-171.521123,687420,3659,519788,0
1742483305,free-deployment-average-190-e96dfe525187-7579f996f8-ct5x6_default,free-deployment-average-190-e96dfe525187,0.500000,0,average,1742483228,43418,260,33418,false,0.429742,-174.520303,703385,3886,532994,0
1742483307,free-deployment-average-200-0c7f2a559833-556495bc6f-vbq9b_default,free-deployment-average-200-0c7f2a559833,0.500000,0,average,1742483228,46258,260,33338,false,0.425215,-177.264824,676392,3836,503220,0
1742483310,free-deployment-average-195-ac81edf8594b-64c765f9d-fdccw_default,free-deployment-average-195-ac81edf8594b,0.500000,0,average,1742483219,58098,182,33576,false,0.425688,-179.124966,687714,3544,512370,0
1742483313,free-deployment-average-247-170c83458846-58fbfc49b7-4wsfz_default,free-deployment-average-247-170c83458846,0.500000,0,average,1742483236,43858,263,33575,false,0.424799,-180.224505,684334,3922,508293,0
1742483316,free-deployment-average-232-549b4622d08c-547fb75f-cvj7m_default,free-deployment-average-232-549b4622d08c,0.500000,0,average,1742483234,48698,263,33536,false,0.428246,-176.547973,699106,3426,526198,0
1742483319,free-deployment-average-218-ee468b86cc2d-9b56ddb48-q5b9t_default,free-deployment-average-218-ee468b86cc2d,0.500000,0,average,1742483245,40537,260,33559,false,0.429382,-175.522377,704714,3486,532910,0
1742483322,free-deployment-average-255-60d4f796d4f4-57c5c4df4c-z266c_default,free-deployment-average-255-60d4f796d4f4,0.500000,0,average,1742483250,41298,264,30654,false,0.426010,-178.326542,686972,3752,512648,0
1742483325,free-deployment-average-207-ce098f042ca2-865c68f547-z67cj_default,free-deployment-average-207-ce098f042ca2,0.500000,0,average,1742483242,52117,263,30675,false,0.424516,-183.198648,693212,4094,514380,0
1742483328,batch-deployment-average-116-fc83db90153e-f684b944-k2j22_default,batch-deployment-average-116-fc83db90153e,0.900000,0,average,1742483097,24638,324,206195,false,0.923037,27.882281,92811,1019,1125340,0
1742483328,batch-deployment-average-120-d0e4aac950f1-74d49b5cdf-nj2sn_default,batch-deployment-average-120-d0e4aac950f1,0.900000,0,average,1742483287,1458,180,39561,false,0.925092,29.882458,88103,1764,1109837,0
1742483331,free-deployment-average-229-1ddb7fc8108e-6b474d4ddf-dtxdg_default,free-deployment-average-229-1ddb7fc8108e,0.500000,0,average,1742483256,40958,259,33919,false,0.427293,-175.850270,688614,3140,516114,0
1742483333,free-deployment-average-230-284359c056eb-5cd676cdb4-5p889_default,free-deployment-average-230-284359c056eb,0.500000,0,average,1742483248,51838,180,33977,false,0.429515,-178.287145,717307,3301,542541,0
1742483336,free-deployment-average-206-c338c4bcd1ab-56c7599d48-bncbm_default,free-deployment-average-206-c338c4bcd1ab,0.500000,0,average,1742483262,43518,183,31095,false,0.425777,-181.640291,697951,3763,520310,0
1742483339,free-deployment-average-249-426e7184252c-77d84b5db5-g6l5m_default,free-deployment-average-249-426e7184252c,0.500000,0,average,1742483264,44318,262,31056,false,0.425324,-187.382490,715979,4103,532941,0
1742483342,batch-deployment-average-82-b68afcdd197a-7568768cc-s4jjd_default,batch-deployment-average-82-b68afcdd197a,0.900000,0,average,1742483179,20878,262,142296,false,0.923391,28.560633,93183,1036,1135659,0
1742483345,batch-deployment-average-160-ce45c9058931-57f7986b7c-fvrbl_default,batch-deployment-average-160-ce45c9058931,0.900000,0,average,1742483048,18758,263,278696,false,0.932000,39.925292,83998,1303,1169144,0
1742483345,free-deployment-average-225-9c56dc853d91-6dc78c4dd8-qhlks_default,free-deployment-average-225-9c56dc853d91,0.500000,0,average,1742483259,52158,263,34335,false,0.428434,-180.865563,717564,3745,540678,0
1742483348,free-deployment-average-211-9c83ee22badd-6b6cc7d9c-q9ljk_default,free-deployment-average-211-9c83ee22badd,0.500000,0,average,1742483270,43998,265,34413,false,0.428773,-182.336694,726538,3687,548119,0
1742483351,free-deployment-average-224-bce6541dd9dd-6c46c5c76b-r8t5w_default,free-deployment-average-224-bce6541dd9dd,0.500000,0,average,1742483267,52677,265,31494,false,0.423850,-188.995898,710533,3540,525314,0
1742483354,free-deployment-average-196-2f37620ad37d-c8d756bd6-x9lxf_default,free-deployment-average-196-2f37620ad37d,0.500000,0,average,1742483276,46519,262,31536,false,0.426496,-185.106796,717341,3854,536331,0
1742483357,free-deployment-average-251-92f0a9778029-845d9b58b7-gjk7r_default,free-deployment-average-251-92f0a9778029,0.500000,0,average,1742483279,46398,183,31536,false,0.427681,-187.531457,737897,3278,553863,0
1742483359,free-deployment-average-175-c793764bb1b3-6bdbbc5585-kzn92_default,free-deployment-average-175-c793764bb1b3,0.500000,0,average,1742483273,43838,264,42895,false,0.432217,-176.151572,733218,3554,560858,0
1742483362,free-deployment-average-220-bdbc9bfc6e62-6f9887ff67-qdjgh_default,free-deployment-average-220-bdbc9bfc6e62,0.500000,0,average,1742483282,46618,261,33958,false,0.427862,-182.053058,717700,3358,539229,0
1742483365,free-deployment-average-227-5759980cc5cb-5898646d8c-xk97q_default,free-deployment-average-227-5759980cc5cb,0.500000,0,average,1742483296,38338,183,31156,false,0.425398,-186.073533,712033,3626,529828,0
1742483368,batch-deployment-average-127-c9c5eacfc21c-77d65d444c-2b42t_default,batch-deployment-average-127-c9c5eacfc21c,0.900000,0,average,1742483028,18397,245,322235,false,0.935033,44.089004,81117,1023,1182207,0
1742483368,free-deployment-average-233-d62f1d8f2614-5848c97567-7jw6c_default,free-deployment-average-233-d62f1d8f2614,0.500000,0,average,1742483293,38458,262,37176,false,0.430348,-177.715383,722158,3639,548309,0
1742483371,batch-deployment-average-122-419e035af17a-6c8f8b5c87-42xtj_default,batch-deployment-average-122-419e035af17a,0.900000,0,average,1742482977,26418,163,368196,false,0.935959,44.540687,78771,994,1165786,0
1742483374,free-deployment-average-200-0c7f2a559833-556495bc6f-h69m8_default,free-deployment-average-200-0c7f2a559833,0.500000,0,average,1742483307,33018,264,33994,false,0.429522,-176.553139,709411,4101,537215,0
1742483377,free-deployment-average-189-d46f9130862b-f7d55dcd6-ww8xz_default,free-deployment-average-189-d46f9130862b,0.500000,0,average,1742483270,72877,181,34039,false,0.430451,-182.555233,742899,3607,564192,0
1742483380,free-deployment-average-190-e96dfe525187-7579f996f8-2zjfm_default,free-deployment-average-190-e96dfe525187,0.500000,0,average,1742483305,44018,182,31356,false,0.428896,-187.361328,747404,4068,564351,0
1742483383,free-deployment-average-195-ac81edf8594b-64c765f9d-8th2m_default,free-deployment-average-195-ac81edf8594b,0.500000,0,average,1742483310,41778,263,31355,false,0.425775,-189.812801,729493,3807,543726,0
1742483386,free-deployment-average-247-170c83458846-58fbfc49b7-zhm9h_default,free-deployment-average-247-170c83458846,0.500000,0,average,1742483313,41620,262,31334,false,0.424982,-190.772370,725955,4184,539629,0
1742483389,free-deployment-average-238-fb57ee9fdf9e-6884dc7d49-r8rj8_default,free-deployment-average-238-fb57ee9fdf9e,0.500000,0,average,1742483302,44177,265,42634,false,0.433318,-173.331143,731598,3925,562423,0
1742483391,free-deployment-average-237-c5994abe4a07-5dc4cfb49c-xrzks_default,free-deployment-average-237-c5994abe4a07,0.500000,0,average,1742483299,58458,265,34193,false,0.427293,-189.324877,741064,3722,555681,0
1742483394,free-deployment-average-207-ce098f042ca2-865c68f547-45f2j_default,free-deployment-average-207-ce098f042ca2,0.500000,0,average,1742483324,39138,263,31355,false,0.425544,-191.243298,732350,4357,545736,0
1742483397,free-deployment-average-232-549b4622d08c-547fb75f-tdkq7_default,free-deployment-average-232-549b4622d08c,0.500000,0,average,1742483316,44298,260,36998,false,0.429827,-184.111582,743404,3687,563197,0
1742483400,free-deployment-average-218-ee468b86cc2d-9b56ddb48-mhbr7_default,free-deployment-average-218-ee468b86cc2d,0.500000,0,average,1742483319,47018,183,34195,false,0.428820,-188.505748,751732,3669,567126,0
1742483403,free-deployment-average-255-60d4f796d4f4-57c5c4df4c-x495v_default,free-deployment-average-255-60d4f796d4f4,0.500000,0,average,1742483322,47318,263,33615,false,0.425250,-192.293374,734290,4016,546264,0
1742483406,batch-deployment-average-120-d0e4aac950f1-74d49b5cdf-wvhtw_default,batch-deployment-average-120-d0e4aac950f1,0.900000,0,average,1742483328,9098,262,68676,false,0.922341,28.320721,97201,2026,1178514,0
1742483408,free-deployment-average-230-284359c056eb-5cd676cdb4-tn9mf_default,free-deployment-average-230-284359c056eb,0.500000,0,average,1742483333,44937,323,30616,false,0.428040,-192.938371,762245,3625,573158,0
1742483411,free-deployment-average-175-c793764bb1b3-6bdbbc5585-pbq9v_default,free-deployment-average-175-c793764bb1b3,0.500000,0,average,1742483359,47377,261,4878,false,0.419018,-218.913460,780596,3815,565737,0
1742483414,free-deployment-average-249-426e7184252c-77d84b5db5-xfm89_default,free-deployment-average-249-426e7184252c,0.500000,0,average,1742483339,41858,263,33235,false,0.426216,-196.269453,757837,4366,566177,0
1742483417,free-deployment-average-229-1ddb7fc8108e-6b474d4ddf-q8s74_default,free-deployment-average-229-1ddb7fc8108e,0.500000,0,average,1742483331,52698,264,33194,false,0.424504,-195.603457,741313,3405,549327,0
1742483420,free-deployment-average-224-bce6541dd9dd-6c46c5c76b-zl8w8_default,free-deployment-average-224-bce6541dd9dd,0.500000,0,average,1742483351,35538,262,33236,false,0.426888,-191.561306,746072,3802,558551,0
1742483422,free-deployment-average-225-9c56dc853d91-6dc78c4dd8-cbzrw_default,free-deployment-average-225-9c56dc853d91,0.500000,0,average,1742483345,44378,263,33116,false,0.428295,-192.371939,761942,4008,573815,0
1742483425,free-deployment-average-211-9c83ee22badd-6b6cc7d9c-w9qs6_default,free-deployment-average-211-9c83ee22badd,0.500000,0,average,1742483348,44219,262,32896,false,0.428566,-193.922920,770757,3949,581017,0
1742483428,free-deployment-average-196-2f37620ad37d-c8d756bd6-dxnsv_default,free-deployment-average-196-2f37620ad37d,0.500000,0,average,1742483354,41058,264,33274,false,0.427592,-193.156001,758400,4119,569606,0
1742483431,free-deployment-average-251-92f0a9778029-845d9b58b7-6bsjv_default,free-deployment-average-251-92f0a9778029,0.500000,0,average,1742483357,40897,263,33276,false,0.428733,-195.419192,778794,3542,587139,0
1742483434,free-deployment-average-227-5759980cc5cb-5898646d8c-6qk9k_default,free-deployment-average-227-5759980cc5cb,0.500000,0,average,1742483365,35738,183,33336,false,0.428345,-188.655089,747772,3809,563165,0
1742483436,free-deployment-average-220-bdbc9bfc6e62-6f9887ff67-ss9s8_default,free-deployment-average-220-bdbc9bfc6e62,0.500000,0,average,1742483362,41497,261,33238,false,0.428723,-190.576067,759198,3619,572467,0
1742483439,free-deployment-average-206-c338c4bcd1ab-56c7599d48-f5j2n_default,free-deployment-average-206-c338c4bcd1ab,0.500000,0,average,1742483336,41697,265,61914,false,0.439116,-161.690660,739649,4028,582224,0
1742483442,batch-deployment-average-115-e5b8757bb5e6-59f664647c-8bmzb_default,batch-deployment-average-115-e5b8757bb5e6,0.900000,0,average,1742483239,17758,263,185696,false,0.925013,33.659252,100687,870,1252793,0
1742483445,batch-deployment-average-145-c4c5e06afa5f-86bbcb5594-4542p_default,batch-deployment-average-145-c4c5e06afa5f,0.900000,0,average,1742483202,23619,282,219655,false,0.922361,30.175620,103541,2006,1253917,0
1742483448,batch-deployment-average-101-89cde830bd1e-86d6d6559-9xc8g_default,batch-deployment-average-101-89cde830bd1e,0.900000,0,average,1742483103,33158,320,311918,false,0.922829,30.976700,103288,2149,1260860,0
1742483451,free-deployment-average-233-d62f1d8f2614-5848c97567-wss62_default,free-deployment-average-233-d62f1d8f2614,0.500000,0,average,1742483368,49498,260,33477,false,0.428622,-193.998184,771657,3899,581788,0
1742483454,free-deployment-average-175-c793764bb1b3-6bdbbc5585-gzv5m_default,free-deployment-average-175-c793764bb1b3,0.500000,0,average,1742483411,9338,263,33437,false,0.430074,-195.078983,789934,4078,599174,0
1742483456,batch-deployment-average-99-37206e1ae97c-658595c8d4-8vl79_default,batch-deployment-average-99-37206e1ae97c,0.900000,0,average,1742482089,878,8,1366950,false,0.999352,135.888934,878,8,1366950,0
1742483459,free-deployment-average-195-ac81edf8594b-64c765f9d-jhnlv_default,free-deployment-average-195-ac81edf8594b,0.500000,0,average,1742483383,42977,321,33419,false,0.426333,-199.696434,772471,4129,577146,0
1742483462,free-deployment-average-189-d46f9130862b-f7d55dcd6-wdjpl_default,free-deployment-average-189-d46f9130862b,0.500000,0,average,1742483377,51897,264,33394,false,0.428000,-201.305402,794797,3872,597606,0
1742483465,free-deployment-average-247-170c83458846-58fbfc49b7-b5jsj_default,free-deployment-average-247-170c83458846,0.500000,0,average,1742483386,45738,263,33736,false,0.424879,-203.018430,771693,4447,573384,0
1742483465,free-deployment-average-200-0c7f2a559833-556495bc6f-rxqx7_default,free-deployment-average-200-0c7f2a559833,0.500000,0,average,1742483374,60578,181,31017,false,0.423271,-206.272506,769990,4283,568252,0
1742483468,free-deployment-average-237-c5994abe4a07-5dc4cfb49c-4cc5g_default,free-deployment-average-237-c5994abe4a07,0.500000,0,average,1742483391,46338,260,31138,false,0.425786,-204.786915,787403,3982,586820,0
1742483471,free-deployment-average-190-e96dfe525187-7579f996f8-wsww7_default,free-deployment-average-190-e96dfe525187,0.500000,0,average,1742483380,45778,220,45578,false,0.433373,-187.779993,793182,4289,609930,0
1742483474,free-deployment-average-255-60d4f796d4f4-57c5c4df4c-vzb56_default,free-deployment-average-255-60d4f796d4f4,0.500000,0,average,1742483403,40018,263,31135,false,0.425815,-201.439702,774308,4279,577400,0
1742483477,free-deployment-average-207-ce098f042ca2-865c68f547-8nb9p_default,free-deployment-average-207-ce098f042ca2,0.500000,0,average,1742483394,46178,263,36754,false,0.426533,-200.929955,778528,4621,582491,0
1742483480,free-deployment-average-218-ee468b86cc2d-9b56ddb48-fpt2x_default,free-deployment-average-218-ee468b86cc2d,0.500000,0,average,1742483400,45858,263,33915,false,0.428538,-200.693944,797590,3933,601062,0
1742483482,free-deployment-average-232-549b4622d08c-547fb75f-76rm8_default,free-deployment-average-232-549b4622d08c,0.500000,0,average,1742483397,51698,262,33956,false,0.427698,-202.117779,795103,3949,597154,0
1742483485,free-deployment-average-238-fb57ee9fdf9e-6884dc7d49-s6jvv_default,free-deployment-average-238-fb57ee9fdf9e,0.500000,0,average,1742483388,63578,183,33956,false,0.427309,-203.132823,795176,4108,596380,0
1742483488,batch-deployment-average-116-fc83db90153e-f684b944-gd8wv_default,batch-deployment-average-116-fc83db90153e,0.900000,0,average,1742483328,15037,321,145238,false,0.920864,28.563563,107848,1340,1270579,0
1742483491,free-deployment-average-249-426e7184252c-77d84b5db5-g96b6_default,free-deployment-average-249-426e7184252c,0.500000,0,average,1742483414,43257,183,33997,false,0.426922,-205.709005,801095,4549,600175,0
1742483494,free-deployment-average-229-1ddb7fc8108e-6b474d4ddf-ccz9z_default,free-deployment-average-229-1ddb7fc8108e,0.500000,0,average,1742483417,45898,202,31156,false,0.423317,-210.526811,787211,3607,580504,0
1742483497,free-deployment-average-230-284359c056eb-5cd676cdb4-zmxmd_default,free-deployment-average-230-284359c056eb,0.500000,0,average,1742483408,52018,265,36794,false,0.427106,-208.428750,814263,3890,609953,0
1742483499,free-deployment-average-224-bce6541dd9dd-6c46c5c76b-6xxz6_default,free-deployment-average-224-bce6541dd9dd,0.500000,0,average,1742483419,47237,266,33414,false,0.426076,-205.652255,793310,4068,591966,0
1742483502,free-deployment-average-225-9c56dc853d91-6dc78c4dd8-2wh62_default,free-deployment-average-225-9c56dc853d91,0.500000,0,average,1742483422,47118,183,33455,false,0.427498,-206.214705,809060,4192,607271,0
1742483505,batch-deployment-average-120-d0e4aac950f1-74d49b5cdf-cv977_default,batch-deployment-average-120-d0e4aac950f1,0.900000,0,average,1742483405,9658,264,90594,false,0.920805,28.445643,106859,2291,1269109,0
1742483508,free-deployment-average-196-2f37620ad37d-c8d756bd6-bdkg6_default,free-deployment-average-196-2f37620ad37d,0.500000,0,average,1742483428,46797,261,33379,false,0.426873,-206.836549,805198,4380,602985,0
1742483511,free-deployment-average-211-9c83ee22badd-6b6cc7d9c-6jbdw_default,free-deployment-average-211-9c83ee22badd,0.500000,0,average,1742483425,52618,184,33435,false,0.426130,-213.267938,823376,4134,614471,0
1742483514,free-deployment-average-251-92f0a9778029-845d9b58b7-bv2hw_default,free-deployment-average-251-92f0a9778029,0.500000,0,average,1742483431,49377,263,33477,false,0.427247,-211.585161,828172,3805,620617,0
1742483516,free-deployment-average-220-bdbc9bfc6e62-6f9887ff67-nmd4c_default,free-deployment-average-220-bdbc9bfc6e62,0.500000,0,average,1742483436,50058,260,30638,false,0.425858,-210.237853,809256,3879,603127,0
1742483519,free-deployment-average-227-5759980cc5cb-5898646d8c-lxfn2_default,free-deployment-average-227-5759980cc5cb,0.500000,0,average,1742483434,49218,263,36296,false,0.428035,-201.821309,796990,4073,599481,0
1742483522,free-deployment-average-233-d62f1d8f2614-5848c97567-htcmf_default,free-deployment-average-233-d62f1d8f2614,0.500000,0,average,1742483451,37898,264,33435,false,0.430545,-198.726916,809555,4164,615223,0
1742483525,free-deployment-average-175-c793764bb1b3-6bdbbc5585-6swk5_default,free-deployment-average-175-c793764bb1b3,0.500000,0,average,1742483453,38738,263,33436,false,0.431632,-200.645835,828672,4342,632610,0
1742483528,free-deployment-average-200-0c7f2a559833-556495bc6f-cv6rc_default,free-deployment-average-200-0c7f2a559833,0.500000,0,average,1742483465,29578,262,33517,false,0.428037,-202.595603,799568,4545,601770,0
1742483531,free-deployment-average-195-ac81edf8594b-64c765f9d-h57sd_default,free-deployment-average-195-ac81edf8594b,0.500000,0,average,1742483459,38417,262,33516,false,0.428253,-204.859875,810888,4391,610664,0
1742483534,free-deployment-average-189-d46f9130862b-f7d55dcd6-6bz2g_default,free-deployment-average-189-d46f9130862b,0.500000,0,average,1742483462,38298,181,33558,false,0.429857,-206.222423,833095,4053,631165,0
1742483536,batch-deployment-average-145-c4c5e06afa5f-86bbcb5594-gf9hj_default,batch-deployment-average-145-c4c5e06afa5f,0.900000,0,average,1742483445,9339,262,82195,false,0.920656,29.749752,112880,2268,1336113,0
1742483539,free-deployment-average-237-c5994abe4a07-5dc4cfb49c-5cx45_default,free-deployment-average-237-c5994abe4a07,0.500000,0,average,1742483468,37898,263,33475,false,0.427844,-209.455007,825301,4246,620316,0
1742483542,free-deployment-average-247-170c83458846-58fbfc49b7-z4wwn_default,free-deployment-average-247-170c83458846,0.500000,0,average,1742483465,43737,264,33435,false,0.425253,-213.584927,815431,4712,606820,0
1742483545,free-deployment-average-207-ce098f042ca2-865c68f547-rzxx7_default,free-deployment-average-207-ce098f042ca2,0.500000,0,average,1742483477,37418,261,30598,false,0.427563,-208.009963,815947,4882,613090,0
1742483548,free-deployment-average-255-60d4f796d4f4-57c5c4df4c-7qsl4_default,free-deployment-average-255-60d4f796d4f4,0.500000,0,average,1742483474,37578,260,36318,false,0.429130,-202.960964,811887,4540,613719,0
1742483550,free-deployment-average-206-c338c4bcd1ab-56c7599d48-qz52z_default,free-deployment-average-206-c338c4bcd1ab,0.500000,0,average,1742483439,78258,260,33477,false,0.428196,-206.732518,817908,4289,615703,0
1742483553,free-deployment-average-218-ee468b86cc2d-9b56ddb48-mv8t8_default,free-deployment-average-218-ee468b86cc2d,0.500000,0,average,1742483479,41138,183,33476,false,0.429501,-208.536210,838728,4116,634538,0
1742483556,batch-deployment-average-160-ce45c9058931-57f7986b7c-r2hfs_default,batch-deployment-average-160-ce45c9058931,0.900000,0,average,1742483345,29658,223,181755,false,0.921434,31.206383,113656,1527,1350901,0
1742483559,free-deployment-average-238-fb57ee9fdf9e-6884dc7d49-dxrbn_default,free-deployment-average-238-fb57ee9fdf9e,0.500000,0,average,1742483485,40818,265,33314,false,0.428353,-210.882957,835994,4373,629715,0
1742483562,free-deployment-average-232-549b4622d08c-547fb75f-92cqz_default,free-deployment-average-232-549b4622d08c,0.500000,0,average,1742483482,46658,263,33155,false,0.426957,-215.886214,841761,4213,630310,0
1742483565,free-deployment-average-190-e96dfe525187-7579f996f8-7tlmd_default,free-deployment-average-190-e96dfe525187,0.500000,0,average,1742483471,60498,264,33554,false,0.428499,-214.989767,853680,4554,643484,0
1742483568,free-deployment-average-229-1ddb7fc8108e-6b474d4ddf-lpwvc_default,free-deployment-average-229-1ddb7fc8108e,0.500000,0,average,1742483494,40338,183,33556,false,0.424846,-217.470420,827549,3791,614081,0
1742483570,free-deployment-average-249-426e7184252c-77d84b5db5-bjh6x_default,free-deployment-average-249-426e7184252c,0.500000,0,average,1742483491,46098,263,33555,false,0.426543,-218.516522,847193,4813,633731,0
1742483573,free-deployment-average-224-bce6541dd9dd-6c46c5c76b-97rsg_default,free-deployment-average-224-bce6541dd9dd,0.500000,0,average,1742483499,43777,264,30715,false,0.425307,-218.959405,837088,4332,622702,0
1742483576,free-deployment-average-230-284359c056eb-5cd676cdb4-ss6kw_default,free-deployment-average-230-284359c056eb,0.500000,0,average,1742483497,42938,263,36356,false,0.428683,-215.275666,857201,4153,646309,0
1742483579,free-deployment-average-225-9c56dc853d91-6dc78c4dd8-9fpms_default,free-deployment-average-225-9c56dc853d91,0.500000,0,average,1742483502,43618,261,33818,false,0.427900,-216.276744,852678,4453,641090,0
1742483579,batch-deployment-average-82-b68afcdd197a-7568768cc-p88nc_default,batch-deployment-average-82-b68afcdd197a,0.900000,0,average,1742483342,24177,324,213236,false,0.919107,27.815060,117361,1360,1348915,0
1742483582,free-deployment-average-211-9c83ee22badd-6b6cc7d9c-r2mvb_default,free-deployment-average-211-9c83ee22badd,0.500000,0,average,1742483511,37458,261,33897,false,0.428363,-217.091203,860834,4395,648370,0
1742483585,free-deployment-average-196-2f37620ad37d-c8d756bd6-gvb8r_default,free-deployment-average-196-2f37620ad37d,0.500000,0,average,1742483508,43337,183,33935,false,0.427458,-216.418608,848536,4563,636921,0
1742483588,batch-deployment-average-115-e5b8757bb5e6-59f664647c-mh4sd_default,batch-deployment-average-115-e5b8757bb5e6,0.900000,0,average,1742483442,21057,24,125095,false,0.918269,27.233593,121745,895,1377889,0
1742483591,batch-deployment-average-122-419e035af17a-6c8f8b5c87-w44c2_default,batch-deployment-average-122-419e035af17a,0.900000,0,average,1742483371,38378,244,181614,false,0.919232,27.942052,117149,1239,1347402,0
1742483591,free-deployment-average-220-bdbc9bfc6e62-6f9887ff67-8fszd_default,free-deployment-average-220-bdbc9bfc6e62,0.500000,0,average,1742483516,41017,263,33996,false,0.427158,-217.524134,850274,4143,637124,0
1742483594,free-deployment-average-251-92f0a9778029-845d9b58b7-77ksr_default,free-deployment-average-251-92f0a9778029,0.500000,0,average,1742483514,48498,220,31520,false,0.425446,-228.782982,876671,4025,652137,0
1742483597,free-deployment-average-233-d62f1d8f2614-5848c97567-8l9xk_default,free-deployment-average-233-d62f1d8f2614,0.500000,0,average,1742483522,43617,183,31276,false,0.429848,-211.249563,853173,4347,646500,0
1742483599,free-deployment-average-255-60d4f796d4f4-57c5c4df4c-zrfxl_default,free-deployment-average-255-60d4f796d4f4,0.500000,0,average,1742483548,49417,264,2074,false,0.415542,-250.568935,861305,4805,615794,0
1742483602,free-deployment-average-200-0c7f2a559833-556495bc6f-djfds_default,free-deployment-average-200-0c7f2a559833,0.500000,0,average,1742483528,43218,263,30955,false,0.427425,-215.122174,842786,4808,632726,0
1742483605,free-deployment-average-175-c793764bb1b3-6bdbbc5585-qghlt_default,free-deployment-average-175-c793764bb1b3,0.500000,0,average,1742483525,43377,264,36596,false,0.432902,-207.691930,872050,4606,669207,0
1742483608,free-deployment-average-195-ac81edf8594b-64c765f9d-4g979_default,free-deployment-average-195-ac81edf8594b,0.500000,0,average,1742483531,43057,263,33797,false,0.428766,-214.384188,853946,4655,644462,0
1742483610,free-deployment-average-189-d46f9130862b-f7d55dcd6-6fln4_default,free-deployment-average-189-d46f9130862b,0.500000,0,average,1742483533,43938,182,33816,false,0.430061,-216.523578,877033,4236,664982,0
1742483613,free-deployment-average-247-170c83458846-58fbfc49b7-5xrwn_default,free-deployment-average-247-170c83458846,0.500000,0,average,1742483542,38078,262,33416,false,0.427197,-218.488947,853509,4975,640257,0
1742483616,free-deployment-average-227-5759980cc5cb-5898646d8c-mtdn6_default,free-deployment-average-227-5759980cc5cb,0.500000,0,average,1742483519,43697,324,53616,false,0.435934,-192.210928,840687,4397,653118,0
1742483619,free-deployment-average-237-c5994abe4a07-5dc4cfb49c-m4b62_default,free-deployment-average-237-c5994abe4a07,0.500000,0,average,1742483539,49398,180,30898,false,0.425535,-228.133704,874700,4426,651214,0
1742483622,free-deployment-average-207-ce098f042ca2-865c68f547-p64jq_default,free-deployment-average-207-ce098f042ca2,0.500000,0,average,1742483545,40758,183,36375,false,0.429758,-212.571046,856705,5065,649466,0
1742483625,free-deployment-average-206-c338c4bcd1ab-56c7599d48-bpmg6_default,free-deployment-average-206-c338c4bcd1ab,0.500000,0,average,1742483550,41697,264,33095,false,0.428828,-215.599881,859605,4553,648799,0
1742483627,free-deployment-average-218-ee468b86cc2d-9b56ddb48-rwpcq_default,free-deployment-average-218-ee468b86cc2d,0.500000,0,average,1742483553,41538,262,33116,false,0.430107,-217.222192,880267,4379,667655,0
1742483630,batch-deployment-average-115-e5b8757bb5e6-59f664647c-5gg6q_default,batch-deployment-average-115-e5b8757bb5e6,0.900000,0,average,1742483588,558,320,41838,false,0.919963,30.604878,122303,1215,1419747,0
1742483633,batch-deployment-average-82-b68afcdd197a-7568768cc-5bsbv_default,batch-deployment-average-82-b68afcdd197a,0.900000,0,average,1742483579,3918,264,50415,false,0.919260,29.086904,121279,1624,1399331,0
1742483636,batch-deployment-average-116-fc83db90153e-f684b944-hfcd5_default,batch-deployment-average-116-fc83db90153e,0.900000,0,average,1742483488,15058,180,133198,false,0.918579,28.174718,122907,1521,1403778,0
1742483639,free-deployment-average-232-549b4622d08c-547fb75f-s76gc_default,free-deployment-average-232-549b4622d08c,0.500000,0,average,1742483561,44578,264,33394,false,0.426958,-227.316893,886340,4478,663725,0
1742483642,free-deployment-average-238-fb57ee9fdf9e-6884dc7d49-dz58q_default,free-deployment-average-238-fb57ee9fdf9e,0.500000,0,average,1742483559,49417,263,33416,false,0.426958,-227.129204,885412,4637,663152,0
1742483645,batch-deployment-average-127-c9c5eacfc21c-77d65d444c-6pvkd_default,batch-deployment-average-127-c9c5eacfc21c,0.900000,0,average,1742483368,41217,183,235856,false,0.919862,30.417635,122334,1207,1418067,0
1742483645,free-deployment-average-255-60d4f796d4f4-57c5c4df4c-pxhs4_default,free-deployment-average-255-60d4f796d4f4,0.500000,0,average,1742483599,12258,260,33778,false,0.425057,-229.309627,873563,5066,649572,0
1742483648,free-deployment-average-190-e96dfe525187-7579f996f8-2zwrr_default,free-deployment-average-190-e96dfe525187,0.500000,0,average,1742483565,51938,263,31015,false,0.425569,-236.176854,905618,4817,674500,0
1742483650,free-deployment-average-249-426e7184252c-77d84b5db5-zxndm_default,free-deployment-average-249-426e7184252c,0.500000,0,average,1742483570,49777,263,30835,false,0.424206,-237.723216,896971,5077,664567,0
1742483653,free-deployment-average-224-bce6541dd9dd-6c46c5c76b-gvj89_default,free-deployment-average-224-bce6541dd9dd,0.500000,0,average,1742483573,49618,183,30936,false,0.423105,-237.820998,886706,4516,653639,0
1742483656,free-deployment-average-230-284359c056eb-5cd676cdb4-l9q6k_default,free-deployment-average-230-284359c056eb,0.500000,0,average,1742483576,49378,262,31356,false,0.426571,-233.541666,906580,4415,677686,0
1742483659,free-deployment-average-229-1ddb7fc8108e-6b474d4ddf-chzxn_default,free-deployment-average-229-1ddb7fc8108e,0.500000,0,average,1742483567,47099,261,45257,false,0.428688,-219.575978,874648,4052,659338,0
1742483662,free-deployment-average-225-9c56dc853d91-6dc78c4dd8-vsnd6_default,free-deployment-average-225-9c56dc853d91,0.500000,0,average,1742483579,49218,263,34235,false,0.426897,-231.524045,901897,4717,675326,0
1742483665,free-deployment-average-251-92f0a9778029-845d9b58b7-ppt9j_default,free-deployment-average-251-92f0a9778029,0.500000,0,average,1742483594,39898,263,31436,false,0.426053,-237.510575,916569,4289,683574,0
1742483668,free-deployment-average-196-2f37620ad37d-c8d756bd6-8q6ct_default,free-deployment-average-196-2f37620ad37d,0.500000,0,average,1742483585,51738,264,31435,false,0.424769,-236.987331,900274,4828,668357,0
1742483671,free-deployment-average-211-9c83ee22badd-6b6cc7d9c-ccqkw_default,free-deployment-average-211-9c83ee22badd,0.500000,0,average,1742483582,49058,262,39936,false,0.429425,-226.476856,909893,4658,688307,0
1742483674,batch-deployment-average-120-d0e4aac950f1-74d49b5cdf-tlx2b_default,batch-deployment-average-120-d0e4aac950f1,0.900000,0,average,1742483505,17898,264,151254,false,0.917738,27.220884,124758,2556,1420364,0
1742483674,free-deployment-average-220-bdbc9bfc6e62-6f9887ff67-795kf_default,free-deployment-average-220-bdbc9bfc6e62,0.500000,0,average,1742483591,48617,264,34574,false,0.426476,-231.833747,898892,4408,671699,0
1742483677,free-deployment-average-200-0c7f2a559833-556495bc6f-gh8sz_default,free-deployment-average-200-0c7f2a559833,0.500000,0,average,1742483602,43797,265,31395,false,0.426874,-227.790791,886584,5074,664121,0
1742483680,batch-deployment-average-101-89cde830bd1e-86d6d6559-nhmpt_default,batch-deployment-average-101-89cde830bd1e,0.900000,0,average,1742483448,23878,260,208118,false,0.918941,30.059781,127167,2409,1468979,0
1742483683,batch-deployment-average-125-9550f1d1788c-847ff95d5d-pwwtg_default,batch-deployment-average-125-9550f1d1788c,0.900000,0,average,1742483290,35557,245,357374,false,0.922302,34.880977,120231,2101,1452146,0
1742483686,free-deployment-average-237-c5994abe4a07-5dc4cfb49c-p6kqx_default,free-deployment-average-237-c5994abe4a07,0.500000,0,average,1742483619,35177,342,31517,false,0.427408,-232.141379,909877,4769,682732,0
1742483688,free-deployment-average-189-d46f9130862b-f7d55dcd6-jnrfs_default,free-deployment-average-189-d46f9130862b,0.500000,0,average,1742483610,44497,321,34077,false,0.430158,-227.249449,921531,4558,699080,0
1742483691,batch-deployment-average-112-5d8886f68b65-557cd674f-45t6b_default,batch-deployment-average-112-5d8886f68b65,0.900000,0,average,1742483285,17598,261,388798,false,0.932242,50.547607,105301,1424,1468381,0
1742483694,free-deployment-average-247-170c83458846-58fbfc49b7-nzvcm_default,free-deployment-average-247-170c83458846,0.500000,0,average,1742483613,50058,260,31159,false,0.424896,-237.628220,903568,5235,671437,0
1742483697,free-deployment-average-175-c793764bb1b3-6bdbbc5585-ffk4v_default,free-deployment-average-175-c793764bb1b3,0.500000,0,average,1742483605,60897,260,31178,false,0.427534,-237.671846,932948,4866,700386,0
1742483700,free-deployment-average-233-d62f1d8f2614-5848c97567-cjpmd_default,free-deployment-average-233-d62f1d8f2614,0.500000,0,average,1742483596,64018,223,39894,false,0.426821,-235.596250,917191,4571,686395,0
1742483702,free-deployment-average-207-ce098f042ca2-865c68f547-8kdrt_default,free-deployment-average-207-ce098f042ca2,0.500000,0,average,1742483622,49618,180,31138,false,0.427469,-231.227080,906323,5246,680605,0
1742483705,free-deployment-average-206-c338c4bcd1ab-56c7599d48-d4ljk_default,free-deployment-average-206-c338c4bcd1ab,0.500000,0,average,1742483625,43738,263,36895,false,0.430218,-222.687871,903343,4817,685714,0
1742483708,free-deployment-average-195-ac81edf8594b-64c765f9d-7l7kx_default,free-deployment-average-195-ac81edf8594b,0.500000,0,average,1742483608,52218,243,48276,false,0.431936,-218.568243,906164,4899,692740,0
1742483711,free-deployment-average-232-549b4622d08c-547fb75f-q78dr_default,free-deployment-average-232-549b4622d08c,0.500000,0,average,1742483639,38838,260,33778,false,0.428601,-232.619382,925178,4738,697523,0
1742483711,free-deployment-average-218-ee468b86cc2d-9b56ddb48-c6pjv_default,free-deployment-average-218-ee468b86cc2d,0.500000,0,average,1742483627,53678,260,30979,false,0.426720,-240.182503,933945,4639,698635,0
1742483714,free-deployment-average-190-e96dfe525187-7579f996f8-25zn2_default,free-deployment-average-190-e96dfe525187,0.500000,0,average,1742483648,35518,263,31095,false,0.427165,-240.863375,941137,5080,705596,0
1742483717,batch-deployment-average-120-d0e4aac950f1-74d49b5cdf-njz77_default,batch-deployment-average-120-d0e4aac950f1,0.900000,0,average,1742483674,919,263,42535,false,0.919255,30.407519,125677,2819,1462899,0
1742483720,free-deployment-average-249-426e7184252c-77d84b5db5-r6v8l_default,free-deployment-average-249-426e7184252c,0.500000,0,average,1742483650,36358,264,33855,false,0.426631,-240.471192,933329,5341,698442,0
1742483723,free-deployment-average-224-bce6541dd9dd-6c46c5c76b-htj6q_default,free-deployment-average-224-bce6541dd9dd,0.500000,0,average,1742483653,38958,260,30978,false,0.423903,-246.042780,925665,4776,684637,0
1742483725,free-deployment-average-238-fb57ee9fdf9e-6884dc7d49-8fk4w_default,free-deployment-average-238-fb57ee9fdf9e,0.500000,0,average,1742483642,47198,182,36275,false,0.427306,-238.212236,932610,4819,699448,0
1742483728,free-deployment-average-255-60d4f796d4f4-57c5c4df4c-4mcj9_default,free-deployment-average-255-60d4f796d4f4,0.500000,0,average,1742483645,49798,260,33477,false,0.423797,-245.891378,923362,5326,683051,0
1742483731,free-deployment-average-230-284359c056eb-5cd676cdb4-tclsl_default,free-deployment-average-230-284359c056eb,0.500000,0,average,1742483656,41679,183,34135,false,0.427603,-241.266014,948259,4599,711822,0
1742483734,batch-deployment-average-115-e5b8757bb5e6-59f664647c-cbshg_default,batch-deployment-average-115-e5b8757bb5e6,0.900000,0,average,1742483630,12418,200,92217,false,0.917397,28.469607,134721,1416,1511965,0
1742483737,free-deployment-average-251-92f0a9778029-845d9b58b7-lcv4n_default,free-deployment-average-251-92f0a9778029,0.500000,0,average,1742483665,38358,262,34056,false,0.427897,-242.076197,954927,4552,717631,0
1742483740,free-deployment-average-225-9c56dc853d91-6dc78c4dd8-w7wrl_default,free-deployment-average-225-9c56dc853d91,0.500000,0,average,1742483662,47078,180,31178,false,0.425516,-247.580946,948975,4898,706525,0
1742483743,free-deployment-average-227-5759980cc5cb-5898646d8c-8pnmv_default,free-deployment-average-227-5759980cc5cb,0.500000,0,average,1742483616,90198,262,36816,false,0.424450,-245.856464,930886,4660,689935,0
1742483745,free-deployment-average-207-ce098f042ca2-865c68f547-7mbss_default,free-deployment-average-207-ce098f042ca2,0.500000,0,average,1742483702,41617,263,2116,false,0.417267,-270.992266,947941,5510,682721,0
1742483748,free-deployment-average-229-1ddb7fc8108e-6b474d4ddf-jr8jp_default,free-deployment-average-229-1ddb7fc8108e,0.500000,0,average,1742483659,56178,264,33194,false,0.425480,-242.807561,930827,4317,692553,0
1742483751,free-deployment-average-220-bdbc9bfc6e62-6f9887ff67-r2z82_default,free-deployment-average-220-bdbc9bfc6e62,0.500000,0,average,1742483674,44018,182,33276,false,0.426618,-242.755325,942910,4591,704976,0
1742483754,free-deployment-average-211-9c83ee22badd-6b6cc7d9c-mdc27_default,free-deployment-average-211-9c83ee22badd,0.500000,0,average,1742483671,49777,184,33356,false,0.427995,-243.060552,959670,4842,721682,0
1742483757,free-deployment-average-196-2f37620ad37d-c8d756bd6-c9pjh_default,free-deployment-average-196-2f37620ad37d,0.500000,0,average,1742483668,44337,264,44517,false,0.428776,-237.072769,944611,5092,712874,0
1742483759,batch-deployment-average-116-fc83db90153e-f684b944-wjgg5_default,batch-deployment-average-116-fc83db90153e,0.900000,0,average,1742483636,6580,322,117015,false,0.920507,33.650474,129488,1843,1520793,0
1742483762,free-deployment-average-237-c5994abe4a07-5dc4cfb49c-tlwj4_default,free-deployment-average-237-c5994abe4a07,0.500000,0,average,1742483685,44138,283,33316,false,0.427469,-243.228623,954015,5052,716069,0
1742483765,free-deployment-average-200-0c7f2a559833-556495bc6f-trksk_default,free-deployment-average-200-0c7f2a559833,0.500000,0,average,1742483677,55298,262,32996,false,0.423951,-250.354814,941882,5337,697119,0
1742483768,free-deployment-average-189-d46f9130862b-f7d55dcd6-hqmkr_default,free-deployment-average-189-d46f9130862b,0.500000,0,average,1742483688,49977,184,30275,false,0.427622,-247.133850,971509,4742,729355,0
1742483771,free-deployment-average-175-c793764bb1b3-6bdbbc5585-gqdtc_default,free-deployment-average-175-c793764bb1b3,0.500000,0,average,1742483697,38138,263,35875,false,0.429939,-240.198700,971086,5130,736262,0
1742483774,free-deployment-average-233-d62f1d8f2614-5848c97567-89lbx_default,free-deployment-average-233-d62f1d8f2614,0.500000,0,average,1742483700,40737,264,33115,false,0.427701,-243.483847,957929,4836,719511,0
1742483776,free-deployment-average-247-170c83458846-58fbfc49b7-nmkn4_default,free-deployment-average-247-170c83458846,0.500000,0,average,1742483694,35377,323,47216,false,0.432108,-226.097108,938946,5559,718672,0
1742483779,batch-deployment-average-120-d0e4aac950f1-74d49b5cdf-7rv6f_default,batch-deployment-average-120-d0e4aac950f1,0.900000,0,average,1742483717,9017,261,53518,false,0.916711,27.406673,134695,3080,1516419,0
1742483782,free-deployment-average-218-ee468b86cc2d-9b56ddb48-fb9wl_default,free-deployment-average-218-ee468b86cc2d,0.500000,0,average,1742483711,40778,262,30596,false,0.426736,-250.628100,974724,4901,729231,0
1742483785,batch-deployment-average-125-9550f1d1788c-847ff95d5d-sj8cv_default,batch-deployment-average-125-9550f1d1788c,0.900000,0,average,1742483683,17438,263,84855,false,0.916499,27.433794,137669,2365,1537023,0
1742483788,free-deployment-average-190-e96dfe525187-7579f996f8-gj2c6_default,free-deployment-average-190-e96dfe525187,0.500000,0,average,1742483714,40617,265,33534,false,0.428176,-248.212849,981755,5345,739131,0
1742483788,batch-deployment-average-122-419e035af17a-6c8f8b5c87-2w87g_default,batch-deployment-average-122-419e035af17a,0.900000,0,average,1742483591,11738,263,185457,false,0.921605,35.684364,128887,1502,1532859,0
1742483791,free-deployment-average-207-ce098f042ca2-865c68f547-vc4mk_default,free-deployment-average-207-ce098f042ca2,0.500000,0,average,1742483745,12458,181,33777,false,0.425831,-249.850077,960399,5691,716499,0
1742483794,free-deployment-average-232-549b4622d08c-547fb75f-pvw5b_default,free-deployment-average-232-549b4622d08c,0.500000,0,average,1742483711,52058,262,30937,false,0.425827,-254.004273,977237,5000,728461,0
1742483797,free-deployment-average-249-426e7184252c-77d84b5db5-dp7vw_default,free-deployment-average-249-426e7184252c,0.500000,0,average,1742483720,45898,264,30894,false,0.425475,-255.740393,979227,5606,729337,0
1742483799,free-deployment-average-224-bce6541dd9dd-6c46c5c76b-nsljq_default,free-deployment-average-224-bce6541dd9dd,0.500000,0,average,1742483723,37218,262,39437,false,0.427941,-244.086760,962883,5038,724075,0
1742483802,free-deployment-average-255-60d4f796d4f4-57c5c4df4c-v2bjn_default,free-deployment-average-255-60d4f796d4f4,0.500000,0,average,1742483728,40738,263,33735,false,0.425027,-253.137992,964100,5590,716807,0
1742483805,free-deployment-average-206-c338c4bcd1ab-56c7599d48-xv5nw_default,free-deployment-average-206-c338c4bcd1ab,0.500000,0,average,1742483705,66578,263,33696,false,0.424578,-255.834451,969922,5081,719410,0
1742483808,free-deployment-average-238-fb57ee9fdf9e-6884dc7d49-qv54j_default,free-deployment-average-238-fb57ee9fdf9e,0.500000,0,average,1742483725,49418,260,33738,false,0.426198,-254.153539,982029,5080,733187,0
1742483811,free-deployment-average-195-ac81edf8594b-64c765f9d-g4d4v_default,free-deployment-average-195-ac81edf8594b,0.500000,0,average,1742483708,69258,260,33798,false,0.425593,-254.290172,975423,5159,726538,0
1742483814,batch-deployment-average-120-d0e4aac950f1-74d49b5cdf-xk9bs_default,batch-deployment-average-120-d0e4aac950f1,0.900000,0,average,1742483779,1177,183,33776,false,0.917638,29.562615,135873,3264,1550195,0
1742483817,free-deployment-average-230-284359c056eb-5cd676cdb4-cr5dc_default,free-deployment-average-230-284359c056eb,0.500000,0,average,1742483731,54738,183,31095,false,0.424356,-265.089049,1002997,4782,742918,0
1742483819,free-deployment-average-225-9c56dc853d91-6dc78c4dd8-6rxv4_default,free-deployment-average-225-9c56dc853d91,0.500000,0,average,1742483740,43018,262,36576,false,0.427007,-254.286446,991993,5161,743102,0
1742483822,free-deployment-average-227-5759980cc5cb-5898646d8c-4gs66_default,free-deployment-average-227-5759980cc5cb,0.500000,0,average,1742483743,48797,181,30638,false,0.422599,-264.193185,979683,4841,720573,0
1742483825,free-deployment-average-251-92f0a9778029-845d9b58b7-4xtfr_default,free-deployment-average-251-92f0a9778029,0.500000,0,average,1742483737,57558,263,30596,false,0.423798,-269.302761,1012485,4815,748227,0
1742483828,batch-deployment-average-125-9550f1d1788c-847ff95d5d-jcpqn_default,batch-deployment-average-125-9550f1d1788c,0.900000,0,average,1742483785,898,162,42236,false,0.917984,30.709502,138568,2528,1579260,0
1742483831,free-deployment-average-229-1ddb7fc8108e-6b474d4ddf-cnwhc_default,free-deployment-average-229-1ddb7fc8108e,0.500000,0,average,1742483748,49398,262,33477,false,0.424372,-258.993309,980226,4579,726030,0
1742483833,free-deployment-average-220-bdbc9bfc6e62-6f9887ff67-rx9hw_default,free-deployment-average-220-bdbc9bfc6e62,0.500000,0,average,1742483751,49238,263,33456,false,0.425503,-258.801424,992148,4854,738432,0
1742483836,free-deployment-average-211-9c83ee22badd-6b6cc7d9c-l9n46_default,free-deployment-average-211-9c83ee22badd,0.500000,0,average,1742483754,49118,181,33478,false,0.426892,-258.880173,1008788,5023,755160,0
1742483839,batch-deployment-average-82-b68afcdd197a-7568768cc-v45cp_default,batch-deployment-average-82-b68afcdd197a,0.900000,0,average,1742483633,18297,224,188314,false,0.918206,31.248810,139577,1849,1587646,0
1742483839,batch-deployment-average-99-37206e1ae97c-658595c8d4-wfnch_default,batch-deployment-average-99-37206e1ae97c,0.900000,0,average,1742483456,141657,244,241975,false,0.918487,32.258497,142536,252,1608946,0
1742483842,free-deployment-average-200-0c7f2a559833-556495bc6f-2hwtq_default,free-deployment-average-200-0c7f2a559833,0.500000,0,average,1742483765,46638,262,30937,false,0.422754,-266.318930,988521,5600,728056,0
1742483845,free-deployment-average-196-2f37620ad37d-c8d756bd6-tvtvq_default,free-deployment-average-196-2f37620ad37d,0.500000,0,average,1742483757,57478,260,30898,false,0.424724,-263.894684,1002090,5353,743792,0
1742483848,free-deployment-average-189-d46f9130862b-f7d55dcd6-c8bdw_default,free-deployment-average-189-d46f9130862b,0.500000,0,average,1742483768,49318,263,31015,false,0.425691,-265.700570,1020827,5006,760371,0
1742483851,free-deployment-average-233-d62f1d8f2614-5848c97567-fvbb9_default,free-deployment-average-233-d62f1d8f2614,0.500000,0,average,1742483774,46157,184,31014,false,0.426524,-258.808736,1004087,5020,750527,0
1742483854,free-deployment-average-175-c793764bb1b3-6bdbbc5585-l77hd_default,free-deployment-average-175-c793764bb1b3,0.500000,0,average,1742483771,51918,263,30995,false,0.427285,-261.386519,1023005,5394,767258,0
1742483856,free-deployment-average-237-c5994abe4a07-5dc4cfb49c-bnfhd_default,free-deployment-average-237-c5994abe4a07,0.500000,0,average,1742483762,46798,263,47896,false,0.431602,-242.374928,1000813,5316,763986,0
1742483859,free-deployment-average-218-ee468b86cc2d-9b56ddb48-cpdnc_default,free-deployment-average-218-ee468b86cc2d,0.500000,0,average,1742483782,43757,262,33817,false,0.427073,-260.832699,1018482,5164,763049,0
1742483862,free-deployment-average-190-e96dfe525187-7579f996f8-4gwvf_default,free-deployment-average-190-e96dfe525187,0.500000,0,average,1742483788,40598,263,33896,false,0.429224,-255.178648,1022353,5609,773027,0
1742483865,free-deployment-average-232-549b4622d08c-547fb75f-dqc6n_default,free-deployment-average-232-549b4622d08c,0.500000,0,average,1742483794,37438,260,33898,false,0.427740,-257.805603,1014675,5261,762360,0
1742483868,free-deployment-average-249-426e7184252c-77d84b5db5-94w4p_default,free-deployment-average-249-426e7184252c,0.500000,0,average,1742483797,40157,184,30996,false,0.425836,-265.082794,1019385,5790,760334,0
1742483871,free-deployment-average-207-ce098f042ca2-865c68f547-6c9q6_default,free-deployment-average-207-ce098f042ca2,0.500000,0,average,1742483791,43277,260,36659,false,0.427254,-256.729490,1003677,5952,753158,0
1742483874,batch-deployment-average-115-e5b8757bb5e6-59f664647c-fgd6z_default,batch-deployment-average-115-e5b8757bb5e6,0.900000,0,average,1742483734,14938,262,124836,false,0.915365,27.264647,149660,1679,1636802,0
1742483877,batch-deployment-average-160-ce45c9058931-57f7986b7c-stf59_default,batch-deployment-average-160-ce45c9058931,0.900000,0,average,1742483556,21097,243,299915,false,0.923615,41.987420,134754,1771,1650817,0
1742483877,free-deployment-average-206-c338c4bcd1ab-56c7599d48-fv9c9_default,free-deployment-average-206-c338c4bcd1ab,0.500000,0,average,1742483805,38217,264,33815,false,0.426350,-260.482262,1008139,5345,753245,0
1742483880,free-deployment-average-247-170c83458846-58fbfc49b7-2qtv7_default,free-deployment-average-247-170c83458846,0.500000,0,average,1742483776,72898,183,31256,false,0.424291,-267.897437,1011844,5742,749950,0
1742483883,free-deployment-average-230-284359c056eb-5cd676cdb4-5ffvp_default,free-deployment-average-230-284359c056eb,0.500000,0,average,1742483816,35658,264,31255,false,0.425867,-269.757833,1038656,5046,774173,0
1742483886,free-deployment-average-238-fb57ee9fdf9e-6884dc7d49-l2jvr_default,free-deployment-average-238-fb57ee9fdf9e,0.500000,0,average,1742483808,46537,183,31295,false,0.425111,-269.577573,1028567,5264,764482,0
1742483888,free-deployment-average-255-60d4f796d4f4-57c5c4df4c-f4b84_default,free-deployment-average-255-60d4f796d4f4,0.500000,0,average,1742483802,44058,260,42518,false,0.428197,-254.918296,1008159,5851,759346,0
1742483891,batch-deployment-average-122-419e035af17a-6c8f8b5c87-kph77_default,batch-deployment-average-122-419e035af17a,0.900000,0,average,1742483788,17877,262,85480,false,0.915936,27.904124,146765,1764,1618340,0
1742483894,free-deployment-average-251-92f0a9778029-845d9b58b7-jb6sf_default,free-deployment-average-251-92f0a9778029,0.500000,0,average,1742483825,35218,263,33976,false,0.426273,-270.808584,1047704,5078,782204,0
1742483897,free-deployment-average-195-ac81edf8594b-64c765f9d-8rk8t_default,free-deployment-average-195-ac81edf8594b,0.500000,0,average,1742483811,54898,183,31215,false,0.422526,-278.133379,1030321,5342,757774,0
1742483900,free-deployment-average-224-bce6541dd9dd-6c46c5c76b-27bxh_default,free-deployment-average-224-bce6541dd9dd,0.500000,0,average,1742483799,64058,264,36813,false,0.424341,-271.577057,1026942,5302,760909,0
1742483902,free-deployment-average-227-5759980cc5cb-5898646d8c-lm6w2_default,free-deployment-average-227-5759980cc5cb,0.500000,0,average,1742483822,46660,258,34059,false,0.422509,-277.052944,1026344,5099,754633,0
1742483906,batch-deployment-average-115-e5b8757bb5e6-59f664647c-s8c5h_default,batch-deployment-average-115-e5b8757bb5e6,0.900000,0,average,1742483873,1457,181,31519,false,0.916006,28.944276,151117,1861,1668322,0
1742483906,free-deployment-average-225-9c56dc853d91-6dc78c4dd8-4nk76_default,free-deployment-average-225-9c56dc853d91,0.500000,0,average,1742483819,52498,263,34436,false,0.425477,-272.612609,1044491,5425,777539,0
1742483909,free-deployment-average-220-bdbc9bfc6e62-6f9887ff67-vnnp4_default,free-deployment-average-220-bdbc9bfc6e62,0.500000,0,average,1742483833,44798,261,31098,false,0.424788,-272.743819,1036946,5115,769551,0
1742483912,batch-deployment-average-127-c9c5eacfc21c-77d65d444c-sxxl8_default,batch-deployment-average-127-c9c5eacfc21c,0.900000,0,average,1742483645,26777,285,240274,false,0.916744,30.075659,149112,1493,1658341,0
1742483912,free-deployment-average-229-1ddb7fc8108e-6b474d4ddf-qxgg8_default,free-deployment-average-229-1ddb7fc8108e,0.500000,0,average,1742483831,49638,263,31475,false,0.422665,-277.421919,1029864,4843,757506,0
1742483915,batch-deployment-average-145-c4c5e06afa5f-86bbcb5594-rv662_default,batch-deployment-average-145-c4c5e06afa5f,0.900000,0,average,1742483536,18098,263,361356,false,0.927082,49.356492,130978,2532,1697470,0
1742483915,free-deployment-average-200-0c7f2a559833-556495bc6f-hp5k2_default,free-deployment-average-200-0c7f2a559833,0.500000,0,average,1742483842,41478,263,32016,false,0.423218,-276.044876,1029999,5863,760073,0
1742483918,free-deployment-average-211-9c83ee22badd-6b6cc7d9c-bbs2p_default,free-deployment-average-211-9c83ee22badd,0.500000,0,average,1742483836,50318,260,32118,false,0.425172,-277.341970,1059107,5284,787279,0
1742483921,free-deployment-average-196-2f37620ad37d-c8d756bd6-sdhbz_default,free-deployment-average-196-2f37620ad37d,0.500000,0,average,1742483845,44158,181,32136,false,0.424536,-276.095538,1046249,5535,775929,0
1742483924,batch-deployment-average-125-9550f1d1788c-847ff95d5d-n9swn_default,batch-deployment-average-125-9550f1d1788c,0.900000,0,average,1742483828,12297,264,83756,false,0.915418,27.776401,150865,2792,1663016,0
1742483927,free-deployment-average-233-d62f1d8f2614-5848c97567-frbkz_default,free-deployment-average-233-d62f1d8f2614,0.500000,0,average,1742483851,43758,263,32136,false,0.426335,-270.695676,1047846,5283,782663,0
1742483929,free-deployment-average-175-c793764bb1b3-6bdbbc5585-vgbdl_default,free-deployment-average-175-c793764bb1b3,0.500000,0,average,1742483854,43598,261,32138,false,0.427113,-273.088428,1066603,5655,799416,0
1742483932,free-deployment-average-218-ee468b86cc2d-9b56ddb48-lhmb6_default,free-deployment-average-218-ee468b86cc2d,0.500000,0,average,1742483859,41438,260,32138,false,0.427398,-270.394541,1059921,5425,795187,0
1742483935,free-deployment-average-189-d46f9130862b-f7d55dcd6-b4k55_default,free-deployment-average-189-d46f9130862b,0.500000,0,average,1742483848,43918,263,43796,false,0.429076,-266.087313,1064746,5269,804167,0
1742483936,free-deployment-average-249-426e7184252c-77d84b5db5-7xwlk_default,free-deployment-average-249-426e7184252c,0.500000,0,average,1742483868,35317,181,32519,false,0.427760,-268.039072,1054703,5971,792874,0
1742483938,free-deployment-average-190-e96dfe525187-7579f996f8-pnwnr_default,free-deployment-average-190-e96dfe525187,0.500000,0,average,1742483862,44617,263,32096,false,0.428721,-267.964071,1066971,5872,805124,0
1742483942,batch-deployment-average-104-fefb8eb75caa-6b57b6587f-zngmq_default,batch-deployment-average-104-fefb8eb75caa,0.900000,0,average,1742483231,37317,284,673555,false,0.934652,64.349746,120208,1568,1741728,0
1742483942,free-deployment-average-232-549b4622d08c-547fb75f-f69q8_default,free-deployment-average-232-549b4622d08c,0.500000,0,average,1742483865,44497,183,32515,false,0.427469,-269.969473,1059173,5445,794876,0
1742483945,free-deployment-average-247-170c83458846-58fbfc49b7-tdrrn_default,free-deployment-average-247-170c83458846,0.500000,0,average,1742483880,32797,263,32097,false,0.426720,-268.861426,1044642,6005,782047,0
1742483947,free-deployment-average-230-284359c056eb-5cd676cdb4-7wzxp_default,free-deployment-average-230-284359c056eb,0.500000,0,average,1742483883,33177,265,31514,false,0.427913,-271.687607,1071833,5311,805688,0
1742483950,batch-deployment-average-101-89cde830bd1e-86d6d6559-t6whc_default,batch-deployment-average-101-89cde830bd1e,0.900000,0,average,1742483680,29237,283,241198,false,0.914888,27.604578,156405,2693,1710178,0
1742483953,free-deployment-average-237-c5994abe4a07-5dc4cfb49c-q99xp_default,free-deployment-average-237-c5994abe4a07,0.500000,0,average,1742483856,63018,183,34518,false,0.427508,-271.037130,1063832,5499,798523,0
1742483953,free-deployment-average-207-ce098f042ca2-865c68f547-hdv9z_default,free-deployment-average-207-ce098f042ca2,0.500000,0,average,1742483871,50778,262,31696,false,0.425275,-276.073866,1054456,6214,784856,0
1742483956,free-deployment-average-238-fb57ee9fdf9e-6884dc7d49-r4pj2_default,free-deployment-average-238-fb57ee9fdf9e,0.500000,0,average,1742483885,39617,264,31815,false,0.425825,-277.645516,1068185,5528,796298,0
1742483959,batch-deployment-average-95-45538e973fea-c4779c548-wsht8_default,batch-deployment-average-95-45538e973fea,0.900000,0,average,1742483225,26637,244,707655,false,0.941124,76.357698,107525,2096,1752265,0
1742483962,free-deployment-average-206-c338c4bcd1ab-56c7599d48-rfxxn_default,free-deployment-average-206-c338c4bcd1ab,0.500000,0,average,1742483877,50458,264,34655,false,0.425414,-276.530116,1058598,5609,787921,0
1742483965,free-deployment-average-251-92f0a9778029-845d9b58b7-l8sqz_default,free-deployment-average-251-92f0a9778029,0.500000,0,average,1742483894,39178,180,31858,false,0.427060,-278.307140,1086882,5259,814063,0
1742483968,free-deployment-average-227-5759980cc5cb-5898646d8c-2925w_default,free-deployment-average-227-5759980cc5cb,0.500000,0,average,1742483902,34437,264,31356,false,0.424369,-280.399656,1060781,5363,785989,0
1742483970,free-deployment-average-195-ac81edf8594b-64c765f9d-6zfkj_default,free-deployment-average-195-ac81edf8594b,0.500000,0,average,1742483897,33298,261,40337,false,0.427407,-271.354896,1063619,5604,798112,0
1742483973,free-deployment-average-224-bce6541dd9dd-6c46c5c76b-bfkzh_default,free-deployment-average-224-bce6541dd9dd,0.500000,0,average,1742483900,39317,202,34197,false,0.425903,-276.897979,1066260,5505,795107,0
1742483976,free-deployment-average-255-60d4f796d4f4-57c5c4df4c-hhmvh_default,free-deployment-average-255-60d4f796d4f4,0.500000,0,average,1742483888,54618,263,33616,false,0.425905,-276.164538,1062777,6114,792982,0
1742483979,free-deployment-average-225-9c56dc853d91-6dc78c4dd8-z5dm8_default,free-deployment-average-225-9c56dc853d91,0.500000,0,average,1742483906,39498,183,33656,false,0.426767,-278.634959,1083989,5608,811196,0
1742483982,free-deployment-average-220-bdbc9bfc6e62-6f9887ff67-msjlq_default,free-deployment-average-220-bdbc9bfc6e62,0.500000,0,average,1742483909,41897,183,31096,false,0.424794,-283.725583,1078844,5298,800648,0
1742483985,batch-deployment-average-101-89cde830bd1e-86d6d6559-88mjd_default,batch-deployment-average-101-89cde830bd1e,0.900000,0,average,1742483950,1057,285,33674,false,0.915747,29.758728,157463,2978,1743852,0
1742483987,free-deployment-average-200-0c7f2a559833-556495bc6f-2mlhp_default,free-deployment-average-200-0c7f2a559833,0.500000,0,average,1742483915,41998,263,30556,false,0.423079,-287.750091,1071997,6127,790629,0
1742483990,free-deployment-average-229-1ddb7fc8108e-6b474d4ddf-mbmpf_default,free-deployment-average-229-1ddb7fc8108e,0.500000,0,average,1742483912,42158,264,36194,false,0.424250,-283.652206,1072023,5107,793701,0
1742483993,free-deployment-average-211-9c83ee22badd-6b6cc7d9c-p4cgp_default,free-deployment-average-211-9c83ee22badd,0.500000,0,average,1742483918,41838,262,33356,false,0.425840,-286.067857,1100946,5546,820656,0
1742483996,free-deployment-average-175-c793764bb1b3-6bdbbc5585-ljj57_default,free-deployment-average-175-c793764bb1b3,0.500000,0,average,1742483929,36518,264,30515,false,0.428026,-279.356556,1103122,5920,829932,0
1742483999,batch-deployment-average-115-e5b8757bb5e6-59f664647c-gx4dv_default,batch-deployment-average-115-e5b8757bb5e6,0.900000,0,average,1742483906,7038,324,86115,false,0.916261,30.917636,158155,2185,1754437,0
1742483999,free-deployment-average-196-2f37620ad37d-c8d756bd6-96dxt_default,free-deployment-average-196-2f37620ad37d,0.500000,0,average,1742483921,41677,264,36575,false,0.426237,-281.462302,1087927,5799,812505,0
1742484002,free-deployment-average-233-d62f1d8f2614-5848c97567-2qpg9_default,free-deployment-average-233-d62f1d8f2614,0.500000,0,average,1742483927,41358,264,34194,false,0.427314,-278.124743,1089204,5548,816858,0
1742484002,free-deployment-average-218-ee468b86cc2d-9b56ddb48-7jhdr_default,free-deployment-average-218-ee468b86cc2d,0.500000,0,average,1742483932,39197,264,31397,false,0.427974,-278.459542,1099118,5689,826585,0
1742484005,free-deployment-average-249-426e7184252c-77d84b5db5-7fnhd_default,free-deployment-average-249-426e7184252c,0.500000,0,average,1742483935,39037,181,31518,false,0.428415,-275.736760,1093740,6152,824393,0
1742484008,free-deployment-average-189-d46f9130862b-f7d55dcd6-w9cpx_default,free-deployment-average-189-d46f9130862b,0.500000,0,average,1742483935,41798,260,31518,false,0.429050,-276.628003,1106544,5529,835686,0
1742484011,free-deployment-average-190-e96dfe525187-7579f996f8-2rptr_default,free-deployment-average-190-e96dfe525187,0.500000,0,average,1742483938,41637,264,31475,false,0.428730,-278.391785,1108609,6137,836600,0
1742484014,batch-deployment-average-122-419e035af17a-6c8f8b5c87-sjjcr_default,batch-deployment-average-122-419e035af17a,0.900000,0,average,1742483891,12477,324,110415,false,0.914642,27.414344,159243,2089,1728755,0
1742484016,free-deployment-average-230-284359c056eb-5cd676cdb4-b784t_default,free-deployment-average-230-284359c056eb,0.500000,0,average,1742483947,38318,263,31314,false,0.428632,-278.955737,1110152,5575,837004,0
1742484019,free-deployment-average-247-170c83458846-58fbfc49b7-lghdv_default,free-deployment-average-247-170c83458846,0.500000,0,average,1742483945,43158,183,31495,false,0.426490,-280.705322,1087800,6189,813542,0
1742484022,free-deployment-average-232-549b4622d08c-547fb75f-lsm7s_default,free-deployment-average-232-549b4622d08c,0.500000,0,average,1742483942,40479,262,39955,false,0.430289,-270.736194,1099652,5707,834852,0
1742484025,free-deployment-average-238-fb57ee9fdf9e-6884dc7d49-xxnck_default,free-deployment-average-238-fb57ee9fdf9e,0.500000,0,average,1742483956,37758,261,31517,false,0.426808,-284.148780,1105943,5790,827816,0
1742484028,free-deployment-average-237-c5994abe4a07-5dc4cfb49c-hbxx7_default,free-deployment-average-237-c5994abe4a07,0.500000,0,average,1742483953,43638,180,31559,false,0.427166,-283.294112,1107470,5679,830083,0
1742484031,free-deployment-average-207-ce098f042ca2-865c68f547-grwh9_default,free-deployment-average-207-ce098f042ca2,0.500000,0,average,1742483953,37918,260,40038,false,0.428797,-274.213596,1092374,6475,824895,0
1742484034,batch-deployment-average-145-c4c5e06afa5f-86bbcb5594-c69mn_default,batch-deployment-average-145-c4c5e06afa5f,0.900000,0,average,1742483915,33257,180,85958,false,0.914401,27.861529,164236,2713,1783429,0
1742484034,free-deployment-average-206-c338c4bcd1ab-56c7599d48-n6xg8_default,free-deployment-average-206-c338c4bcd1ab,0.500000,0,average,1742483962,37938,263,34236,false,0.427191,-280.496028,1096536,5872,822158,0
1742484037,free-deployment-average-251-92f0a9778029-845d9b58b7-nhw6c_default,free-deployment-average-251-92f0a9778029,0.500000,0,average,1742483965,41038,260,30937,false,0.427104,-288.670078,1127921,5520,845001,0
1742484039,free-deployment-average-224-bce6541dd9dd-6c46c5c76b-h7ff2_default,free-deployment-average-224-bce6541dd9dd,0.500000,0,average,1742483973,35878,262,30496,false,0.427003,-282.523603,1102139,5767,825623,0
1742484042,free-deployment-average-227-5759980cc5cb-5898646d8c-7dp6m_default,free-deployment-average-227-5759980cc5cb,0.500000,0,average,1742483967,36278,183,38776,false,0.427922,-278.082447,1097059,5547,824766,0
1742484045,free-deployment-average-220-bdbc9bfc6e62-6f9887ff67-mjkxz_default,free-deployment-average-220-bdbc9bfc6e62,0.500000,0,average,1742483982,29757,181,33178,false,0.428062,-280.484282,1108602,5480,833826,0
1742484049,batch-deployment-average-122-419e035af17a-6c8f8b5c87-8xhqt_default,batch-deployment-average-122-419e035af17a,0.900000,0,average,1742484014,3317,264,31575,false,0.914340,27.346929,162561,2354,1760331,0
1742484051,batch-deployment-average-125-9550f1d1788c-847ff95d5d-9n4lf_default,batch-deployment-average-125-9550f1d1788c,0.900000,0,average,1742483924,9338,281,118219,false,0.916032,30.937277,160203,3073,1781236,0
1742484054,free-deployment-average-200-0c7f2a559833-556495bc6f-6l9wt_default,free-deployment-average-200-0c7f2a559833,0.500000,0,average,1742483987,35997,263,31416,false,0.424522,-292.574679,1107994,6390,822066,0
1742484057,free-deployment-average-255-60d4f796d4f4-57c5c4df4c-z8p5n_default,free-deployment-average-255-60d4f796d4f4,0.500000,0,average,1742483976,49838,264,31375,false,0.424194,-294.891879,1112615,6379,824358,0
1742484060,free-deployment-average-195-ac81edf8594b-64c765f9d-gvc7f_default,free-deployment-average-195-ac81edf8594b,0.500000,0,average,1742483970,50158,261,39938,false,0.428081,-281.837090,1113778,5865,838050,0
1742484063,free-deployment-average-229-1ddb7fc8108e-6b474d4ddf-m9k9n_default,free-deployment-average-229-1ddb7fc8108e,0.500000,0,average,1742483990,41558,183,31455,false,0.424457,-293.937118,1113582,5291,825156,0
1742484066,free-deployment-average-211-9c83ee22badd-6b6cc7d9c-cv7p6_default,free-deployment-average-211-9c83ee22badd,0.500000,0,average,1742483993,41858,184,30995,false,0.425786,-297.112641,1142804,5730,851652,0
1742484068,free-deployment-average-225-9c56dc853d91-6dc78c4dd8-hsmsq_default,free-deployment-average-225-9c56dc853d91,0.500000,0,average,1742483979,49678,264,39934,false,0.427560,-288.644185,1133668,5872,851131,0
1742484071,batch-deployment-average-160-ce45c9058931-57f7986b7c-kpb7v_default,batch-deployment-average-160-ce45c9058931,0.900000,0,average,1742483877,32658,324,161715,false,0.914478,28.463072,167412,2095,1812532,0
1742484074,batch-deployment-average-99-37206e1ae97c-658595c8d4-nqbs5_default,batch-deployment-average-99-37206e1ae97c,0.900000,0,average,1742483839,18298,261,217298,false,0.918824,37.243802,160834,513,1826285,0
1742484074,batch-deployment-average-120-d0e4aac950f1-74d49b5cdf-hn2sh_default,batch-deployment-average-120-d0e4aac950f1,0.900000,0,average,1742483814,23318,163,237415,false,0.916616,32.176608,159191,3428,1787631,0
1742484077,batch-deployment-average-116-fc83db90153e-f684b944-cz8dh_default,batch-deployment-average-116-fc83db90153e,0.900000,0,average,1742483759,29878,260,288619,false,0.918072,35.383652,159366,2104,1809412,0
1742484080,free-deployment-average-175-c793764bb1b3-6bdbbc5585-zmlz6_default,free-deployment-average-175-c793764bb1b3,0.500000,0,average,1742483996,53458,103,31036,false,0.425470,-301.875404,1156580,6023,860969,0
1742484083,free-deployment-average-233-d62f1d8f2614-5848c97567-m9nt9_default,free-deployment-average-233-d62f1d8f2614,0.500000,0,average,1742484002,44517,324,36614,false,0.428221,-286.355994,1133721,5873,853473,0
1742484086,free-deployment-average-189-d46f9130862b-f7d55dcd6-h4s54_default,free-deployment-average-189-d46f9130862b,0.500000,0,average,1742484008,47058,260,31161,false,0.427811,-292.786453,1153603,5790,866848,0
1742484086,free-deployment-average-218-ee468b86cc2d-9b56ddb48-wpw95_default,free-deployment-average-218-ee468b86cc2d,0.500000,0,average,1742484002,44217,324,39977,false,0.429862,-283.026916,1143336,6013,866563,0
1742484089,free-deployment-average-196-2f37620ad37d-c8d756bd6-qwm4r_default,free-deployment-average-196-2f37620ad37d,0.500000,0,average,1742483999,46978,260,43238,false,0.428583,-285.442497,1134905,6060,855765,0
1742484092,free-deployment-average-190-e96dfe525187-7579f996f8-lv2jm_default,free-deployment-average-190-e96dfe525187,0.500000,0,average,1742484011,49658,263,31476,false,0.427052,-296.817947,1158267,6400,868096,0
1742484095,free-deployment-average-230-284359c056eb-5cd676cdb4-dk7ts_default,free-deployment-average-230-284359c056eb,0.500000,0,average,1742484016,47498,262,31476,false,0.427408,-295.241543,1157650,5838,868480,0
1742484097,free-deployment-average-249-426e7184252c-77d84b5db5-hbn82_default,free-deployment-average-249-426e7184252c,0.500000,0,average,1742484005,52898,184,39915,false,0.428452,-288.901053,1146638,6336,864309,0
1742484100,free-deployment-average-238-fb57ee9fdf9e-6884dc7d49-dwhbl_default,free-deployment-average-238-fb57ee9fdf9e,0.500000,0,average,1742484025,44178,263,31396,false,0.426326,-297.195026,1150121,6053,859212,0
1742484103,free-deployment-average-237-c5994abe4a07-5dc4cfb49c-l2tq8_default,free-deployment-average-237-c5994abe4a07,0.500000,0,average,1742484028,44058,183,31415,false,0.426725,-296.098476,1151528,5863,861519,0
1742484106,free-deployment-average-247-170c83458846-58fbfc49b7-94c8j_default,free-deployment-average-247-170c83458846,0.500000,0,average,1742484019,47338,260,39898,false,0.427789,-288.385700,1135139,6449,853461,0
1742484109,free-deployment-average-229-1ddb7fc8108e-6b474d4ddf-p9zph_default,free-deployment-average-229-1ddb7fc8108e,0.500000,0,average,1742484063,43857,263,2116,false,0.415659,-335.943389,1157439,5554,827273,0
1742484111,free-deployment-average-232-549b4622d08c-547fb75f-sgs49_default,free-deployment-average-232-549b4622d08c,0.500000,0,average,1742484022,56078,263,33615,false,0.427781,-293.463602,1155731,5971,868468,0
1742484114,free-deployment-average-224-bce6541dd9dd-6c46c5c76b-bp2ml_default,free-deployment-average-224-bce6541dd9dd,0.500000,0,average,1742484039,44797,183,30776,false,0.426221,-296.725135,1146937,5950,856400,0
1742484117,free-deployment-average-206-c338c4bcd1ab-56c7599d48-z2k2h_default,free-deployment-average-206-c338c4bcd1ab,0.500000,0,average,1742484034,46918,264,36415,false,0.427541,-291.263153,1143455,6137,858574,0
1742484120,free-deployment-average-251-92f0a9778029-845d9b58b7-vqmdv_default,free-deployment-average-251-92f0a9778029,0.500000,0,average,1742484037,38318,184,44935,false,0.431614,-282.235123,1166239,5704,889937,0
1742484123,free-deployment-average-200-0c7f2a559833-556495bc6f-9jjj6_default,free-deployment-average-200-0c7f2a559833,0.500000,0,average,1742484054,35858,265,33154,false,0.426389,-295.544675,1143853,6656,855220,0
1742484126,free-deployment-average-207-ce098f042ca2-865c68f547-bxtwt_default,free-deployment-average-207-ce098f042ca2,0.500000,0,average,1742484031,61698,262,33196,false,0.425029,-302.977904,1154073,6737,858092,0
1742484128,free-deployment-average-227-5759980cc5cb-5898646d8c-rngcz_default,free-deployment-average-227-5759980cc5cb,0.500000,0,average,1742484042,56298,260,30399,false,0.424546,-304.223160,1153358,5807,855184,0
1742484131,free-deployment-average-220-bdbc9bfc6e62-6f9887ff67-5zc8l_default,free-deployment-average-220-bdbc9bfc6e62,0.500000,0,average,1742484045,56138,263,30335,false,0.424724,-306.551327,1164740,5743,864163,0
1742484134,free-deployment-average-255-60d4f796d4f4-57c5c4df4c-jpxzf_default,free-deployment-average-255-60d4f796d4f4,0.500000,0,average,1742484057,38538,184,38875,false,0.427142,-294.736315,1151153,6563,863233,0
1742484137,free-deployment-average-211-9c83ee22badd-6b6cc7d9c-tvs4t_default,free-deployment-average-211-9c83ee22badd,0.500000,0,average,1742484065,38978,262,33196,false,0.426922,-303.158204,1181783,5993,884848,0
1742484140,batch-deployment-average-122-419e035af17a-6c8f8b5c87-t4xcf_default,batch-deployment-average-122-419e035af17a,0.900000,0,average,1742484049,3137,261,87858,false,0.916531,33.073699,165699,2615,1848190,0
1742484143,batch-deployment-average-145-c4c5e06afa5f-86bbcb5594-h49hx_default,batch-deployment-average-145-c4c5e06afa5f,0.900000,0,average,1742484034,8658,263,100176,false,0.914603,29.846528,172895,2977,1883606,0
1742484145,batch-deployment-average-115-e5b8757bb5e6-59f664647c-b8fxm_default,batch-deployment-average-115-e5b8757bb5e6,0.900000,0,average,1742483999,15518,100,131337,false,0.914654,30.004792,173674,2286,1885775,0
1742484148,free-deployment-average-229-1ddb7fc8108e-6b474d4ddf-bd45j_default,free-deployment-average-229-1ddb7fc8108e,0.500000,0,average,1742484109,6097,263,33317,false,0.423948,-308.988692,1163537,5818,860590,0
1742484151,free-deployment-average-175-c793764bb1b3-6bdbbc5585-9tw8h_default,free-deployment-average-175-c793764bb1b3,0.500000,0,average,1742484080,37938,260,33278,false,0.426844,-306.776688,1194518,6283,894267,0
1742484153,free-deployment-average-195-ac81edf8594b-64c765f9d-4b5wg_default,free-deployment-average-195-ac81edf8594b,0.500000,0,average,1742484060,60778,264,32834,false,0.424497,-310.045744,1174556,6130,870885,0
1742484156,free-deployment-average-225-9c56dc853d91-6dc78c4dd8-fpfvv_default,free-deployment-average-225-9c56dc853d91,0.500000,0,average,1742484068,55618,261,32498,false,0.425016,-312.025577,1189286,6133,883630,0
1742484159,batch-deployment-average-120-d0e4aac950f1-74d49b5cdf-rf8wj_default,batch-deployment-average-120-d0e4aac950f1,0.900000,0,average,1742484074,12938,263,72015,false,0.913621,27.494764,172129,3691,1859648,0
1742484159,free-deployment-average-189-d46f9130862b-f7d55dcd6-vb8k7_default,free-deployment-average-189-d46f9130862b,0.500000,0,average,1742484086,40457,264,32536,false,0.428380,-300.972971,1194060,6054,899384,0
1742484161,free-deployment-average-190-e96dfe525187-7579f996f8-6zddk_default,free-deployment-average-190-e96dfe525187,0.500000,0,average,1742484092,37298,183,32516,false,0.428300,-301.780017,1195566,6583,900613,0
1742484165,free-deployment-average-233-d62f1d8f2614-5848c97567-9nktj_default,free-deployment-average-233-d62f1d8f2614,0.500000,0,average,1742484083,49057,265,33674,false,0.427322,-302.005739,1182779,6138,887148,0
1742484168,free-deployment-average-238-fb57ee9fdf9e-6884dc7d49-zc5s9_default,free-deployment-average-238-fb57ee9fdf9e,0.500000,0,average,1742484100,37738,263,30796,false,0.427030,-304.401376,1187859,6316,890008,0
1742484172,batch-deployment-average-101-89cde830bd1e-86d6d6559-8jc9m_default,batch-deployment-average-101-89cde830bd1e,0.900000,0,average,1742483984,16177,284,171556,false,0.915451,32.094837,173641,3262,1915409,0
1742484172,free-deployment-average-230-284359c056eb-5cd676cdb4-b94ls_default,free-deployment-average-230-284359c056eb,0.500000,0,average,1742484095,39898,263,36895,false,0.429286,-298.508300,1197549,6101,905376,0
1742484175,free-deployment-average-196-2f37620ad37d-c8d756bd6-dczmg_default,free-deployment-average-196-2f37620ad37d,0.500000,0,average,1742484089,54418,261,31458,false,0.425962,-308.664224,1189324,6321,887224,0
1742484177,free-deployment-average-237-c5994abe4a07-5dc4cfb49c-v46gs_default,free-deployment-average-237-c5994abe4a07,0.500000,0,average,1742484103,43258,184,31535,false,0.426511,-307.984457,1194786,6048,893074,0
1742484180,free-deployment-average-218-ee468b86cc2d-9b56ddb48-4rlzc_default,free-deployment-average-218-ee468b86cc2d,0.500000,0,average,1742484086,54577,264,39976,false,0.429491,-297.892834,1197914,6278,906540,0
1742484183,free-deployment-average-249-426e7184252c-77d84b5db5-xspw2_default,free-deployment-average-249-426e7184252c,0.500000,0,average,1742484097,52018,263,34296,false,0.427122,-306.886668,1198657,6600,898606,0
1742484186,batch-deployment-average-104-fefb8eb75caa-6b57b6587f-xcwmh_default,batch-deployment-average-104-fefb8eb75caa,0.900000,0,average,1742483942,54797,321,189298,false,0.916080,33.660124,175005,1890,1931027,0
1742484189,batch-deployment-average-160-ce45c9058931-57f7986b7c-hxzws_default,batch-deployment-average-160-ce45c9058931,0.900000,0,average,1742484071,12958,160,105138,false,0.913048,27.179091,180370,2256,1917691,0
1742484191,free-deployment-average-255-60d4f796d4f4-57c5c4df4c-tz9bt_default,free-deployment-average-255-60d4f796d4f4,0.500000,0,average,1742484134,55517,263,2035,false,0.416241,-348.482422,1206671,6827,865269,0
1742484194,batch-deployment-average-120-d0e4aac950f1-74d49b5cdf-6k9fn_default,batch-deployment-average-120-d0e4aac950f1,0.900000,0,average,1742484159,3897,104,31576,false,0.913173,27.058572,176026,3795,1891225,0
1742484197,free-deployment-average-232-549b4622d08c-547fb75f-98q5w_default,free-deployment-average-232-549b4622d08c,0.500000,0,average,1742484111,51978,164,34614,false,0.426601,-310.988960,1207709,6135,903083,0
1742484197,free-deployment-average-224-bce6541dd9dd-6c46c5c76b-t24pb_default,free-deployment-average-224-bce6541dd9dd,0.500000,0,average,1742484114,52298,260,31238,false,0.424082,-318.045498,1199235,6211,887640,0
1742484200,free-deployment-average-207-ce098f042ca2-865c68f547-4hj9m_default,free-deployment-average-207-ce098f042ca2,0.500000,0,average,1742484126,37418,242,37097,false,0.427571,-303.540479,1191491,6980,895190,0
1742484203,free-deployment-average-206-c338c4bcd1ab-56c7599d48-zf24m_default,free-deployment-average-206-c338c4bcd1ab,0.500000,0,average,1742484117,55598,261,30737,false,0.424541,-316.385584,1199053,6398,889312,0
1742484206,free-deployment-average-220-bdbc9bfc6e62-6f9887ff67-s72cl_default,free-deployment-average-220-bdbc9bfc6e62,0.500000,0,average,1742484131,38178,260,36978,false,0.427074,-307.993180,1202919,6004,901161,0
1742484209,free-deployment-average-247-170c83458846-58fbfc49b7-4sjgz_default,free-deployment-average-247-170c83458846,0.500000,0,average,1742484106,69438,262,33535,false,0.422730,-324.532145,1204578,6712,887017,0
1742484212,free-deployment-average-200-0c7f2a559833-556495bc6f-99rm9_default,free-deployment-average-200-0c7f2a559833,0.500000,0,average,1742484123,55277,263,33576,false,0.424278,-317.509538,1199131,6919,888797,0
1742484214,free-deployment-average-211-9c83ee22badd-6b6cc7d9c-qlmsx_default,free-deployment-average-211-9c83ee22badd,0.500000,0,average,1742484137,44118,180,33577,false,0.427075,-313.878302,1225901,6174,918426,0
1742484217,free-deployment-average-251-92f0a9778029-845d9b58b7-x6ctz_default,free-deployment-average-251-92f0a9778029,0.500000,0,average,1742484120,63877,263,33555,false,0.427631,-312.803484,1230117,5968,923512,0
1742484220,free-deployment-average-229-1ddb7fc8108e-6b474d4ddf-hv59r_default,free-deployment-average-229-1ddb7fc8108e,0.500000,0,average,1742484148,38717,264,33574,false,0.425291,-314.378860,1202255,6083,894185,0
1742484223,free-deployment-average-227-5759980cc5cb-5898646d8c-w8bxr_default,free-deployment-average-227-5759980cc5cb,0.500000,0,average,1742484128,35118,323,59915,false,0.433757,-279.752508,1188476,6131,915100,0
1742484226,batch-deployment-average-95-45538e973fea-c4779c548-kndvv_default,batch-deployment-average-95-45538e973fea,0.900000,0,average,1742483959,72718,319,194499,false,0.914221,30.062946,180243,2416,1946764,0
1742484226,batch-deployment-average-120-d0e4aac950f1-74d49b5cdf-c8skn_default,batch-deployment-average-120-d0e4aac950f1,0.900000,0,average,1742484194,1118,21,31437,false,0.913976,29.188047,177145,3817,1922663,0
1742484229,batch-deployment-average-125-9550f1d1788c-847ff95d5d-pmbjj_default,batch-deployment-average-125-9550f1d1788c,0.900000,0,average,1742484051,21218,283,157035,false,0.912965,27.285801,181421,3357,1938272,0
1742484232,free-deployment-average-195-ac81edf8594b-64c765f9d-zfnhn_default,free-deployment-average-195-ac81edf8594b,0.500000,0,average,1742484153,48058,261,31018,false,0.423254,-327.326830,1222614,6391,901925,0
1742484235,free-deployment-average-255-60d4f796d4f4-57c5c4df4c-mvx2m_default,free-deployment-average-255-60d4f796d4f4,0.500000,0,average,1742484191,7217,261,36818,false,0.424899,-319.142597,1213889,7088,902088,0
1742484238,free-deployment-average-175-c793764bb1b3-6bdbbc5585-k87dn_default,free-deployment-average-175-c793764bb1b3,0.500000,0,average,1742484151,55738,262,31137,false,0.424068,-331.641196,1250257,6546,925404,0
1742484241,free-deployment-average-225-9c56dc853d91-6dc78c4dd8-dxd6p_default,free-deployment-average-225-9c56dc853d91,0.500000,0,average,1742484156,47898,263,36996,false,0.425392,-323.172230,1237185,6396,920646,0
1742484241,batch-deployment-average-127-c9c5eacfc21c-77d65d444c-8lc8b_default,batch-deployment-average-127-c9c5eacfc21c,0.900000,0,average,1742483912,27478,24,301696,false,0.916700,35.516973,176590,1517,1960037,0
1742484244,free-deployment-average-189-d46f9130862b-f7d55dcd6-gmjmq_default,free-deployment-average-189-d46f9130862b,0.500000,0,average,1742484159,50578,265,34233,false,0.427368,-317.583340,1244638,6320,933618,0
1742484246,free-deployment-average-233-d62f1d8f2614-5848c97567-5ktr4_default,free-deployment-average-233-d62f1d8f2614,0.500000,0,average,1742484165,50178,260,31558,false,0.425709,-320.887415,1232958,6399,918707,0
1742484249,free-deployment-average-238-fb57ee9fdf9e-6884dc7d49-tmhqn_default,free-deployment-average-238-fb57ee9fdf9e,0.500000,0,average,1742484168,50018,259,31538,false,0.425466,-323.121629,1237878,6576,921568,0
1742484252,free-deployment-average-190-e96dfe525187-7579f996f8-zgvjv_default,free-deployment-average-190-e96dfe525187,0.500000,0,average,1742484161,51418,183,40075,false,0.428674,-313.283907,1246984,6766,940709,0
1742484255,free-deployment-average-237-c5994abe4a07-5dc4cfb49c-4k54x_default,free-deployment-average-237-c5994abe4a07,0.500000,0,average,1742484177,46737,184,31595,false,0.425639,-323.310056,1241524,6232,924669,0
1742484258,free-deployment-average-196-2f37620ad37d-c8d756bd6-wb8tl_default,free-deployment-average-196-2f37620ad37d,0.500000,0,average,1742484175,45858,264,37114,false,0.426728,-317.673143,1235182,6585,924339,0
1742484261,free-deployment-average-230-284359c056eb-5cd676cdb4-g257k_default,free-deployment-average-230-284359c056eb,0.500000,0,average,1742484171,55998,263,33835,false,0.427084,-320.936874,1253547,6365,939212,0
1742484263,batch-deployment-average-125-9550f1d1788c-847ff95d5d-pv4w9_default,batch-deployment-average-125-9550f1d1788c,0.900000,0,average,1742484229,918,180,33859,false,0.913866,29.686871,182340,3537,1972131,0
1742484266,free-deployment-average-224-bce6541dd9dd-6c46c5c76b-9sv5v_default,free-deployment-average-224-bce6541dd9dd,0.500000,0,average,1742484197,35757,265,33775,false,0.426012,-320.294120,1234992,6476,921415,0
1742484269,free-deployment-average-249-426e7184252c-77d84b5db5-cqwjl_default,free-deployment-average-249-426e7184252c,0.500000,0,average,1742484183,52598,263,33736,false,0.425638,-326.012705,1251255,6863,932342,0
1742484272,free-deployment-average-218-ee468b86cc2d-9b56ddb48-l4q96_default,free-deployment-average-218-ee468b86cc2d,0.500000,0,average,1742484180,58478,184,33815,false,0.426812,-322.738004,1256392,6462,940356,0
1742484275,batch-deployment-average-160-ce45c9058931-57f7986b7c-2jf7g_default,batch-deployment-average-160-ce45c9058931,0.900000,0,average,1742484189,5958,203,80116,false,0.913661,29.647902,186328,2459,1997808,0
1742484278,free-deployment-average-232-549b4622d08c-547fb75f-d9gvf_default,free-deployment-average-232-549b4622d08c,0.500000,0,average,1742484197,47458,264,33394,false,0.426050,-325.318666,1255168,6400,936478,0
1742484280,free-deployment-average-247-170c83458846-58fbfc49b7-bb87r_default,free-deployment-average-247-170c83458846,0.500000,0,average,1742484209,38298,263,33296,false,0.424081,-329.776184,1242876,6976,920334,0
1742484283,free-deployment-average-206-c338c4bcd1ab-56c7599d48-5d49m_default,free-deployment-average-206-c338c4bcd1ab,0.500000,0,average,1742484203,47139,262,33456,false,0.424140,-330.331086,1246192,6660,922769,0
1742484286,free-deployment-average-200-0c7f2a559833-556495bc6f-8c8m7_default,free-deployment-average-200-0c7f2a559833,0.500000,0,average,1742484212,40978,261,33417,false,0.425081,-325.331302,1240109,7180,922215,0
1742484289,free-deployment-average-207-ce098f042ca2-865c68f547-5ss8v_default,free-deployment-average-207-ce098f042ca2,0.500000,0,average,1742484200,55818,183,33495,false,0.425386,-326.043450,1247309,7164,928686,0
1742484292,free-deployment-average-211-9c83ee22badd-6b6cc7d9c-dc4fd_default,free-deployment-average-211-9c83ee22badd,0.500000,0,average,1742484214,47417,261,30658,false,0.425820,-330.899966,1273319,6435,949085,0
1742484295,free-deployment-average-220-bdbc9bfc6e62-6f9887ff67-qbjzt_default,free-deployment-average-220-bdbc9bfc6e62,0.500000,0,average,1742484206,52578,260,36358,false,0.426290,-324.455556,1255498,6265,937540,0
1742484297,free-deployment-average-251-92f0a9778029-845d9b58b7-l2f97_default,free-deployment-average-251-92f0a9778029,0.500000,0,average,1742484217,47258,264,33434,false,0.427107,-326.873783,1277376,6232,956966,0
1742484300,free-deployment-average-195-ac81edf8594b-64c765f9d-vw4zt_default,free-deployment-average-195-ac81edf8594b,0.500000,0,average,1742484232,35097,263,33236,false,0.425165,-329.452086,1257712,6654,935161,0
1742484303,free-deployment-average-175-c793764bb1b3-6bdbbc5585-jvpwl_default,free-deployment-average-175-c793764bb1b3,0.500000,0,average,1742484238,34818,180,30839,false,0.425367,-335.798338,1285075,6727,956244,0
1742484306,free-deployment-average-229-1ddb7fc8108e-6b474d4ddf-mzpth_default,free-deployment-average-229-1ddb7fc8108e,0.500000,0,average,1742484220,49938,264,36475,false,0.425114,-328.107137,1252193,6347,930660,0
1742484309,batch-deployment-average-115-e5b8757bb5e6-59f664647c-6skc6_default,batch-deployment-average-115-e5b8757bb5e6,0.900000,0,average,1742484145,14798,101,149617,false,0.914268,31.565458,188473,2387,2035393,0
1742484312,free-deployment-average-225-9c56dc853d91-6dc78c4dd8-4qs4g_default,free-deployment-average-225-9c56dc853d91,0.500000,0,average,1742484241,37517,183,33557,false,0.426844,-327.314247,1274702,6580,954203,0
1742484315,free-deployment-average-255-60d4f796d4f4-57c5c4df4c-zg9jx_default,free-deployment-average-255-60d4f796d4f4,0.500000,0,average,1742484235,46318,263,33536,false,0.424669,-332.188153,1260207,7352,935625,0
1742484317,free-deployment-average-233-d62f1d8f2614-5848c97567-5hvkq_default,free-deployment-average-233-d62f1d8f2614,0.500000,0,average,1742484246,38157,264,33535,false,0.427010,-325.774500,1271116,6663,952243,0
1742484320,free-deployment-average-189-d46f9130862b-f7d55dcd6-94bnq_default,free-deployment-average-189-d46f9130862b,0.500000,0,average,1742484243,44037,181,33498,false,0.427494,-328.300923,1288676,6501,967117,0
1742484323,batch-deployment-average-101-89cde830bd1e-86d6d6559-rlzpt_default,batch-deployment-average-101-89cde830bd1e,0.900000,0,average,1742484171,18757,244,133595,false,0.912734,28.353629,192399,3506,2049024,0
1742484326,batch-deployment-average-95-45538e973fea-c4779c548-7z6bz_default,batch-deployment-average-95-45538e973fea,0.900000,0,average,1742484226,12638,162,87717,false,0.912347,27.318942,192882,2578,2034482,0
1742484329,free-deployment-average-238-fb57ee9fdf9e-6884dc7d49-lb9cp_default,free-deployment-average-238-fb57ee9fdf9e,0.500000,0,average,1742484249,46578,265,33473,false,0.425160,-336.472149,1284456,6841,955062,0
1742484332,free-deployment-average-190-e96dfe525187-7579f996f8-vgfz9_default,free-deployment-average-190-e96dfe525187,0.500000,0,average,1742484252,49218,323,30575,false,0.427018,-332.252295,1296202,7090,971285,0
1742484334,free-deployment-average-237-c5994abe4a07-5dc4cfb49c-pc7v6_default,free-deployment-average-237-c5994abe4a07,0.500000,0,average,1742484255,46018,220,33558,false,0.425459,-335.990388,1287542,6453,958228,0
1742484337,free-deployment-average-196-2f37620ad37d-c8d756bd6-2vp6m_default,free-deployment-average-196-2f37620ad37d,0.500000,0,average,1742484258,48977,263,30737,false,0.425223,-336.156775,1284160,6848,955097,0
1742484340,free-deployment-average-230-284359c056eb-5cd676cdb4-b7rtg_default,free-deployment-average-230-284359c056eb,0.500000,0,average,1742484261,43137,262,36437,false,0.428116,-327.880490,1296685,6627,975670,0
1742484343,free-deployment-average-249-426e7184252c-77d84b5db5-9gm9c_default,free-deployment-average-249-426e7184252c,0.500000,0,average,1742484269,40817,180,33679,false,0.426474,-333.329528,1292073,7044,966022,0
1742484346,free-deployment-average-227-5759980cc5cb-5898646d8c-njqqt_default,free-deployment-average-227-5759980cc5cb,0.500000,0,average,1742484223,89577,263,33595,false,0.424825,-335.999432,1278054,6395,948696,0
1742484349,free-deployment-average-224-bce6541dd9dd-6c46c5c76b-ld5jg_default,free-deployment-average-224-bce6541dd9dd,0.500000,0,average,1742484266,49418,262,33596,false,0.425175,-336.379120,1284411,6739,955012,0
1742484352,free-deployment-average-218-ee468b86cc2d-9b56ddb48-jmnc5_default,free-deployment-average-218-ee468b86cc2d,0.500000,0,average,1742484272,46297,184,33634,false,0.426566,-335.583365,1302690,6647,973991,0
1742484354,batch-deployment-average-145-c4c5e06afa5f-86bbcb5594-2zkrd_default,batch-deployment-average-145-c4c5e06afa5f,0.900000,0,average,1742484143,13819,260,197837,false,0.916373,36.958400,186714,3237,2081463,0
1742484357,free-deployment-average-206-c338c4bcd1ab-56c7599d48-2fz5z_default,free-deployment-average-206-c338c4bcd1ab,0.500000,0,average,1742484283,40978,260,33519,false,0.424945,-338.050730,1287170,6921,956288,0
1742484360,batch-deployment-average-95-45538e973fea-c4779c548-xfdpf_default,batch-deployment-average-95-45538e973fea,0.900000,0,average,1742484326,897,183,33396,false,0.913205,29.688133,193780,2761,2067879,0
1742484363,free-deployment-average-232-549b4622d08c-547fb75f-tw7pr_default,free-deployment-average-232-549b4622d08c,0.500000,0,average,1742484278,51738,264,33354,false,0.424731,-343.967553,1306906,6664,969833,0
1742484366,free-deployment-average-247-170c83458846-58fbfc49b7-pqflh_default,free-deployment-average-247-170c83458846,0.500000,0,average,1742484280,55177,222,30798,false,0.421530,-354.375832,1298053,7198,951133,0
1742484369,free-deployment-average-200-0c7f2a559833-556495bc6f-hmr6d_default,free-deployment-average-200-0c7f2a559833,0.500000,0,average,1742484286,49378,323,33335,false,0.424215,-341.678974,1289487,7504,955571,0
1742484371,free-deployment-average-211-9c83ee22badd-6b6cc7d9c-rb5g8_default,free-deployment-average-211-9c83ee22badd,0.500000,0,average,1742484292,46298,260,33317,false,0.425519,-344.142014,1319617,6696,982403,0
1742484374,free-deployment-average-207-ce098f042ca2-865c68f547-b5497_default,free-deployment-average-207-ce098f042ca2,0.500000,0,average,1742484289,52138,264,33314,false,0.423998,-345.132413,1299447,7429,962000,0
1742484377,free-deployment-average-175-c793764bb1b3-6bdbbc5585-n87qd_default,free-deployment-average-175-c793764bb1b3,0.500000,0,average,1742484303,40978,182,33316,false,0.426071,-343.641047,1326053,6909,989560,0
1742484380,free-deployment-average-251-92f0a9778029-845d9b58b7-8kpj8_default,free-deployment-average-251-92f0a9778029,0.500000,0,average,1742484297,49738,263,33316,false,0.426131,-343.559698,1327114,6496,990283,0
1742484383,batch-deployment-average-120-d0e4aac950f1-74d49b5cdf-6kb6m_default,batch-deployment-average-120-d0e4aac950f1,0.900000,0,average,1742484226,15620,181,141575,false,0.912975,29.125266,192766,3998,2064239,0
1742484383,free-deployment-average-220-bdbc9bfc6e62-6f9887ff67-dcfq4_default,free-deployment-average-220-bdbc9bfc6e62,0.500000,0,average,1742484295,54578,263,33575,false,0.424490,-345.722640,1310076,6528,971116,0
1742484386,free-deployment-average-195-ac81edf8594b-64c765f9d-fsd6z_default,free-deployment-average-195-ac81edf8594b,0.500000,0,average,1742484300,52458,180,33379,false,0.423768,-348.708609,1310170,6835,968541,0
1742484388,batch-deployment-average-115-e5b8757bb5e6-59f664647c-fk5zc_default,batch-deployment-average-115-e5b8757bb5e6,0.900000,0,average,1742484309,12058,259,67539,false,0.911895,27.228213,200531,2647,2102933,0
1742484392,free-deployment-average-255-60d4f796d4f4-57c5c4df4c-j4bxt_default,free-deployment-average-255-60d4f796d4f4,0.500000,0,average,1742484315,43058,183,33835,false,0.425153,-341.592077,1303265,7536,969461,0
1742484392,free-deployment-average-229-1ddb7fc8108e-6b474d4ddf-cb8fx_default,free-deployment-average-229-1ddb7fc8108e,0.500000,0,average,1742484306,54817,261,31038,false,0.422666,-352.148461,1307011,6608,961699,0
1742484395,free-deployment-average-225-9c56dc853d91-6dc78c4dd8-swk6z_default,free-deployment-average-225-9c56dc853d91,0.500000,0,average,1742484312,51658,261,31798,false,0.425152,-347.416028,1326361,6841,986022,0
1742484398,free-deployment-average-233-d62f1d8f2614-5848c97567-gz48c_default,free-deployment-average-233-d62f1d8f2614,0.500000,0,average,1742484317,49498,263,31675,false,0.425670,-343.861567,1320614,6926,983918,0
1742484401,batch-deployment-average-160-ce45c9058931-57f7986b7c-wmnqj_default,batch-deployment-average-160-ce45c9058931,0.900000,0,average,1742484275,14798,261,111039,false,0.911857,27.195602,201126,2720,2108848,0
1742484403,free-deployment-average-238-fb57ee9fdf9e-6884dc7d49-hqgh8_default,free-deployment-average-238-fb57ee9fdf9e,0.500000,0,average,1742484329,43178,262,31556,false,0.425023,-348.337590,1327635,7104,986638,0
1742484407,free-deployment-average-237-c5994abe4a07-5dc4cfb49c-fvksw_default,free-deployment-average-237-c5994abe4a07,0.500000,0,average,1742484334,41018,184,32114,false,0.425855,-345.077285,1328561,6637,990343,0
1742484409,free-deployment-average-190-e96dfe525187-7579f996f8-jpflp_default,free-deployment-average-190-e96dfe525187,0.500000,0,average,1742484332,45778,260,31898,false,0.426435,-346.372475,1341981,7350,1003204,0
1742484413,free-deployment-average-196-2f37620ad37d-c8d756bd6-mp6xf_default,free-deployment-average-196-2f37620ad37d,0.500000,0,average,1742484337,43658,180,32318,false,0.425200,-347.655723,1327819,7029,987434,0
1742484415,free-deployment-average-189-d46f9130862b-f7d55dcd6-zlpl8_default,free-deployment-average-189-d46f9130862b,0.500000,0,average,1742484320,49338,264,46395,false,0.429771,-331.487923,1338014,6765,1013534,0
1742484418,free-deployment-average-227-5759980cc5cb-5898646d8c-6979t_default,free-deployment-average-227-5759980cc5cb,0.500000,0,average,1742484346,40397,265,32174,false,0.425359,-344.488369,1318451,6661,980871,0
1742484421,batch-deployment-average-115-e5b8757bb5e6-59f664647c-22rxr_default,batch-deployment-average-115-e5b8757bb5e6,0.900000,0,average,1742484388,1558,242,31796,false,0.912391,28.783797,202090,2890,2134729,0
1742484424,free-deployment-average-247-170c83458846-58fbfc49b7-5dmxd_default,free-deployment-average-247-170c83458846,0.500000,0,average,1742484366,27098,323,31015,false,0.424287,-350.783616,1325152,7521,982149,0
1742484427,batch-deployment-average-122-419e035af17a-6c8f8b5c87-ghj62_default,batch-deployment-average-122-419e035af17a,0.900000,0,average,1742484140,29418,240,257618,false,0.914066,32.146788,195117,2856,2105829,0
1742484430,free-deployment-average-249-426e7184252c-77d84b5db5-rt89c_default,free-deployment-average-249-426e7184252c,0.500000,0,average,1742484343,53018,263,33836,false,0.425064,-352.775221,1345091,7307,999859,0
1742484432,batch-deployment-average-160-ce45c9058931-57f7986b7c-6gppc_default,batch-deployment-average-160-ce45c9058931,0.900000,0,average,1742484400,1577,221,31158,false,0.912330,28.694702,202704,2942,2140026,0
1742484435,batch-deployment-average-116-fc83db90153e-f684b944-s7x5f_default,batch-deployment-average-116-fc83db90153e,0.900000,0,average,1742484077,35258,262,323276,false,0.915443,35.741053,194624,2367,2132708,0
1742484438,free-deployment-average-218-ee468b86cc2d-9b56ddb48-cjs5x_default,free-deployment-average-218-ee468b86cc2d,0.500000,0,average,1742484352,52818,321,33498,false,0.425107,-355.227152,1355508,6968,1007490,0
1742484441,batch-deployment-average-99-37206e1ae97c-658595c8d4-sr82l_default,batch-deployment-average-99-37206e1ae97c,0.900000,0,average,1742484074,33097,243,334436,false,0.917344,40.662182,193931,757,2160722,0
1742484441,free-deployment-average-224-bce6541dd9dd-6c46c5c76b-9tcjw_default,free-deployment-average-224-bce6541dd9dd,0.500000,0,average,1742484349,55617,222,36977,false,0.424112,-355.240181,1340029,6961,991990,0
1742484444,free-deployment-average-230-284359c056eb-5cd676cdb4-cf854_default,free-deployment-average-230-284359c056eb,0.500000,0,average,1742484340,70338,242,34235,false,0.423654,-364.225989,1367024,6870,1009905,0
1742484447,free-deployment-average-232-549b4622d08c-547fb75f-t8bq5_default,free-deployment-average-232-549b4622d08c,0.500000,0,average,1742484363,50457,261,33677,false,0.423816,-361.010440,1357364,6926,1003511,0
1742484450,free-deployment-average-211-9c83ee22badd-6b6cc7d9c-7859d_default,free-deployment-average-211-9c83ee22badd,0.500000,0,average,1742484371,48138,183,31436,false,0.424471,-361.025794,1367755,6880,1013839,0
1742484453,free-deployment-average-207-ce098f042ca2-865c68f547-sl2st_default,free-deployment-average-207-ce098f042ca2,0.500000,0,average,1742484374,47898,263,31416,false,0.423009,-361.877358,1347345,7692,993417,0
1742484456,free-deployment-average-200-0c7f2a559833-556495bc6f-b7ffh_default,free-deployment-average-200-0c7f2a559833,0.500000,0,average,1742484368,48297,260,39878,false,0.425224,-350.358908,1337785,7764,995450,0
1742484459,free-deployment-average-195-ac81edf8594b-64c765f9d-n5ssd_default,free-deployment-average-195-ac81edf8594b,0.500000,0,average,1742484385,42577,264,31415,false,0.423750,-360.115922,1352748,7099,999977,0
1742484462,free-deployment-average-175-c793764bb1b3-6bdbbc5585-xlgxk_default,free-deployment-average-175-c793764bb1b3,0.500000,0,average,1742484377,47738,262,37376,false,0.426486,-354.266026,1373792,7172,1026937,0
1742484462,free-deployment-average-251-92f0a9778029-845d9b58b7-c2mll_default,free-deployment-average-251-92f0a9778029,0.500000,0,average,1742484380,50418,260,31738,false,0.424726,-362.500665,1377533,6756,1022022,0
1742484465,free-deployment-average-220-bdbc9bfc6e62-6f9887ff67-fc7zj_default,free-deployment-average-220-bdbc9bfc6e62,0.500000,0,average,1742484383,50258,262,31936,false,0.423197,-364.307739,1360335,6790,1003052,0
1742484468,free-deployment-average-229-1ddb7fc8108e-6b474d4ddf-sfw42_default,free-deployment-average-229-1ddb7fc8108e,0.500000,0,average,1742484392,44138,263,31894,false,0.422516,-364.656832,1351150,6872,993594,0
1742484471,free-deployment-average-206-c338c4bcd1ab-56c7599d48-kqrsf_default,free-deployment-average-206-c338c4bcd1ab,0.500000,0,average,1742484357,53537,324,60276,false,0.429925,-331.638134,1340708,7245,1016565,0
1742484473,batch-deployment-average-120-d0e4aac950f1-74d49b5cdf-6hkdh_default,batch-deployment-average-120-d0e4aac950f1,0.900000,0,average,1742484383,9897,225,80834,false,0.912036,28.097226,202663,4224,2145074,0
1742484476,batch-deployment-average-82-b68afcdd197a-7568768cc-8ms46_default,batch-deployment-average-82-b68afcdd197a,0.900000,0,average,1742483839,35617,285,601715,false,0.925073,59.103621,175195,2134,2189382,0
1742484479,free-deployment-average-225-9c56dc853d91-6dc78c4dd8-t9dcc_default,free-deployment-average-225-9c56dc853d91,0.500000,0,average,1742484395,52937,223,31335,false,0.423243,-369.240784,1379298,7064,1017358,0
1742484482,free-deployment-average-233-d62f1d8f2614-5848c97567-pjk7c_default,free-deployment-average-233-d62f1d8f2614,0.500000,0,average,1742484398,53058,263,30975,false,0.423622,-366.208195,1373673,7189,1014894,0
1742484485,free-deployment-average-238-fb57ee9fdf9e-6884dc7d49-89795_default,free-deployment-average-238-fb57ee9fdf9e,0.500000,0,average,1742484403,50898,263,31096,false,0.423415,-368.403231,1378534,7367,1017735,0
1742484488,free-deployment-average-237-c5994abe4a07-5dc4cfb49c-5mstd_default,free-deployment-average-237-c5994abe4a07,0.500000,0,average,1742484407,49778,261,31058,false,0.424410,-364.059090,1378339,6898,1021402,0
1742484490,free-deployment-average-255-60d4f796d4f4-57c5c4df4c-96rmm_default,free-deployment-average-255-60d4f796d4f4,0.500000,0,average,1742484391,57137,321,42398,false,0.425130,-356.654974,1360403,7858,1011859,0
1742484493,batch-deployment-average-160-ce45c9058931-57f7986b7c-b7ft6_default,batch-deployment-average-160-ce45c9058931,0.900000,0,average,1742484432,7098,320,54279,false,0.911495,27.439470,209802,3262,2194306,0
1742484496,free-deployment-average-196-2f37620ad37d-c8d756bd6-kj2kj_default,free-deployment-average-196-2f37620ad37d,0.500000,0,average,1742484413,49918,264,33356,false,0.424300,-364.482581,1377737,7293,1020791,0
1742484499,free-deployment-average-190-e96dfe525187-7579f996f8-tqljs_default,free-deployment-average-190-e96dfe525187,0.500000,0,average,1742484409,56758,262,33395,false,0.424327,-369.978687,1398739,7613,1036620,0
1742484502,free-deployment-average-227-5759980cc5cb-5898646d8c-mh8lt_default,free-deployment-average-227-5759980cc5cb,0.500000,0,average,1742484418,53437,263,30596,false,0.423158,-367.593634,1371888,6925,1011467,0
1742484505,free-deployment-average-247-170c83458846-58fbfc49b7-5jk4j_default,free-deployment-average-247-170c83458846,0.500000,0,average,1742484424,44598,262,36257,false,0.425055,-359.386377,1369750,7783,1018407,0
1742484507,free-deployment-average-249-426e7184252c-77d84b5db5-49fg9_default,free-deployment-average-249-426e7184252c,0.500000,0,average,1742484430,44278,99,33519,false,0.425231,-363.630552,1389369,7407,1033378,0
1742484510,free-deployment-average-218-ee468b86cc2d-9b56ddb48-s8pt6_default,free-deployment-average-218-ee468b86cc2d,0.500000,0,average,1742484438,41878,261,30558,false,0.424966,-366.808555,1397386,7229,1038048,0
1742484513,free-deployment-average-230-284359c056eb-5cd676cdb4-cks7l_default,free-deployment-average-230-284359c056eb,0.500000,0,average,1742484444,38718,260,30598,false,0.424111,-372.606266,1405742,7130,1040505,0
1742484516,batch-deployment-average-120-d0e4aac950f1-74d49b5cdf-knfrr_default,batch-deployment-average-120-d0e4aac950f1,0.900000,0,average,1742484473,3958,263,39196,false,0.911869,28.216958,206621,4487,2184290,0
1742484519,free-deployment-average-189-d46f9130862b-f7d55dcd6-psvzk_default,free-deployment-average-189-d46f9130862b,0.500000,0,average,1742484415,70558,264,33435,false,0.425153,-368.875793,1408573,7029,1046969,0
1742484522,free-deployment-average-224-bce6541dd9dd-6c46c5c76b-pnhjd_default,free-deployment-average-224-bce6541dd9dd,0.500000,0,average,1742484441,47397,183,33496,false,0.423749,-369.302786,1387427,7144,1025507,0
1742484524,free-deployment-average-232-549b4622d08c-547fb75f-gnwb6_default,free-deployment-average-232-549b4622d08c,0.500000,0,average,1742484447,44158,263,33517,false,0.424019,-371.895454,1401522,7189,1037048,0
1742484527,free-deployment-average-238-fb57ee9fdf9e-6884dc7d49-8vk2s_default,free-deployment-average-238-fb57ee9fdf9e,0.500000,0,average,1742484485,40278,260,2117,false,0.416897,-406.825161,1418812,7627,1019853,0
1742484530,free-deployment-average-211-9c83ee22badd-6b6cc7d9c-qqvfj_default,free-deployment-average-211-9c83ee22badd,0.500000,0,average,1742484450,49758,263,30356,false,0.422948,-380.692327,1417514,7143,1044196,0
1742484533,free-deployment-average-207-ce098f042ca2-865c68f547-84zdn_default,free-deployment-average-207-ce098f042ca2,0.500000,0,average,1742484453,43917,261,36039,false,0.423881,-369.996021,1391263,7953,1029477,0
1742484535,free-deployment-average-195-ac81edf8594b-64c765f9d-76cgg_default,free-deployment-average-195-ac81edf8594b,0.500000,0,average,1742484459,43598,262,33076,false,0.423950,-370.881881,1396347,7362,1033072,0
1742484538,free-deployment-average-220-bdbc9bfc6e62-6f9887ff67-vf5c4_default,free-deployment-average-220-bdbc9bfc6e62,0.500000,0,average,1742484465,43198,263,30435,false,0.422854,-377.334900,1403533,7054,1033488,0
1742484541,free-deployment-average-229-1ddb7fc8108e-6b474d4ddf-hnjw2_default,free-deployment-average-229-1ddb7fc8108e,0.500000,0,average,1742484468,43038,259,30339,false,0.422197,-377.616241,1394188,7132,1023934,0
1742484544,free-deployment-average-251-92f0a9778029-845d9b58b7-vph7p_default,free-deployment-average-251-92f0a9778029,0.500000,0,average,1742484462,43438,180,38878,false,0.426273,-367.217866,1420971,6937,1060922,0
1742484547,free-deployment-average-200-0c7f2a559833-556495bc6f-mbxdb_default,free-deployment-average-200-0c7f2a559833,0.500000,0,average,1742484456,57878,264,33153,false,0.422894,-375.348404,1395664,8029,1028604,0
1742484550,free-deployment-average-175-c793764bb1b3-6bdbbc5585-6rxh9_default,free-deployment-average-175-c793764bb1b3,0.500000,0,average,1742484462,54718,264,33194,false,0.424719,-376.054596,1428510,7436,1060132,0
1742484553,free-deployment-average-225-9c56dc853d91-6dc78c4dd8-wbh4r_default,free-deployment-average-225-9c56dc853d91,0.500000,0,average,1742484479,40558,262,33197,false,0.423998,-376.865039,1419857,7327,1050555,0
1742484555,free-deployment-average-233-d62f1d8f2614-5848c97567-bbpmk_default,free-deployment-average-233-d62f1d8f2614,0.500000,0,average,1742484482,40398,262,33176,false,0.424390,-373.693815,1414071,7452,1048071,0
1742484558,batch-deployment-average-160-ce45c9058931-57f7986b7c-clknz_default,batch-deployment-average-160-ce45c9058931,0.900000,0,average,1742484493,1078,183,64436,false,0.913336,32.751480,210880,3445,2258743,0
1742484561,batch-deployment-average-99-37206e1ae97c-658595c8d4-6m9gk_default,batch-deployment-average-99-37206e1ae97c,0.900000,0,average,1742484441,18738,283,101434,false,0.913682,33.666606,212670,1041,2262157,0
1742484564,batch-deployment-average-122-419e035af17a-6c8f8b5c87-ntjxk_default,batch-deployment-average-122-419e035af17a,0.900000,0,average,1742484427,11938,202,125156,false,0.913926,33.740734,207056,3058,2230986,0
1742484567,free-deployment-average-237-c5994abe4a07-5dc4cfb49c-qzcb4_default,free-deployment-average-237-c5994abe4a07,0.500000,0,average,1742484488,48358,260,30440,false,0.423157,-382.238960,1426698,7159,1051842,0
1742484569,free-deployment-average-238-fb57ee9fdf9e-6884dc7d49-rkc2r_default,free-deployment-average-238-fb57ee9fdf9e,0.500000,0,average,1742484527,6518,260,35678,false,0.424121,-377.925807,1425331,7888,1055532,0
1742484572,free-deployment-average-190-e96dfe525187-7579f996f8-4jgs5_default,free-deployment-average-190-e96dfe525187,0.500000,0,average,1742484499,40198,182,32636,false,0.424984,-377.720808,1438938,7796,1069257,0
1742484574,free-deployment-average-196-2f37620ad37d-c8d756bd6-k62nz_default,free-deployment-average-196-2f37620ad37d,0.500000,0,average,1742484496,45958,262,32696,false,0.423983,-378.007672,1423695,7555,1053487,0
1742484578,free-deployment-average-255-60d4f796d4f4-57c5c4df4c-64bbw_default,free-deployment-average-255-60d4f796d4f4,0.500000,0,average,1742484490,54798,265,33773,false,0.423512,-377.944865,1415201,8123,1045634,0
1742484581,free-deployment-average-227-5759980cc5cb-5898646d8c-ss4bj_default,free-deployment-average-227-5759980cc5cb,0.500000,0,average,1742484502,45638,261,33758,false,0.423179,-379.735208,1417527,7186,1045226,0
1742484584,free-deployment-average-206-c338c4bcd1ab-56c7599d48-nx9gx_default,free-deployment-average-206-c338c4bcd1ab,0.500000,0,average,1742484471,79479,260,33778,false,0.423861,-377.599252,1420187,7505,1050343,0
1742484587,free-deployment-average-218-ee468b86cc2d-9b56ddb48-z55fk_default,free-deployment-average-218-ee468b86cc2d,0.500000,0,average,1742484510,46158,263,30936,false,0.424201,-382.273808,1443545,7492,1069005,0
1742484590,batch-deployment-average-95-45538e973fea-c4779c548-c4nb8_default,batch-deployment-average-95-45538e973fea,0.900000,0,average,1742484360,20817,281,209438,false,0.912769,31.639925,214597,3042,2277338,0
1742484590,free-deployment-average-230-284359c056eb-5cd676cdb4-m6lp4_default,free-deployment-average-230-284359c056eb,0.500000,0,average,1742484513,40318,263,36995,false,0.425729,-376.192276,1446061,7394,1077501,0
1742484593,free-deployment-average-247-170c83458846-58fbfc49b7-jc648_default,free-deployment-average-247-170c83458846,0.500000,0,average,1742484505,56758,260,31518,false,0.422599,-384.867054,1426508,8044,1049945,0
1742484596,free-deployment-average-211-9c83ee22badd-6b6cc7d9c-6gdtz_default,free-deployment-average-211-9c83ee22badd,0.500000,0,average,1742484530,34598,262,31516,false,0.424305,-384.037900,1452113,7406,1075712,0
1742484599,free-deployment-average-249-426e7184252c-77d84b5db5-s9n75_default,free-deployment-average-249-426e7184252c,0.500000,0,average,1742484507,51997,184,39955,false,0.425539,-375.856617,1441367,7592,1073333,0
1742484601,batch-deployment-average-116-fc83db90153e-f684b944-hzpnz_default,batch-deployment-average-116-fc83db90153e,0.900000,0,average,1742484435,24578,184,142215,false,0.911180,27.680796,219203,2551,2274924,0
1742484604,batch-deployment-average-125-9550f1d1788c-847ff95d5d-n4tn7_default,batch-deployment-average-125-9550f1d1788c,0.900000,0,average,1742484263,29838,183,311796,false,0.913634,33.850635,212178,3721,2283928,0
1742484607,free-deployment-average-224-bce6541dd9dd-6c46c5c76b-pd6w4_default,free-deployment-average-224-bce6541dd9dd,0.500000,0,average,1742484522,53957,281,31379,false,0.421798,-392.143506,1441385,7425,1056906,0
1742484610,free-deployment-average-232-549b4622d08c-547fb75f-6bst2_default,free-deployment-average-232-549b4622d08c,0.500000,0,average,1742484524,51417,341,34458,false,0.423190,-389.199186,1452940,7530,1071507,0
1742484613,free-deployment-average-189-d46f9130862b-f7d55dcd6-w6lr8_default,free-deployment-average-189-d46f9130862b,0.500000,0,average,1742484519,60138,263,34016,false,0.422757,-395.261287,1468711,7293,1080986,0
1742484616,free-deployment-average-220-bdbc9bfc6e62-6f9887ff67-pp8dw_default,free-deployment-average-220-bdbc9bfc6e62,0.500000,0,average,1742484538,43978,262,34397,false,0.423308,-387.179776,1447512,7317,1067885,0
1742484616,free-deployment-average-207-ce098f042ca2-865c68f547-88dgh_default,free-deployment-average-207-ce098f042ca2,0.500000,0,average,1742484533,51819,263,31596,false,0.422339,-390.482171,1443082,8216,1061073,0
1742484619,batch-deployment-average-122-419e035af17a-6c8f8b5c87-29c4h_default,batch-deployment-average-122-419e035af17a,0.900000,0,average,1742484564,12197,21,43757,false,0.910962,27.136694,219254,3080,2274744,0
1742484620,free-deployment-average-229-1ddb7fc8108e-6b474d4ddf-zwpgk_default,free-deployment-average-229-1ddb7fc8108e,0.500000,0,average,1742484541,46697,183,32136,false,0.421712,-392.338916,1440885,7315,1056091,0
1742484623,free-deployment-average-195-ac81edf8594b-64c765f9d-8vcdj_default,free-deployment-average-195-ac81edf8594b,0.500000,0,average,1742484535,55998,260,31760,false,0.421749,-395.380853,1452345,7622,1064833,0
1742484625,free-deployment-average-200-0c7f2a559833-556495bc6f-d22kh_default,free-deployment-average-200-0c7f2a559833,0.500000,0,average,1742484547,46837,265,31797,false,0.422269,-390.653611,1442501,8295,1060402,0
1742484628,batch-deployment-average-115-e5b8757bb5e6-59f664647c-8fvlf_default,batch-deployment-average-115-e5b8757bb5e6,0.900000,0,average,1742484421,21397,261,186124,false,0.911034,27.899606,223487,3152,2320854,0
1742484631,free-deployment-average-225-9c56dc853d91-6dc78c4dd8-6p2rc_default,free-deployment-average-225-9c56dc853d91,0.500000,0,average,1742484552,47438,260,31797,false,0.423251,-392.767386,1467296,7587,1082353,0
1742484633,free-deployment-average-175-c793764bb1b3-6bdbbc5585-85znf_default,free-deployment-average-175-c793764bb1b3,0.500000,0,average,1742484550,46678,183,37075,false,0.425272,-385.838726,1475188,7620,1097208,0
1742484636,free-deployment-average-233-d62f1d8f2614-5848c97567-nwqsw_default,free-deployment-average-233-d62f1d8f2614,0.500000,0,average,1742484555,50198,263,31315,false,0.423066,-392.821516,1464270,7716,1079406,0
1742484640,batch-deployment-average-116-fc83db90153e-f684b944-j46x5_default,batch-deployment-average-116-fc83db90153e,0.900000,0,average,1742484601,1358,180,37718,false,0.911948,30.071856,220561,2732,2312643,0
1742484643,free-deployment-average-237-c5994abe4a07-5dc4cfb49c-lsp7t_default,free-deployment-average-237-c5994abe4a07,0.500000,0,average,1742484566,44838,324,31934,false,0.422889,-395.469093,1471537,7483,1083778,0
1742484645,free-deployment-average-238-fb57ee9fdf9e-6884dc7d49-fhj55_default,free-deployment-average-238-fb57ee9fdf9e,0.500000,0,average,1742484569,44798,180,31958,false,0.423859,-390.943957,1470129,8069,1087492,0
1742484648,free-deployment-average-190-e96dfe525187-7579f996f8-d4hf7_default,free-deployment-average-190-e96dfe525187,0.500000,0,average,1742484571,46097,263,31417,false,0.424353,-392.665090,1485035,8060,1100674,0
1742484651,free-deployment-average-251-92f0a9778029-845d9b58b7-lqnjp_default,free-deployment-average-251-92f0a9778029,0.500000,0,average,1742484544,66637,225,40734,false,0.424297,-393.345644,1487609,7162,1101657,0
1742484654,free-deployment-average-255-60d4f796d4f4-57c5c4df4c-wb46g_default,free-deployment-average-255-60d4f796d4f4,0.500000,0,average,1742484578,45398,262,30797,false,0.422890,-392.808916,1460600,8386,1076431,0
1742484657,batch-deployment-average-122-419e035af17a-6c8f8b5c87-rkdph_default,batch-deployment-average-122-419e035af17a,0.900000,0,average,1742484619,1477,264,36554,false,0.911620,29.222006,220731,3344,2311299,0
1742484660,free-deployment-average-196-2f37620ad37d-c8d756bd6-ngpjb_default,free-deployment-average-196-2f37620ad37d,0.500000,0,average,1742484574,52238,260,33953,false,0.422937,-396.532611,1475934,7816,1087462,0
1742484660,free-deployment-average-227-5759980cc5cb-5898646d8c-cl2s4_default,free-deployment-average-227-5759980cc5cb,0.500000,0,average,1742484581,48078,181,31220,false,0.422237,-396.751566,1465605,7367,1076467,0
1742484663,batch-deployment-average-160-ce45c9058931-57f7986b7c-879ks_default,batch-deployment-average-160-ce45c9058931,0.900000,0,average,1742484558,14438,263,90614,false,0.911174,28.578733,225318,3709,2349358,0
1742484666,batch-deployment-average-120-d0e4aac950f1-74d49b5cdf-bkll2_default,batch-deployment-average-120-d0e4aac950f1,0.900000,0,average,1742484516,14678,260,135259,false,0.911200,28.296096,221299,4748,2319550,0
1742484669,batch-deployment-average-82-b68afcdd197a-7568768cc-n6s8p_default,batch-deployment-average-82-b68afcdd197a,0.900000,0,average,1742484476,49517,241,143278,false,0.911285,28.648122,224713,2375,2332661,0
1742484671,free-deployment-average-247-170c83458846-58fbfc49b7-7xfxz_default,free-deployment-average-247-170c83458846,0.500000,0,average,1742484593,44638,320,33918,false,0.422827,-395.908371,1471146,8364,1083864,0
1742484674,free-deployment-average-211-9c83ee22badd-6b6cc7d9c-lf45h_default,free-deployment-average-211-9c83ee22badd,0.500000,0,average,1742484596,47398,263,31056,false,0.423409,-400.643243,1499511,7669,1106770,0
1742484677,free-deployment-average-218-ee468b86cc2d-9b56ddb48-gf7hq_default,free-deployment-average-218-ee468b86cc2d,0.500000,0,average,1742484587,53557,260,37039,false,0.423626,-399.053053,1497102,7753,1106045,0
1742484677,free-deployment-average-230-284359c056eb-5cd676cdb4-vvcx5_default,free-deployment-average-230-284359c056eb,0.500000,0,average,1742484590,56238,263,31395,false,0.423428,-401.300031,1502299,7658,1108897,0
1742484680,free-deployment-average-206-c338c4bcd1ab-56c7599d48-5rccg_default,free-deployment-average-206-c338c4bcd1ab,0.500000,0,average,1742484584,53397,281,43258,false,0.424704,-388.020237,1473584,7786,1093602,0
1742484684,free-deployment-average-224-bce6541dd9dd-6c46c5c76b-dzgzp_default,free-deployment-average-224-bce6541dd9dd,0.500000,0,average,1742484607,42078,263,34776,false,0.422669,-399.709248,1483463,7689,1091683,0
1742484684,free-deployment-average-189-d46f9130862b-f7d55dcd6-lz95f_default,free-deployment-average-189-d46f9130862b,0.500000,0,average,1742484613,38918,264,31975,false,0.423477,-402.469851,1507630,7557,1112961,0
1742484687,free-deployment-average-232-549b4622d08c-547fb75f-zds6k_default,free-deployment-average-232-549b4622d08c,0.500000,0,average,1742484610,44757,263,32096,false,0.422988,-402.104987,1497698,7794,1103623,0
1742484689,free-deployment-average-249-426e7184252c-77d84b5db5-mctmg_default,free-deployment-average-249-426e7184252c,0.500000,0,average,1742484599,58637,183,32095,false,0.423016,-402.580537,1500005,7776,1105429,0
1742484693,batch-deployment-average-115-e5b8757bb5e6-59f664647c-m6qcn_default,batch-deployment-average-115-e5b8757bb5e6,0.900000,0,average,1742484628,6317,224,58628,false,0.910749,27.873087,229805,3377,2379483,0
1742484693,free-deployment-average-207-ce098f042ca2-865c68f547-rk8kv_default,free-deployment-average-207-ce098f042ca2,0.500000,0,average,1742484616,44897,184,32096,false,0.422147,-403.464860,1487980,8400,1093170,0
1742484695,free-deployment-average-195-ac81edf8594b-64c765f9d-w6tqr_default,free-deployment-average-195-ac81edf8594b,0.500000,0,average,1742484622,41658,263,32056,false,0.422081,-405.238512,1494003,7885,1096897,0
1742484698,free-deployment-average-229-1ddb7fc8108e-6b474d4ddf-rfxc6_default,free-deployment-average-229-1ddb7fc8108e,0.500000,0,average,1742484619,47498,263,31636,false,0.420998,-408.465271,1488384,7579,1087727,0
1742484700,batch-deployment-average-125-9550f1d1788c-847ff95d5d-4vmx8_default,batch-deployment-average-125-9550f1d1788c,0.900000,0,average,1742484604,13337,284,83355,false,0.911614,29.923720,225515,4005,2367284,0
1742484704,free-deployment-average-200-0c7f2a559833-556495bc6f-2jgm5_default,free-deployment-average-200-0c7f2a559833,0.500000,0,average,1742484625,47217,264,31735,false,0.421611,-406.382645,1489718,8560,1092155,0
1742484707,free-deployment-average-220-bdbc9bfc6e62-6f9887ff67-tvmkw_default,free-deployment-average-220-bdbc9bfc6e62,0.500000,0,average,1742484616,53338,260,37979,false,0.423007,-402.800558,1500850,7578,1105865,0
1742484710,free-deployment-average-233-d62f1d8f2614-5848c97567-ldjdq_default,free-deployment-average-233-d62f1d8f2614,0.500000,0,average,1742484636,42398,263,31755,false,0.423169,-403.728703,1506668,7980,1111162,0
1742484713,batch-deployment-average-145-c4c5e06afa5f-86bbcb5594-68bd5_default,batch-deployment-average-145-c4c5e06afa5f,0.900000,0,average,1742484354,35357,224,323674,false,0.914267,37.302111,222071,3462,2405138,0
1742484716,free-deployment-average-175-c793764bb1b3-6bdbbc5585-jmzxn_default,free-deployment-average-175-c793764bb1b3,0.500000,0,average,1742484633,51578,260,31259,false,0.423740,-406.418759,1526767,7881,1128468,0
1742484718,free-deployment-average-225-9c56dc853d91-6dc78c4dd8-487pc_default,free-deployment-average-225-9c56dc853d91,0.500000,0,average,1742484631,50280,179,37438,false,0.423340,-405.786681,1517576,7767,1119792,0
1742484721,free-deployment-average-237-c5994abe4a07-5dc4cfb49c-crmmh_default,free-deployment-average-237-c5994abe4a07,0.500000,0,average,1742484643,44418,260,33979,false,0.423160,-406.169505,1515955,7744,1117757,0
1742484724,free-deployment-average-238-fb57ee9fdf9e-6884dc7d49-65xb2_default,free-deployment-average-238-fb57ee9fdf9e,0.500000,0,average,1742484645,45297,184,33977,false,0.423972,-402.446281,1515427,8253,1121470,0
1742484727,free-deployment-average-190-e96dfe525187-7579f996f8-pvzzv_default,free-deployment-average-190-e96dfe525187,0.500000,0,average,1742484648,45597,184,33635,false,0.424329,-404.808925,1530633,8244,1134310,0
1742484730,batch-deployment-average-82-b68afcdd197a-7568768cc-hz5g5_default,batch-deployment-average-82-b68afcdd197a,0.900000,0,average,1742484668,7177,324,54756,false,0.910531,27.366581,231890,2700,2387438,0
1742484733,free-deployment-average-227-5759980cc5cb-5898646d8c-n87ld_default,free-deployment-average-227-5759980cc5cb,0.500000,0,average,1742484660,41397,265,31434,false,0.422454,-406.980876,1507003,7633,1107902,0
1742484736,batch-deployment-average-127-c9c5eacfc21c-77d65d444c-v7j9n_default,batch-deployment-average-127-c9c5eacfc21c,0.900000,0,average,1742484241,34578,261,460358,false,0.919134,50.189537,211168,1778,2420396,0
1742484736,batch-deployment-average-101-89cde830bd1e-86d6d6559-pmj5r_default,batch-deployment-average-101-89cde830bd1e,0.900000,0,average,1742484323,32218,263,380755,false,0.914081,37.193508,224617,3770,2429780,0
1742484739,free-deployment-average-251-92f0a9778029-845d9b58b7-zr2c5_default,free-deployment-average-251-92f0a9778029,0.500000,0,average,1742484651,56878,263,31117,false,0.421943,-419.350230,1544487,7425,1132795,0
1742484742,free-deployment-average-211-9c83ee22badd-6b6cc7d9c-mlcv2_default,free-deployment-average-211-9c83ee22badd,0.500000,0,average,1742484674,36718,262,31136,false,0.424265,-406.488568,1536229,7932,1137907,0
1742484744,free-deployment-average-247-170c83458846-58fbfc49b7-vngkx_default,free-deployment-average-247-170c83458846,0.500000,0,average,1742484671,42557,263,31135,false,0.422776,-407.594209,1513704,8628,1115000,0
1742484747,free-deployment-average-255-60d4f796d4f4-57c5c4df4c-ncdb4_default,free-deployment-average-255-60d4f796d4f4,0.500000,0,average,1742484654,50797,261,42738,false,0.424058,-401.110135,1511398,8647,1119190,0
1742484750,free-deployment-average-230-284359c056eb-5cd676cdb4-rwrkx_default,free-deployment-average-230-284359c056eb,0.500000,0,average,1742484677,39437,180,33979,false,0.424474,-406.937450,1541737,7838,1142876,0
1742484753,free-deployment-average-196-2f37620ad37d-c8d756bd6-pjh22_default,free-deployment-average-196-2f37620ad37d,0.500000,0,average,1742484660,45038,241,48198,false,0.426189,-393.613285,1520972,8057,1135661,0
1742484756,free-deployment-average-189-d46f9130862b-f7d55dcd6-bmbds_default,free-deployment-average-189-d46f9130862b,0.500000,0,average,1742484684,38037,261,33980,false,0.424726,-406.789292,1545667,7819,1146942,0
1742484758,free-deployment-average-218-ee468b86cc2d-9b56ddb48-m7lv9_default,free-deployment-average-218-ee468b86cc2d,0.500000,0,average,1742484677,47878,260,33859,false,0.423300,-413.332379,1544981,8013,1139905,0
1742484761,free-deployment-average-232-549b4622d08c-547fb75f-nn9mz_default,free-deployment-average-232-549b4622d08c,0.500000,0,average,1742484687,43599,262,30976,false,0.422735,-414.990439,1541297,8056,1134600,0
1742484764,free-deployment-average-224-bce6541dd9dd-6c46c5c76b-69fhl_default,free-deployment-average-224-bce6541dd9dd,0.500000,0,average,1742484684,43719,262,36814,false,0.423669,-406.876966,1527182,7951,1128498,0
1742484767,free-deployment-average-229-1ddb7fc8108e-6b474d4ddf-zzbfp_default,free-deployment-average-229-1ddb7fc8108e,0.500000,0,average,1742484698,38737,262,30617,false,0.421495,-416.829455,1527122,7841,1118365,0
1742484770,free-deployment-average-249-426e7184252c-77d84b5db5-r9k2s_default,free-deployment-average-249-426e7184252c,0.500000,0,average,1742484689,50578,265,30635,false,0.421598,-422.768933,1550583,8041,1136085,0
1742484773,free-deployment-average-207-ce098f042ca2-865c68f547-jnm8s_default,free-deployment-average-207-ce098f042ca2,0.500000,0,average,1742484693,49418,260,30639,false,0.420927,-422.485237,1537399,8661,1123829,0
1742484776,batch-deployment-average-115-e5b8757bb5e6-59f664647c-pjpb9_default,batch-deployment-average-115-e5b8757bb5e6,0.900000,0,average,1742484693,8638,324,74535,false,0.910189,27.253875,238443,3701,2454019,0
1742484776,batch-deployment-average-82-b68afcdd197a-7568768cc-l664p_default,batch-deployment-average-82-b68afcdd197a,0.900000,0,average,1742484730,3558,283,42695,false,0.910651,28.175519,235448,2983,2430134,0
1742484779,free-deployment-average-195-ac81edf8594b-64c765f9d-cnwtd_default,free-deployment-average-195-ac81edf8594b,0.500000,0,average,1742484695,50258,263,34015,false,0.421460,-421.744666,1544261,8149,1130913,0
1742484782,free-deployment-average-206-c338c4bcd1ab-56c7599d48-f85s4_default,free-deployment-average-206-c338c4bcd1ab,0.500000,0,average,1742484680,68099,262,34095,false,0.421187,-422.286467,1541684,8049,1127698,0
1742484785,free-deployment-average-200-0c7f2a559833-556495bc6f-n6l5v_default,free-deployment-average-200-0c7f2a559833,0.500000,0,average,1742484704,46938,265,34014,false,0.421526,-419.571947,1536657,8825,1126170,0
1742484788,free-deployment-average-220-bdbc9bfc6e62-6f9887ff67-wzfh2_default,free-deployment-average-220-bdbc9bfc6e62,0.500000,0,average,1742484707,46818,183,34056,false,0.422921,-415.743903,1547669,7761,1139922,0
1742484790,free-deployment-average-175-c793764bb1b3-6bdbbc5585-fvrmm_default,free-deployment-average-175-c793764bb1b3,0.500000,0,average,1742484716,43418,260,31178,false,0.423542,-418.919767,1570185,8141,1159646,0
1742484793,batch-deployment-average-120-d0e4aac950f1-74d49b5cdf-s4zx5_default,batch-deployment-average-120-d0e4aac950f1,0.900000,0,average,1742484666,9019,182,118476,false,0.912000,31.863953,230318,4930,2438027,0
1742484796,free-deployment-average-225-9c56dc853d91-6dc78c4dd8-lqbdg_default,free-deployment-average-225-9c56dc853d91,0.500000,0,average,1742484718,47098,262,31215,false,0.422588,-421.933566,1564675,8029,1151007,0
1742484799,free-deployment-average-237-c5994abe4a07-5dc4cfb49c-6wd5d_default,free-deployment-average-237-c5994abe4a07,0.500000,0,average,1742484721,46938,263,31255,false,0.422445,-422.116941,1562893,8007,1149013,0
1742484802,free-deployment-average-251-92f0a9778029-845d9b58b7-vwp7b_default,free-deployment-average-251-92f0a9778029,0.500000,0,average,1742484739,31779,262,31255,false,0.423603,-420.117387,1576266,7688,1164070,0
1742484805,free-deployment-average-233-d62f1d8f2614-5848c97567-skmkv_default,free-deployment-average-233-d62f1d8f2614,0.500000,0,average,1742484710,52258,263,42616,false,0.424035,-413.634442,1558926,8244,1153779,0
1742484807,free-deployment-average-238-fb57ee9fdf9e-6884dc7d49-8tk8w_default,free-deployment-average-238-fb57ee9fdf9e,0.500000,0,average,1742484724,49658,180,34098,false,0.423427,-418.184732,1565085,8434,1155569,0
1742484810,batch-deployment-average-115-e5b8757bb5e6-59f664647c-n59px_default,batch-deployment-average-115-e5b8757bb5e6,0.900000,0,average,1742484776,997,261,33561,false,0.910874,29.476851,239440,3962,2487601,0
1742484813,free-deployment-average-227-5759980cc5cb-5898646d8c-kgwj6_default,free-deployment-average-227-5759980cc5cb,0.500000,0,average,1742484733,46917,260,33478,false,0.422234,-420.680792,1553920,7894,1141381,0
1742484816,free-deployment-average-190-e96dfe525187-7579f996f8-l9glq_default,free-deployment-average-190-e96dfe525187,0.500000,0,average,1742484727,55758,183,33475,false,0.422712,-427.273249,1586391,8427,1167787,0
1742484819,free-deployment-average-211-9c83ee22badd-6b6cc7d9c-fb9d8_default,free-deployment-average-211-9c83ee22badd,0.500000,0,average,1742484742,43518,262,33458,false,0.424514,-416.812001,1579748,8195,1171365,0
1742484822,free-deployment-average-247-170c83458846-58fbfc49b7-2tq6c_default,free-deployment-average-247-170c83458846,0.500000,0,average,1742484744,44398,180,33478,false,0.422952,-418.691770,1558102,8809,1148479,0
1742484824,free-deployment-average-218-ee468b86cc2d-9b56ddb48-brqct_default,free-deployment-average-218-ee468b86cc2d,0.500000,0,average,1742484758,36077,263,30536,false,0.424111,-419.118756,1581059,8277,1170461,0
1742484827,free-deployment-average-230-284359c056eb-5cd676cdb4-pmwmf_default,free-deployment-average-230-284359c056eb,0.500000,0,average,1742484750,46917,263,30515,false,0.423589,-423.583223,1588655,8102,1173412,0
1742484830,batch-deployment-average-145-c4c5e06afa5f-86bbcb5594-j6lqx_default,batch-deployment-average-145-c4c5e06afa5f,0.900000,0,average,1742484713,20398,185,96673,false,0.910435,28.446821,242470,3647,2501811,0
1742484833,free-deployment-average-255-60d4f796d4f4-57c5c4df4c-8s45q_default,free-deployment-average-255-60d4f796d4f4,0.500000,0,average,1742484747,52758,261,33437,false,0.422875,-420.692915,1564156,8909,1152627,0
1742484836,free-deployment-average-232-549b4622d08c-547fb75f-5d87q_default,free-deployment-average-232-549b4622d08c,0.500000,0,average,1742484761,41598,264,33433,false,0.423316,-423.420728,1582896,8321,1168034,0
1742484839,free-deployment-average-249-426e7184252c-77d84b5db5-j6zss_default,free-deployment-average-249-426e7184252c,0.500000,0,average,1742484770,35437,264,33434,false,0.423149,-425.037171,1586021,8305,1169520,0
1742484842,batch-deployment-average-160-ce45c9058931-57f7986b7c-wg6jk_default,batch-deployment-average-160-ce45c9058931,0.900000,0,average,1742484663,18437,324,160515,false,0.910145,27.740780,243756,4033,2509895,0
1742484842,free-deployment-average-189-d46f9130862b-f7d55dcd6-t2469_default,free-deployment-average-189-d46f9130862b,0.500000,0,average,1742484756,52278,263,33776,false,0.423691,-425.555414,1597946,8083,1180718,0
1742484845,free-deployment-average-229-1ddb7fc8108e-6b474d4ddf-llnnh_default,free-deployment-average-229-1ddb7fc8108e,0.500000,0,average,1742484767,44117,264,33896,false,0.421830,-427.294855,1571239,8106,1152282,0
1742484847,free-deployment-average-251-92f0a9778029-845d9b58b7-wd9j8_default,free-deployment-average-251-92f0a9778029,0.500000,0,average,1742484802,43618,263,2115,false,0.417386,-461.884636,1619885,7952,1166186,0
1742484850,free-deployment-average-195-ac81edf8594b-64c765f9d-nmndt_default,free-deployment-average-195-ac81edf8594b,0.500000,0,average,1742484779,40598,180,30938,false,0.421718,-431.583459,1584860,8329,1161851,0
1742484853,free-deployment-average-224-bce6541dd9dd-6c46c5c76b-zjmcx_default,free-deployment-average-224-bce6541dd9dd,0.500000,0,average,1742484764,52718,262,36575,false,0.423173,-423.282962,1579901,8214,1165074,0
1742484856,free-deployment-average-206-c338c4bcd1ab-56c7599d48-4x4qp_default,free-deployment-average-206-c338c4bcd1ab,0.500000,0,average,1742484782,43277,261,30858,false,0.421013,-434.967380,1584962,8310,1158557,0
1742484859,free-deployment-average-207-ce098f042ca2-865c68f547-t2bvm_default,free-deployment-average-207-ce098f042ca2,0.500000,0,average,1742484773,40959,180,45058,false,0.424112,-418.563311,1578358,8841,1168888,0
1742484862,free-deployment-average-196-2f37620ad37d-c8d756bd6-zth6p_default,free-deployment-average-196-2f37620ad37d,0.500000,0,average,1742484753,77638,222,31216,false,0.420683,-440.257200,1598611,8280,1166877,0
1742484864,free-deployment-average-200-0c7f2a559833-556495bc6f-zwfqf_default,free-deployment-average-200-0c7f2a559833,0.500000,0,average,1742484785,45838,323,33677,false,0.421534,-432.057236,1582495,9148,1159848,0
1742484867,free-deployment-average-175-c793764bb1b3-6bdbbc5585-k5wsk_default,free-deployment-average-175-c793764bb1b3,0.500000,0,average,1742484790,43758,263,33655,false,0.423811,-429.286180,1613944,8404,1193303,0
1742484870,free-deployment-average-220-bdbc9bfc6e62-6f9887ff67-vpglt_default,free-deployment-average-220-bdbc9bfc6e62,0.500000,0,average,1742484787,49597,261,33618,false,0.422315,-431.985469,1597267,8022,1173540,0
1742484873,free-deployment-average-225-9c56dc853d91-6dc78c4dd8-dj6kg_default,free-deployment-average-225-9c56dc853d91,0.500000,0,average,1742484796,43478,201,33677,false,0.422940,-431.933970,1608153,8230,1184685,0
1742484876,free-deployment-average-237-c5994abe4a07-5dc4cfb49c-k58nn_default,free-deployment-average-237-c5994abe4a07,0.500000,0,average,1742484799,43738,265,33194,false,0.422653,-432.927269,1606632,8273,1182207,0
1742484879,batch-deployment-average-101-89cde830bd1e-86d6d6559-ktpdc_default,batch-deployment-average-101-89cde830bd1e,0.900000,0,average,1742484736,20578,182,122257,false,0.911056,30.737018,245196,3952,2552037,0
1742484881,batch-deployment-average-125-9550f1d1788c-847ff95d5d-47zt2_default,batch-deployment-average-125-9550f1d1788c,0.900000,0,average,1742484700,19197,184,162495,false,0.910425,28.734307,244713,4189,2529800,0
1742484884,free-deployment-average-251-92f0a9778029-845d9b58b7-xm9p2_default,free-deployment-average-251-92f0a9778029,0.500000,0,average,1742484847,6858,261,30596,false,0.422632,-438.409184,1626744,8214,1196783,0
1742484887,batch-deployment-average-116-fc83db90153e-f684b944-ftl6s_default,batch-deployment-average-116-fc83db90153e,0.900000,0,average,1742484640,17797,283,229396,false,0.913281,36.734060,238359,3016,2542039,0
1742484890,free-deployment-average-238-fb57ee9fdf9e-6884dc7d49-v6rgp_default,free-deployment-average-238-fb57ee9fdf9e,0.500000,0,average,1742484807,52538,264,30494,false,0.421729,-440.494079,1617624,8698,1186064,0
1742484893,free-deployment-average-190-e96dfe525187-7579f996f8-g5xz4_default,free-deployment-average-190-e96dfe525187,0.500000,0,average,1742484816,40698,260,36158,false,0.423966,-432.074620,1627090,8688,1203945,0
1742484895,free-deployment-average-233-d62f1d8f2614-5848c97567-lddz8_default,free-deployment-average-233-d62f1d8f2614,0.500000,0,average,1742484805,57378,182,33397,false,0.422196,-437.796586,1616305,8426,1187176,0
1742484898,free-deployment-average-227-5759980cc5cb-5898646d8c-9lmj8_default,free-deployment-average-227-5759980cc5cb,0.500000,0,average,1742484813,52138,260,33480,false,0.421237,-439.599719,1606059,8154,1174861,0
1742484901,free-deployment-average-211-9c83ee22badd-6b6cc7d9c-4fr85_default,free-deployment-average-211-9c83ee22badd,0.500000,0,average,1742484819,48978,263,33475,false,0.423941,-432.560650,1628726,8458,1204859,0
1742484904,free-deployment-average-247-170c83458846-58fbfc49b7-c545x_default,free-deployment-average-247-170c83458846,0.500000,0,average,1742484821,49819,259,33478,false,0.422286,-435.292037,1607922,9069,1181958,0
1742484907,batch-deployment-average-127-c9c5eacfc21c-77d65d444c-nrsk6_default,batch-deployment-average-127-c9c5eacfc21c,0.900000,0,average,1742484736,37817,322,133598,false,0.910489,29.211243,248986,2100,2553994,0
1742484907,free-deployment-average-230-284359c056eb-5cd676cdb4-8wh25_default,free-deployment-average-230-284359c056eb,0.500000,0,average,1742484827,46657,261,33858,false,0.423463,-436.644300,1635313,8363,1207271,0
1742484910,free-deployment-average-218-ee468b86cc2d-9b56ddb48-cj62p_default,free-deployment-average-218-ee468b86cc2d,0.500000,0,average,1742484824,52498,263,33936,false,0.423120,-437.925204,1633557,8541,1204417,0
1742484913,free-deployment-average-232-549b4622d08c-547fb75f-ksr95_default,free-deployment-average-232-549b4622d08c,0.500000,0,average,1742484836,46178,264,30654,false,0.422617,-439.210221,1629074,8586,1198689,0
1742484915,free-deployment-average-255-60d4f796d4f4-57c5c4df4c-s64sw_default,free-deployment-average-255-60d4f796d4f4,0.500000,0,average,1742484833,46339,262,36376,false,0.423333,-430.917683,1610495,9171,1189004,0
1742484919,free-deployment-average-189-d46f9130862b-f7d55dcd6-hwvtn_default,free-deployment-average-189-d46f9130862b,0.500000,0,average,1742484842,45778,262,31336,false,0.423185,-440.259433,1643724,8345,1212056,0
1742484922,free-deployment-average-249-426e7184252c-77d84b5db5-2gqcl_default,free-deployment-average-249-426e7184252c,0.500000,0,average,1742484839,46017,183,37056,false,0.423791,-434.180909,1632039,8489,1206577,0
1742484925,free-deployment-average-229-1ddb7fc8108e-6b474d4ddf-tvz9r_default,free-deployment-average-229-1ddb7fc8108e,0.500000,0,average,1742484845,45658,180,34219,false,0.421989,-438.912876,1616898,8286,1186502,0
1742484927,free-deployment-average-196-2f37620ad37d-c8d756bd6-4qzs2_default,free-deployment-average-196-2f37620ad37d,0.500000,0,average,1742484861,35337,264,31295,false,0.421793,-444.565028,1633949,8544,1198172,0
1742484930,free-deployment-average-195-ac81edf8594b-64c765f9d-c6ssv_default,free-deployment-average-195-ac81edf8594b,0.500000,0,average,1742484850,49177,260,31378,false,0.420765,-449.643888,1634037,8590,1193230,0
1742484933,batch-deployment-average-160-ce45c9058931-57f7986b7c-8nhxb_default,batch-deployment-average-160-ce45c9058931,0.900000,0,average,1742484842,9018,264,82335,false,0.909777,27.618648,252774,4298,2592231,0
1742484936,batch-deployment-average-82-b68afcdd197a-7568768cc-qnn6j_default,batch-deployment-average-82-b68afcdd197a,0.900000,0,average,1742484776,15159,259,145259,false,0.910277,28.825826,250608,3242,2575415,0
1742484936,free-deployment-average-206-c338c4bcd1ab-56c7599d48-2tkqb_default,free-deployment-average-206-c338c4bcd1ab,0.500000,0,average,1742484856,46018,263,34435,false,0.421173,-446.813543,1630980,8573,1192992,0
1742484939,free-deployment-average-224-bce6541dd9dd-6c46c5c76b-85sgq_default,free-deployment-average-224-bce6541dd9dd,0.500000,0,average,1742484853,51898,184,34595,false,0.422439,-440.768730,1631799,8399,1199670,0
1742484942,free-deployment-average-200-0c7f2a559833-556495bc6f-479rt_default,free-deployment-average-200-0c7f2a559833,0.500000,0,average,1742484864,44197,264,34055,false,0.421873,-442.464124,1626693,9413,1193903,0
1742484945,batch-deployment-average-95-45538e973fea-c4779c548-92gn5_default,batch-deployment-average-95-45538e973fea,0.900000,0,average,1742484590,23957,321,330959,false,0.915122,42.877752,238555,3363,2608297,0
1742484948,free-deployment-average-220-bdbc9bfc6e62-6f9887ff67-kr49z_default,free-deployment-average-220-bdbc9bfc6e62,0.500000,0,average,1742484870,46557,264,31295,false,0.421721,-447.512959,1643824,8287,1204836,0
1742484950,free-deployment-average-175-c793764bb1b3-6bdbbc5585-gszfx_default,free-deployment-average-175-c793764bb1b3,0.500000,0,average,1742484867,52718,260,30978,false,0.422223,-451.286817,1666662,8665,1224281,0
1742484953,free-deployment-average-207-ce098f042ca2-865c68f547-n4tpm_default,free-deployment-average-207-ce098f042ca2,0.500000,0,average,1742484859,57798,320,36678,false,0.422875,-440.004754,1636156,9161,1205568,0
1742484956,free-deployment-average-225-9c56dc853d91-6dc78c4dd8-mnx2m_default,free-deployment-average-225-9c56dc853d91,0.500000,0,average,1742484873,49597,182,33857,false,0.422415,-447.854159,1657751,8412,1218543,0
1742484959,batch-deployment-average-99-37206e1ae97c-658595c8d4-t7hzp_default,batch-deployment-average-99-37206e1ae97c,0.900000,0,average,1742484561,26858,320,371279,false,0.916192,46.314593,239528,1362,2633437,0
1742484962,batch-deployment-average-104-fefb8eb75caa-6b57b6587f-4mt9h_default,batch-deployment-average-104-fefb8eb75caa,0.900000,0,average,1742484186,37897,285,738475,false,0.925438,73.137297,212903,2175,2669503,0
1742484962,free-deployment-average-251-92f0a9778029-845d9b58b7-jvgl2_default,free-deployment-average-251-92f0a9778029,0.500000,0,average,1742484884,44277,264,34156,false,0.422940,-448.794548,1671021,8478,1230940,0
1742484965,free-deployment-average-238-fb57ee9fdf9e-6884dc7d49-qtgdd_default,free-deployment-average-238-fb57ee9fdf9e,0.500000,0,average,1742484890,43838,182,31596,false,0.421631,-452.897925,1661462,8881,1217680,0
1742484968,free-deployment-average-237-c5994abe4a07-5dc4cfb49c-chjgw_default,free-deployment-average-237-c5994abe4a07,0.500000,0,average,1742484876,55117,261,37078,false,0.421961,-451.228350,1661749,8534,1219286,0
1742484971,free-deployment-average-233-d62f1d8f2614-5848c97567-xtk4g_default,free-deployment-average-233-d62f1d8f2614,0.500000,0,average,1742484895,42138,265,33893,false,0.422778,-446.308147,1658443,8692,1221069,0
1742484974,free-deployment-average-227-5759980cc5cb-5898646d8c-lp8pk_default,free-deployment-average-227-5759980cc5cb,0.500000,0,average,1742484898,41978,259,33859,false,0.421867,-447.978619,1648038,8414,1208721,0
1742484976,free-deployment-average-211-9c83ee22badd-6b6cc7d9c-4m8ms_default,free-deployment-average-211-9c83ee22badd,0.500000,0,average,1742484901,44578,265,31134,false,0.423573,-446.269838,1673304,8723,1235994,0
1742484979,free-deployment-average-247-170c83458846-58fbfc49b7-x8qbg_default,free-deployment-average-247-170c83458846,0.500000,0,average,1742484904,44418,264,31134,false,0.421980,-448.840371,1652340,9333,1213093,0
1742484982,free-deployment-average-190-e96dfe525187-7579f996f8-g56pf_default,free-deployment-average-190-e96dfe525187,0.500000,0,average,1742484893,49818,181,39658,false,0.424528,-442.413275,1676908,8869,1243604,0
1742484985,free-deployment-average-230-284359c056eb-5cd676cdb4-fqsmv_default,free-deployment-average-230-284359c056eb,0.500000,0,average,1742484907,44258,260,33978,false,0.423719,-447.165420,1679571,8624,1241270,0
1742484988,free-deployment-average-218-ee468b86cc2d-9b56ddb48-ndx5w_default,free-deployment-average-218-ee468b86cc2d,0.500000,0,average,1742484910,44098,263,33975,false,0.423403,-448.311940,1677655,8804,1238393,0
1742484991,free-deployment-average-232-549b4622d08c-547fb75f-bznh8_default,free-deployment-average-232-549b4622d08c,0.500000,0,average,1742484913,43938,263,33975,false,0.422938,-449.437086,1673013,8849,1232664,0
1742484994,free-deployment-average-189-d46f9130862b-f7d55dcd6-c6r5z_default,free-deployment-average-189-d46f9130862b,0.500000,0,average,1742484919,40819,183,34015,false,0.423957,-447.244146,1684543,8529,1246072,0
1742484996,free-deployment-average-195-ac81edf8594b-64c765f9d-84lpp_default,free-deployment-average-195-ac81edf8594b,0.500000,0,average,1742484930,33117,264,33476,false,0.422606,-449.549222,1667155,8855,1226707,0
1742484999,free-deployment-average-196-2f37620ad37d-c8d756bd6-l554f_default,free-deployment-average-196-2f37620ad37d,0.500000,0,average,1742484927,38997,184,33437,false,0.422756,-450.308173,1672946,8729,1231610,0
1742485002,batch-deployment-average-160-ce45c9058931-57f7986b7c-44ttw_default,batch-deployment-average-160-ce45c9058931,0.900000,0,average,1742484933,997,324,68135,false,0.911472,33.240101,253772,4622,2660387,0
1742485005,free-deployment-average-255-60d4f796d4f4-57c5c4df4c-4ksb5_default,free-deployment-average-255-60d4f796d4f4,0.500000,0,average,1742484915,59437,263,30597,false,0.420702,-460.022573,1669933,9435,1219601,0
1742485008,free-deployment-average-229-1ddb7fc8108e-6b474d4ddf-tv4sc_default,free-deployment-average-229-1ddb7fc8108e,0.500000,0,average,1742484924,47678,181,36281,false,0.422257,-450.489842,1664576,8468,1222783,0
1742485010,free-deployment-average-249-426e7184252c-77d84b5db5-wh25s_default,free-deployment-average-249-426e7184252c,0.500000,0,average,1742484922,55278,259,33439,false,0.422337,-456.281113,1687317,8749,1240016,0
1742485014,batch-deployment-average-101-89cde830bd1e-86d6d6559-k5ct7_default,batch-deployment-average-101-89cde830bd1e,0.900000,0,average,1742484878,15419,258,120479,false,0.909842,28.674771,260616,4211,2672535,0
1742485014,free-deployment-average-206-c338c4bcd1ab-56c7599d48-fpjrq_default,free-deployment-average-206-c338c4bcd1ab,0.500000,0,average,1742484936,44118,260,33817,false,0.421481,-457.353325,1675099,8834,1226832,0
1742485017,free-deployment-average-224-bce6541dd9dd-6c46c5c76b-g2vp8_default,free-deployment-average-224-bce6541dd9dd,0.500000,0,average,1742484939,43957,260,33919,false,0.422751,-451.068309,1675757,8660,1233589,0
1742485019,free-deployment-average-175-c793764bb1b3-6bdbbc5585-bxzcj_default,free-deployment-average-175-c793764bb1b3,0.500000,0,average,1742484950,35797,260,33858,false,0.423684,-453.486981,1702460,8926,1258140,0
1742485022,free-deployment-average-200-0c7f2a559833-556495bc6f-trhzl_default,free-deployment-average-200-0c7f2a559833,0.500000,0,average,1742484942,46638,264,33855,false,0.421799,-455.510677,1673331,9677,1227759,0
1742485025,free-deployment-average-220-bdbc9bfc6e62-6f9887ff67-4k5jv_default,free-deployment-average-220-bdbc9bfc6e62,0.500000,0,average,1742484948,43478,260,33858,false,0.422108,-457.394043,1687303,8548,1238694,0
1742485028,free-deployment-average-225-9c56dc853d91-6dc78c4dd8-xv8b9_default,free-deployment-average-225-9c56dc853d91,0.500000,0,average,1742484956,38317,263,33815,false,0.423509,-452.620657,1696069,8676,1252359,0
1742485031,free-deployment-average-238-fb57ee9fdf9e-6884dc7d49-8qbzd_default,free-deployment-average-238-fb57ee9fdf9e,0.500000,0,average,1742484965,32158,180,33938,false,0.423660,-451.297216,1693621,9062,1251619,0
1742485034,free-deployment-average-251-92f0a9778029-845d9b58b7-q8f6d_default,free-deployment-average-251-92f0a9778029,0.500000,0,average,1742484962,40758,263,31095,false,0.423139,-458.721437,1711779,8741,1262036,0
1742485037,batch-deployment-average-95-45538e973fea-c4779c548-czjgq_default,batch-deployment-average-95-45538e973fea,0.900000,0,average,1742484945,23758,263,68278,false,0.909622,28.085231,262314,3627,2676596,0
1742485037,free-deployment-average-207-ce098f042ca2-865c68f547-5pvgz_default,free-deployment-average-207-ce098f042ca2,0.500000,0,average,1742484953,46918,264,37154,false,0.423383,-450.032943,1683074,9426,1242723,0
1742485040,free-deployment-average-233-d62f1d8f2614-5848c97567-gwcrb_default,free-deployment-average-233-d62f1d8f2614,0.500000,0,average,1742484971,37438,262,31439,false,0.423525,-452.570358,1695882,8955,1252509,0
1742485042,free-deployment-average-237-c5994abe4a07-5dc4cfb49c-nmlp8_default,free-deployment-average-237-c5994abe4a07,0.500000,0,average,1742484968,37598,261,36717,false,0.423732,-452.370387,1699347,8795,1256004,0
1742485045,free-deployment-average-227-5759980cc5cb-5898646d8c-kkjgm_default,free-deployment-average-227-5759980cc5cb,0.500000,0,average,1742484974,37318,184,33594,false,0.423097,-451.864973,1685356,8599,1242336,0
1742485048,free-deployment-average-211-9c83ee22badd-6b6cc7d9c-p759v_default,free-deployment-average-211-9c83ee22badd,0.500000,0,average,1742484976,38618,265,33274,false,0.424479,-451.878881,1711922,8988,1269269,0
1742485048,batch-deployment-average-145-c4c5e06afa5f-86bbcb5594-6fpcn_default,batch-deployment-average-145-c4c5e06afa5f,0.900000,0,average,1742484830,15857,244,202095,false,0.911596,34.165810,258328,3891,2703927,0
1742485051,free-deployment-average-230-284359c056eb-5cd676cdb4-snwpd_default,free-deployment-average-230-284359c056eb,0.500000,0,average,1742484985,35218,260,31399,false,0.424741,-451.245305,1714790,8884,1272669,0
1742485054,free-deployment-average-190-e96dfe525187-7579f996f8-r9pnn_default,free-deployment-average-190-e96dfe525187,0.500000,0,average,1742484982,41058,262,31436,false,0.424711,-452.298625,1717966,9132,1275040,0
1742485057,free-deployment-average-218-ee468b86cc2d-9b56ddb48-6ddzz_default,free-deployment-average-218-ee468b86cc2d,0.500000,0,average,1742484988,37898,262,31476,false,0.424069,-454.995675,1715553,9067,1269870,0
1742485060,free-deployment-average-247-170c83458846-58fbfc49b7-4mzwz_default,free-deployment-average-247-170c83458846,0.500000,0,average,1742484979,38458,183,42816,false,0.424835,-444.663765,1690799,9516,1255909,0
1742485063,free-deployment-average-255-60d4f796d4f4-57c5c4df4c-xwt8s_default,free-deployment-average-255-60d4f796d4f4,0.500000,0,average,1742485005,26578,260,31479,false,0.423050,-455.382134,1696511,9696,1251080,0
1742485066,free-deployment-average-189-d46f9130862b-f7d55dcd6-89x7r_default,free-deployment-average-189-d46f9130862b,0.500000,0,average,1742484993,41457,184,31516,false,0.424123,-457.368981,1726001,8714,1277588,0
1742485068,free-deployment-average-195-ac81edf8594b-64c765f9d-kgnhq_default,free-deployment-average-195-ac81edf8594b,0.500000,0,average,1742484996,41757,181,31018,false,0.422669,-460.468028,1708912,9036,1257725,0
1742485071,free-deployment-average-232-549b4622d08c-547fb75f-lv2qr_default,free-deployment-average-232-549b4622d08c,0.500000,0,average,1742484991,37738,263,42796,false,0.425817,-444.642623,1710751,9112,1275461,0
1742485074,batch-deployment-average-127-c9c5eacfc21c-77d65d444c-f9f4z_default,batch-deployment-average-127-c9c5eacfc21c,0.900000,0,average,1742484907,18358,259,149018,false,0.909273,27.351665,267345,2360,2703013,0
1742485077,batch-deployment-average-116-fc83db90153e-f684b944-86dlv_default,batch-deployment-average-116-fc83db90153e,0.900000,0,average,1742484887,26518,224,163735,false,0.909843,29.039598,264877,3241,2705775,0
1742485080,batch-deployment-average-120-d0e4aac950f1-74d49b5cdf-s7wwr_default,batch-deployment-average-120-d0e4aac950f1,0.900000,0,average,1742484793,29357,264,257658,false,0.910534,30.969973,259676,5195,2695706,0
1742485082,free-deployment-average-249-426e7184252c-77d84b5db5-m7ngd_default,free-deployment-average-249-426e7184252c,0.500000,0,average,1742485010,38737,264,33915,false,0.423374,-461.368915,1726055,9014,1273931,0
1742485086,free-deployment-average-206-c338c4bcd1ab-56c7599d48-9w49m_default,free-deployment-average-206-c338c4bcd1ab,0.500000,0,average,1742485014,38257,263,33616,false,0.422558,-462.257607,1713356,9097,1260449,0
1742485088,free-deployment-average-196-2f37620ad37d-c8d756bd6-wqqb4_default,free-deployment-average-196-2f37620ad37d,0.500000,0,average,1742484999,56098,262,33596,false,0.421280,-473.072718,1729045,8992,1265207,0
1742485091,free-deployment-average-224-bce6541dd9dd-6c46c5c76b-x466z_default,free-deployment-average-224-bce6541dd9dd,0.500000,0,average,1742485017,43778,263,30778,false,0.422470,-464.312136,1719535,8923,1264388,0
1742485094,free-deployment-average-227-5759980cc5cb-5898646d8c-gt864_default,free-deployment-average-227-5759980cc5cb,0.500000,0,average,1742485045,47178,262,2115,false,0.416783,-497.190527,1732534,8862,1244452,0
1742485097,free-deployment-average-200-0c7f2a559833-556495bc6f-6d4g5_default,free-deployment-average-200-0c7f2a559833,0.500000,0,average,1742485022,41618,262,33356,false,0.422342,-464.035608,1714950,9940,1261116,0
1742485100,free-deployment-average-220-bdbc9bfc6e62-6f9887ff67-gdtxp_default,free-deployment-average-220-bdbc9bfc6e62,0.500000,0,average,1742485025,41497,181,33358,false,0.422668,-465.712972,1728800,8729,1272053,0
1742485102,free-deployment-average-229-1ddb7fc8108e-6b474d4ddf-96j42_default,free-deployment-average-229-1ddb7fc8108e,0.500000,0,average,1742485008,49938,264,44695,false,0.423803,-455.998075,1714514,8732,1267478,0
1742485105,free-deployment-average-225-9c56dc853d91-6dc78c4dd8-hc5cm_default,free-deployment-average-225-9c56dc853d91,0.500000,0,average,1742485028,44177,181,33398,false,0.423667,-463.558946,1740246,8857,1285778,0
1742485108,free-deployment-average-238-fb57ee9fdf9e-6884dc7d49-9zvlk_default,free-deployment-average-238-fb57ee9fdf9e,0.500000,0,average,1742485031,46858,262,30477,false,0.422869,-467.941752,1740479,9325,1282096,0
1742485111,free-deployment-average-175-c793764bb1b3-6bdbbc5585-ph56z_default,free-deployment-average-175-c793764bb1b3,0.500000,0,average,1742485019,29977,283,62095,false,0.431184,-421.653600,1732438,9209,1320236,0
1742485114,batch-deployment-average-127-c9c5eacfc21c-77d65d444c-42t8q_default,batch-deployment-average-127-c9c5eacfc21c,0.900000,0,average,1742485074,1018,183,38994,false,0.910084,30.171261,268364,2544,2742008,0
1742485116,free-deployment-average-207-ce098f042ca2-865c68f547-2htlm_default,free-deployment-average-207-ce098f042ca2,0.500000,0,average,1742485037,46537,320,33138,false,0.423152,-463.693401,1729612,9747,1275923,0
1742485119,free-deployment-average-233-d62f1d8f2614-5848c97567-ht4mx_default,free-deployment-average-233-d62f1d8f2614,0.500000,0,average,1742485040,46458,262,33156,false,0.423303,-466.135297,1742341,9217,1285666,0
1742485122,free-deployment-average-237-c5994abe4a07-5dc4cfb49c-kvxbz_default,free-deployment-average-237-c5994abe4a07,0.500000,0,average,1742485042,47298,263,33135,false,0.423388,-466.776492,1746645,9059,1289161,0
1742485125,free-deployment-average-251-92f0a9778029-845d9b58b7-6r6mb_default,free-deployment-average-251-92f0a9778029,0.500000,0,average,1742485034,49338,222,41995,false,0.424198,-466.286625,1761118,8964,1304032,0
1742485128,batch-deployment-average-125-9550f1d1788c-847ff95d5d-cfkgm_default,batch-deployment-average-125-9550f1d1788c,0.900000,0,average,1742484881,24058,322,222976,false,0.909690,29.084127,268772,4512,2752777,0
1742485131,batch-deployment-average-115-e5b8757bb5e6-59f664647c-rj8xg_default,batch-deployment-average-115-e5b8757bb5e6,0.900000,0,average,1742484810,29637,281,291278,false,0.910451,31.673989,269078,4244,2778880,0
1742485134,free-deployment-average-211-9c83ee22badd-6b6cc7d9c-2jgvt_default,free-deployment-average-211-9c83ee22badd,0.500000,0,average,1742485048,52378,264,33394,false,0.423463,-471.127888,1764301,9253,1302664,0
1742485136,free-deployment-average-230-284359c056eb-5cd676cdb4-zxfbk_default,free-deployment-average-230-284359c056eb,0.500000,0,average,1742485051,55058,260,30519,false,0.422814,-476.045607,1769848,9145,1303189,0
1742485139,free-deployment-average-227-5759980cc5cb-5898646d8c-6pj5c_default,free-deployment-average-227-5759980cc5cb,0.500000,0,average,1742485094,9218,260,36159,false,0.422437,-470.510117,1741753,9123,1280612,0
1742485142,free-deployment-average-190-e96dfe525187-7579f996f8-9fhdw_default,free-deployment-average-190-e96dfe525187,0.500000,0,average,1742485054,54897,181,33378,false,0.423359,-473.976932,1772864,9313,1308440,0
1742485145,free-deployment-average-218-ee468b86cc2d-9b56ddb48-2lf7b_default,free-deployment-average-218-ee468b86cc2d,0.500000,0,average,1742485057,54658,262,33398,false,0.422754,-476.518270,1770212,9330,1303269,0
1742485148,batch-deployment-average-122-419e035af17a-6c8f8b5c87-5sz55_default,batch-deployment-average-122-419e035af17a,0.900000,0,average,1742484657,33458,323,457956,false,0.914817,44.608381,254190,3667,2769255,0
1742485148,free-deployment-average-195-ac81edf8594b-64c765f9d-cs58k_default,free-deployment-average-195-ac81edf8594b,0.500000,0,average,1742485068,46498,263,34016,false,0.422628,-473.214180,1755410,9300,1291742,0
1742485151,free-deployment-average-189-d46f9130862b-f7d55dcd6-5td58_default,free-deployment-average-189-d46f9130862b,0.500000,0,average,1742485066,54178,260,31218,false,0.422474,-480.589176,1780179,8974,1308807,0
1742485154,free-deployment-average-255-60d4f796d4f4-57c5c4df4c-22hfx_default,free-deployment-average-255-60d4f796d4f4,0.500000,0,average,1742485063,54338,260,37019,false,0.422479,-472.961785,1750849,9956,1288100,0
1742485157,free-deployment-average-196-2f37620ad37d-c8d756bd6-tt5cn_default,free-deployment-average-196-2f37620ad37d,0.500000,0,average,1742485088,35018,264,34213,false,0.422890,-474.123215,1764063,9256,1299440,0
1742485160,free-deployment-average-249-426e7184252c-77d84b5db5-96ld7_default,free-deployment-average-249-426e7184252c,0.500000,0,average,1742485082,46698,263,31375,false,0.422794,-476.955000,1772753,9277,1305308,0
1742485163,free-deployment-average-247-170c83458846-58fbfc49b7-74g5t_default,free-deployment-average-247-170c83458846,0.500000,0,average,1742485060,65858,262,37015,false,0.422616,-473.749066,1756657,9779,1292945,0
1742485166,free-deployment-average-232-549b4622d08c-547fb75f-gswcw_default,free-deployment-average-232-549b4622d08c,0.500000,0,average,1742485071,63378,182,31456,false,0.422904,-476.745828,1774129,9295,1306917,0
1742485168,free-deployment-average-224-bce6541dd9dd-6c46c5c76b-ftqq4_default,free-deployment-average-224-bce6541dd9dd,0.500000,0,average,1742485091,46138,262,31457,false,0.422006,-479.239015,1765673,9186,1295863,0
1742485171,free-deployment-average-206-c338c4bcd1ab-56c7599d48-hcvdq_default,free-deployment-average-206-c338c4bcd1ab,0.500000,0,average,1742485086,45538,261,39878,false,0.423759,-468.158773,1758895,9359,1300348,0
1742485174,free-deployment-average-200-0c7f2a559833-556495bc6f-wc2mh_default,free-deployment-average-200-0c7f2a559833,0.500000,0,average,1742485097,43017,184,34336,false,0.422861,-472.897986,1757967,10124,1295453,0
1742485177,batch-deployment-average-82-b68afcdd197a-7568768cc-qpz45_default,batch-deployment-average-82-b68afcdd197a,0.900000,0,average,1742484936,23977,321,217339,false,0.909424,28.685494,274586,3564,2792754,0
1742485177,batch-deployment-average-95-45538e973fea-c4779c548-4ptkw_default,batch-deployment-average-95-45538e973fea,0.900000,0,average,1742485037,12237,321,128118,false,0.909672,29.588309,274551,3949,2804715,0
1742485180,free-deployment-average-220-bdbc9bfc6e62-6f9887ff67-dv96k_default,free-deployment-average-220-bdbc9bfc6e62,0.500000,0,average,1742485099,50237,261,31138,false,0.421578,-485.073755,1779038,8991,1303192,0
1742485183,batch-deployment-average-112-5d8886f68b65-557cd674f-vdztf_default,batch-deployment-average-112-5d8886f68b65,0.900000,0,average,1742483691,52857,244,1439376,false,0.947898,146.692927,158158,1668,2907757,0
1742485186,free-deployment-average-238-fb57ee9fdf9e-6884dc7d49-wcv6g_default,free-deployment-average-238-fb57ee9fdf9e,0.500000,0,average,1742485108,44120,263,33893,false,0.423124,-478.432348,1784599,9588,1315990,0
1742485189,free-deployment-average-229-1ddb7fc8108e-6b474d4ddf-b7t52_default,free-deployment-average-229-1ddb7fc8108e,0.500000,0,average,1742485102,55798,262,31096,false,0.421909,-480.944890,1770313,8995,1298594,0
1742485191,free-deployment-average-225-9c56dc853d91-6dc78c4dd8-tmzbv_default,free-deployment-average-225-9c56dc853d91,0.500000,0,average,1742485105,49957,265,36754,false,0.423636,-477.027758,1790204,9123,1322534,0
1742485194,free-deployment-average-233-d62f1d8f2614-5848c97567-bfblt_default,free-deployment-average-233-d62f1d8f2614,0.500000,0,average,1742485119,44478,263,31096,false,0.422980,-479.780820,1786819,9481,1316763,0
1742485197,free-deployment-average-207-ce098f042ca2-865c68f547-2m9t6_default,free-deployment-average-207-ce098f042ca2,0.500000,0,average,1742485116,44638,263,37035,false,0.423915,-471.559615,1774250,10011,1312958,0
1742485197,free-deployment-average-237-c5994abe4a07-5dc4cfb49c-mnsjs_default,free-deployment-average-237-c5994abe4a07,0.500000,0,average,1742485122,44318,260,31398,false,0.423146,-479.936910,1790964,9320,1320580,0
1742485200,batch-deployment-average-145-c4c5e06afa5f-86bbcb5594-4hd88_default,batch-deployment-average-145-c4c5e06afa5f,0.900000,0,average,1742485048,21258,262,131376,false,0.909030,27.932877,279586,4154,2835304,0
1742485203,free-deployment-average-251-92f0a9778029-845d9b58b7-brtwj_default,free-deployment-average-251-92f0a9778029,0.500000,0,average,1742485125,44157,265,34054,false,0.424440,-476.655439,1805275,9229,1338087,0
1742485206,free-deployment-average-211-9c83ee22badd-6b6cc7d9c-7b6q9_default,free-deployment-average-211-9c83ee22badd,0.500000,0,average,1742485133,41878,182,31536,false,0.423584,-481.631115,1806179,9436,1334220,0
1742485209,free-deployment-average-190-e96dfe525187-7579f996f8-ttblw_default,free-deployment-average-190-e96dfe525187,0.500000,0,average,1742485142,36098,260,31158,false,0.424178,-479.157249,1808963,9573,1339619,0
1742485212,free-deployment-average-218-ee468b86cc2d-9b56ddb48-579hn_default,free-deployment-average-218-ee468b86cc2d,0.500000,0,average,1742485145,35938,261,31157,false,0.423605,-481.560322,1806150,9591,1334427,0
1742485215,free-deployment-average-230-284359c056eb-5cd676cdb4-vst9j_default,free-deployment-average-230-284359c056eb,0.500000,0,average,1742485136,35998,263,42936,false,0.425803,-469.371388,1805846,9409,1346125,0
1742485218,free-deployment-average-189-d46f9130862b-f7d55dcd6-tpvx6_default,free-deployment-average-189-d46f9130862b,0.500000,0,average,1742485151,35618,264,31135,false,0.423365,-485.336966,1815798,9239,1339943,0
1742485220,free-deployment-average-227-5759980cc5cb-5898646d8c-wc6hh_default,free-deployment-average-227-5759980cc5cb,0.500000,0,average,1742485139,44778,260,36819,false,0.423156,-478.729761,1786531,9384,1317432,0
1742485223,free-deployment-average-255-60d4f796d4f4-57c5c4df4c-f8xd4_default,free-deployment-average-255-60d4f796d4f4,0.500000,0,average,1742485154,38338,261,31117,false,0.423017,-480.422544,1789187,10218,1319238,0
1742485226,free-deployment-average-195-ac81edf8594b-64c765f9d-n8l8q_default,free-deployment-average-195-ac81edf8594b,0.500000,0,average,1742485148,41458,261,36738,false,0.423770,-478.195525,1796868,9561,1328480,0
1742485229,batch-deployment-average-115-e5b8757bb5e6-59f664647c-p8xd6_default,batch-deployment-average-115-e5b8757bb5e6,0.900000,0,average,1742485131,11777,263,86275,false,0.909424,29.464117,280856,4507,2865175,0
1742485232,free-deployment-average-249-426e7184252c-77d84b5db5-xhjkd_default,free-deployment-average-249-426e7184252c,0.500000,0,average,1742485160,38478,263,33415,false,0.423714,-482.281667,1811231,9541,1338724,0
1742485234,batch-deployment-average-120-d0e4aac950f1-74d49b5cdf-jwfzv_default,batch-deployment-average-120-d0e4aac950f1,0.900000,0,average,1742485080,17538,263,137196,false,0.909271,28.666660,277214,5458,2832902,0
1742485237,free-deployment-average-224-bce6541dd9dd-6c46c5c76b-4sxs4_default,free-deployment-average-224-bce6541dd9dd,0.500000,0,average,1742485168,38978,263,30535,false,0.422353,-487.945558,1804652,9449,1326399,0
1742485240,free-deployment-average-232-549b4622d08c-547fb75f-6xgrg_default,free-deployment-average-232-549b4622d08c,0.500000,0,average,1742485165,44818,263,30556,false,0.422452,-491.271721,1818947,9558,1337474,0
1742485243,free-deployment-average-196-2f37620ad37d-c8d756bd6-x6kzg_default,free-deployment-average-196-2f37620ad37d,0.500000,0,average,1742485157,46858,223,39335,false,0.423774,-481.869098,1810921,9480,1338776,0
1742485246,free-deployment-average-175-c793764bb1b3-6bdbbc5585-kjsbz_default,free-deployment-average-175-c793764bb1b3,0.500000,0,average,1742485111,104498,261,30619,false,0.422504,-495.794145,1836936,9471,1350856,0
1742485249,free-deployment-average-247-170c83458846-58fbfc49b7-t8fpt_default,free-deployment-average-247-170c83458846,0.500000,0,average,1742485163,49658,264,36294,false,0.422571,-487.377640,1806316,10044,1329240,0
1742485252,free-deployment-average-200-0c7f2a559833-556495bc6f-rtj4s_default,free-deployment-average-200-0c7f2a559833,0.500000,0,average,1742485174,47178,260,30598,false,0.422097,-489.737838,1805145,10385,1326052,0
1742485254,free-deployment-average-220-bdbc9bfc6e62-6f9887ff67-t29rq_default,free-deployment-average-220-bdbc9bfc6e62,0.500000,0,average,1742485180,38338,263,36215,false,0.423055,-487.460555,1817376,9254,1339408,0
1742485257,free-deployment-average-206-c338c4bcd1ab-56c7599d48-p99sd_default,free-deployment-average-206-c338c4bcd1ab,0.500000,0,average,1742485171,53018,182,33436,false,0.422724,-487.901591,1811913,9541,1333805,0
1742485260,free-deployment-average-238-fb57ee9fdf9e-6884dc7d49-h9wzk_default,free-deployment-average-238-fb57ee9fdf9e,0.500000,0,average,1742485186,40778,264,33395,false,0.423720,-486.079395,1825377,9853,1349386,0
1742485263,free-deployment-average-229-1ddb7fc8108e-6b474d4ddf-z7r5c_default,free-deployment-average-229-1ddb7fc8108e,0.500000,0,average,1742485189,40618,262,33415,false,0.422565,-488.411144,1810932,9257,1332010,0
1742485266,free-deployment-average-233-d62f1d8f2614-5848c97567-5mhk8_default,free-deployment-average-233-d62f1d8f2614,0.500000,0,average,1742485194,41338,183,30696,false,0.423027,-490.604892,1828158,9664,1347459,0
1742485269,free-deployment-average-225-9c56dc853d91-6dc78c4dd8-8cl5k_default,free-deployment-average-225-9c56dc853d91,0.500000,0,average,1742485191,41458,263,36335,false,0.424661,-482.395528,1831662,9387,1358888,0
1742485271,batch-deployment-average-145-c4c5e06afa5f-86bbcb5594-6lt49_default,batch-deployment-average-145-c4c5e06afa5f,0.900000,0,average,1742485200,4058,242,67596,false,0.909731,30.820912,283644,4397,2902901,0
1742485274,free-deployment-average-237-c5994abe4a07-5dc4cfb49c-29bk8_default,free-deployment-average-237-c5994abe4a07,0.500000,0,average,1742485197,46838,264,30554,false,0.422425,-496.485535,1837802,9584,1351135,0
1742485277,free-deployment-average-211-9c83ee22badd-6b6cc7d9c-5mr86_default,free-deployment-average-211-9c83ee22badd,0.500000,0,average,1742485206,35017,263,36216,false,0.425426,-480.695445,1841197,9699,1370438,0
1742485280,free-deployment-average-251-92f0a9778029-845d9b58b7-pt277_default,free-deployment-average-251-92f0a9778029,0.500000,0,average,1742485203,46518,263,30556,false,0.423741,-492.860745,1851794,9492,1368663,0
1742485283,free-deployment-average-207-ce098f042ca2-865c68f547-dcqjx_default,free-deployment-average-207-ce098f042ca2,0.500000,0,average,1742485197,49677,263,36236,false,0.423822,-485.264765,1823928,10274,1349195,0
1742485286,free-deployment-average-190-e96dfe525187-7579f996f8-jlbht_default,free-deployment-average-190-e96dfe525187,0.500000,0,average,1742485209,43358,182,33476,false,0.424427,-489.220751,1852321,9756,1373095,0
1742485289,free-deployment-average-218-ee468b86cc2d-9b56ddb48-kth2c_default,free-deployment-average-218-ee468b86cc2d,0.500000,0,average,1742485212,43118,261,33778,false,0.423944,-491.161071,1849268,9852,1368206,0
1742485289,batch-deployment-average-122-419e035af17a-6c8f8b5c87-lzr89_default,batch-deployment-average-122-419e035af17a,0.900000,0,average,1742485148,27038,242,113916,false,0.910003,31.447245,281228,3910,2883172,0
1742485292,free-deployment-average-189-d46f9130862b-f7d55dcd6-kstpn_default,free-deployment-average-189-d46f9130862b,0.500000,0,average,1742485217,40997,183,33976,false,0.424035,-492.520429,1856795,9422,1373939,0
1742485294,free-deployment-average-255-60d4f796d4f4-57c5c4df4c-plnhm_default,free-deployment-average-255-60d4f796d4f4,0.500000,0,average,1742485223,40677,263,31056,false,0.423205,-490.307553,1829865,10481,1350295,0
1742485297,batch-deployment-average-125-9550f1d1788c-847ff95d5d-jtp7w_default,batch-deployment-average-125-9550f1d1788c,0.900000,0,average,1742485128,18138,243,151356,false,0.908735,27.677975,286910,4755,2904153,0
1742485300,free-deployment-average-227-5759980cc5cb-5898646d8c-52hd9_default,free-deployment-average-227-5759980cc5cb,0.500000,0,average,1742485220,46518,262,33839,false,0.423073,-491.652094,1833049,9647,1351291,0
1742485300,batch-deployment-average-115-e5b8757bb5e6-59f664647c-8wkvp_default,batch-deployment-average-115-e5b8757bb5e6,0.900000,0,average,1742485229,9098,263,62295,false,0.908532,27.265879,289955,4771,2927471,0
1742485304,free-deployment-average-230-284359c056eb-5cd676cdb4-lz94x_default,free-deployment-average-230-284359c056eb,0.500000,0,average,1742485215,54357,264,34415,false,0.424727,-489.578553,1860204,9673,1380541,0
1742485304,free-deployment-average-195-ac81edf8594b-64c765f9d-pqkgz_default,free-deployment-average-195-ac81edf8594b,0.500000,0,average,1742485226,46198,180,31699,false,0.423341,-492.853184,1843067,9741,1360199,0
1742485307,batch-deployment-average-116-fc83db90153e-f684b944-fd6q6_default,batch-deployment-average-116-fc83db90153e,0.900000,0,average,1742485077,15417,244,214455,false,0.911430,36.388873,280294,3485,2920231,0
1742485309,free-deployment-average-224-bce6541dd9dd-6c46c5c76b-wf8lh_default,free-deployment-average-224-bce6541dd9dd,0.500000,0,average,1742485237,40798,259,31898,false,0.422694,-497.086319,1845451,9709,1358317,0
1742485312,free-deployment-average-232-549b4622d08c-547fb75f-pj2f7_default,free-deployment-average-232-549b4622d08c,0.500000,0,average,1742485240,34959,262,37536,false,0.424551,-488.957494,1853906,9821,1375010,0
1742485315,free-deployment-average-175-c793764bb1b3-6bdbbc5585-2v8rr_default,free-deployment-average-175-c793764bb1b3,0.500000,0,average,1742485246,37478,262,31857,false,0.423254,-501.678355,1874414,9733,1382713,0
1742485318,free-deployment-average-196-2f37620ad37d-c8d756bd6-cb99c_default,free-deployment-average-196-2f37620ad37d,0.500000,0,average,1742485243,43357,182,31938,false,0.423759,-493.468783,1854279,9662,1370714,0
1742485321,free-deployment-average-249-426e7184252c-77d84b5db5-4dwj9_default,free-deployment-average-249-426e7184252c,0.500000,0,average,1742485232,48638,261,40418,false,0.424506,-490.762930,1859870,9802,1379143,0
1742485324,free-deployment-average-247-170c83458846-58fbfc49b7-6btqr_default,free-deployment-average-247-170c83458846,0.500000,0,average,1742485249,43458,260,31358,false,0.422457,-499.738438,1849774,10305,1360599,0
1742485326,free-deployment-average-220-bdbc9bfc6e62-6f9887ff67-trdvm_default,free-deployment-average-220-bdbc9bfc6e62,0.500000,0,average,1742485254,41298,184,31434,false,0.423236,-497.507862,1858675,9439,1370842,0
1742485329,free-deployment-average-207-ce098f042ca2-865c68f547-hvvk6_default,free-deployment-average-207-ce098f042ca2,0.500000,0,average,1742485283,44258,264,2114,false,0.418358,-527.672567,1868186,10539,1351310,0
1742485332,free-deployment-average-206-c338c4bcd1ab-56c7599d48-d56tg_default,free-deployment-average-206-c338c4bcd1ab,0.500000,0,average,1742485257,40938,182,34116,false,0.423443,-494.884844,1852852,9724,1367941,0
1742485334,free-deployment-average-200-0c7f2a559833-556495bc6f-7fzd5_default,free-deployment-average-200-0c7f2a559833,0.500000,0,average,1742485251,38618,264,45115,false,0.425095,-483.484496,1843763,10649,1371188,0
1742485337,free-deployment-average-229-1ddb7fc8108e-6b474d4ddf-d8xlq_default,free-deployment-average-229-1ddb7fc8108e,0.500000,0,average,1742485263,41578,260,32798,false,0.422956,-497.452164,1852510,9518,1364809,0
1742485340,free-deployment-average-238-fb57ee9fdf9e-6884dc7d49-856nn_default,free-deployment-average-238-fb57ee9fdf9e,0.500000,0,average,1742485260,47419,263,33154,false,0.423388,-500.586125,1872797,10117,1382563,0
1742485343,free-deployment-average-233-d62f1d8f2614-5848c97567-rtz8h_default,free-deployment-average-233-d62f1d8f2614,0.500000,0,average,1742485266,44258,261,33058,false,0.423101,-502.065806,1872416,9925,1380518,0
1742485346,free-deployment-average-237-c5994abe4a07-5dc4cfb49c-hxwxk_default,free-deployment-average-237-c5994abe4a07,0.500000,0,average,1742485274,39098,260,33039,false,0.423176,-502.805331,1876901,9845,1384175,0
1742485349,free-deployment-average-225-9c56dc853d91-6dc78c4dd8-d2d9s_default,free-deployment-average-225-9c56dc853d91,0.500000,0,average,1742485268,47938,263,33075,false,0.424222,-497.522720,1879601,9651,1391965,0
1742485352,free-deployment-average-251-92f0a9778029-845d9b58b7-sqgvs_default,free-deployment-average-251-92f0a9778029,0.500000,0,average,1742485280,38778,264,33075,false,0.424503,-498.827775,1890572,9757,1401740,0
1742485354,free-deployment-average-190-e96dfe525187-7579f996f8-p56f2_default,free-deployment-average-190-e96dfe525187,0.500000,0,average,1742485285,36618,183,33155,false,0.425475,-492.866026,1888939,9940,1406251,0
1742485357,free-deployment-average-211-9c83ee22badd-6b6cc7d9c-l48qm_default,free-deployment-average-211-9c83ee22badd,0.500000,0,average,1742485277,47378,261,33157,false,0.425057,-495.177598,1888575,9960,1403596,0
1742485360,batch-deployment-average-115-e5b8757bb5e6-59f664647c-rd76c_default,batch-deployment-average-115-e5b8757bb5e6,0.900000,0,average,1742485300,1357,324,58954,false,0.909709,31.642757,291313,5095,2986426,0
1742485363,batch-deployment-average-125-9550f1d1788c-847ff95d5d-7kft2_default,batch-deployment-average-125-9550f1d1788c,0.900000,0,average,1742485297,1098,162,65216,false,0.910209,33.069728,288009,4918,2969388,0
1742485366,batch-deployment-average-82-b68afcdd197a-7568768cc-kd8cm_default,batch-deployment-average-82-b68afcdd197a,0.900000,0,average,1742485177,18138,185,170994,false,0.909063,29.298500,292724,3749,2963749,0
1742485369,free-deployment-average-218-ee468b86cc2d-9b56ddb48-cbnwk_default,free-deployment-average-218-ee468b86cc2d,0.500000,0,average,1742485289,49017,223,30796,false,0.422996,-509.605017,1898286,10076,1399003,0
1742485371,free-deployment-average-189-d46f9130862b-f7d55dcd6-4dt6t_default,free-deployment-average-189-d46f9130862b,0.500000,0,average,1742485292,46218,323,33255,false,0.423860,-505.807839,1903014,9745,1407195,0
1742485374,free-deployment-average-207-ce098f042ca2-865c68f547-m99zw_default,free-deployment-average-207-ce098f042ca2,0.500000,0,average,1742485329,12138,183,32876,false,0.422622,-507.116857,1880325,10723,1384186,0
1742485377,free-deployment-average-255-60d4f796d4f4-57c5c4df4c-lbz65_default,free-deployment-average-255-60d4f796d4f4,0.500000,0,average,1742485294,49898,263,32916,false,0.422520,-507.552841,1879763,10745,1383211,0
1742485380,free-deployment-average-227-5759980cc5cb-5898646d8c-29sgx_default,free-deployment-average-227-5759980cc5cb,0.500000,0,average,1742485300,46738,261,33558,false,0.422914,-505.093655,1879787,9908,1384850,0
1742485383,free-deployment-average-224-bce6541dd9dd-6c46c5c76b-b792z_default,free-deployment-average-224-bce6541dd9dd,0.500000,0,average,1742485309,43418,262,30677,false,0.422465,-510.089927,1888869,9972,1388995,0
1742485386,free-deployment-average-195-ac81edf8594b-64c765f9d-z77hs_default,free-deployment-average-195-ac81edf8594b,0.500000,0,average,1742485303,46578,263,36695,false,0.423752,-502.959447,1889645,10005,1396935,0
1742485386,batch-deployment-average-122-419e035af17a-6c8f8b5c87-8n8wc_default,batch-deployment-average-122-419e035af17a,0.900000,0,average,1742485289,12118,263,85195,false,0.908900,28.822198,293347,4174,2968369,0
1742485389,free-deployment-average-175-c793764bb1b3-6bdbbc5585-vg5sg_default,free-deployment-average-175-c793764bb1b3,0.500000,0,average,1742485315,40259,262,33936,false,0.423979,-508.264043,1914673,9996,1416650,0
1742485392,free-deployment-average-232-549b4622d08c-547fb75f-pmgmq_default,free-deployment-average-232-549b4622d08c,0.500000,0,average,1742485312,48938,263,31095,false,0.423649,-507.065419,1902845,10085,1406105,0
1742485395,free-deployment-average-230-284359c056eb-5cd676cdb4-pm5v7_default,free-deployment-average-230-284359c056eb,0.500000,0,average,1742485303,55098,262,36736,false,0.424015,-508.202961,1915302,9936,1417278,0
1742485397,free-deployment-average-196-2f37620ad37d-c8d756bd6-5vdqq_default,free-deployment-average-196-2f37620ad37d,0.500000,0,average,1742485318,48618,182,31136,false,0.422933,-511.131342,1902897,9845,1401851,0
1742485400,free-deployment-average-220-bdbc9bfc6e62-6f9887ff67-tqpbn_default,free-deployment-average-220-bdbc9bfc6e62,0.500000,0,average,1742485326,43378,181,31218,false,0.423106,-509.846330,1902053,9620,1402062,0
1742485403,free-deployment-average-247-170c83458846-58fbfc49b7-wrpj2_default,free-deployment-average-247-170c83458846,0.500000,0,average,1742485323,40778,261,39697,false,0.424150,-501.082073,1890553,10567,1400296,0
1742485406,batch-deployment-average-145-c4c5e06afa5f-86bbcb5594-d7k9h_default,batch-deployment-average-145-c4c5e06afa5f,0.900000,0,average,1742485271,15517,281,119777,false,0.908661,28.576694,299161,4679,3022679,0
1742485409,batch-deployment-average-95-45538e973fea-c4779c548-nrx5f_default,batch-deployment-average-95-45538e973fea,0.900000,0,average,1742485177,18297,281,213838,false,0.910400,34.248030,292849,4230,3018554,0
1742485412,free-deployment-average-249-426e7184252c-77d84b5db5-98csj_default,free-deployment-average-249-426e7184252c,0.500000,0,average,1742485321,59858,265,31053,false,0.422216,-519.832788,1919728,10067,1410197,0
1742485414,free-deployment-average-229-1ddb7fc8108e-6b474d4ddf-95kvc_default,free-deployment-average-229-1ddb7fc8108e,0.500000,0,average,1742485337,46737,183,31076,false,0.422377,-513.296211,1899248,9702,1395885,0
1742485417,free-deployment-average-238-fb57ee9fdf9e-6884dc7d49-wj9dl_default,free-deployment-average-238-fb57ee9fdf9e,0.500000,0,average,1742485340,37938,323,39555,false,0.425365,-499.294039,1910735,10440,1422119,0
1742485420,free-deployment-average-237-c5994abe4a07-5dc4cfb49c-qkfjb_default,free-deployment-average-237-c5994abe4a07,0.500000,0,average,1742485346,43758,264,30676,false,0.422900,-516.132226,1920659,10109,1414871,0
1742485423,free-deployment-average-233-d62f1d8f2614-5848c97567-mp95k_default,free-deployment-average-233-d62f1d8f2614,0.500000,0,average,1742485343,43998,182,36356,false,0.423786,-509.869434,1916414,10108,1416894,0
1742485426,free-deployment-average-225-9c56dc853d91-6dc78c4dd8-n79tm_default,free-deployment-average-225-9c56dc853d91,0.500000,0,average,1742485349,46478,184,30654,false,0.423583,-513.529452,1926079,9835,1422620,0
1742485429,free-deployment-average-200-0c7f2a559833-556495bc6f-fpklq_default,free-deployment-average-200-0c7f2a559833,0.500000,0,average,1742485334,58598,260,36278,false,0.423841,-506.065504,1902362,10909,1407466,0
1742485432,free-deployment-average-206-c338c4bcd1ab-56c7599d48-xj8tm_default,free-deployment-average-206-c338c4bcd1ab,0.500000,0,average,1742485332,45698,264,54135,false,0.426974,-486.692838,1898550,9989,1422096,0
1742485434,free-deployment-average-251-92f0a9778029-845d9b58b7-7bwbp_default,free-deployment-average-251-92f0a9778029,0.500000,0,average,1742485352,52038,262,30636,false,0.423153,-520.492803,1942610,10020,1432376,0
1742485437,batch-deployment-average-82-b68afcdd197a-7568768cc-klwp6_default,batch-deployment-average-82-b68afcdd197a,0.900000,0,average,1742485366,8617,261,62818,false,0.908355,27.588828,301341,4010,3026568,0
1742485440,free-deployment-average-218-ee468b86cc2d-9b56ddb48-lhmx6_default,free-deployment-average-218-ee468b86cc2d,0.500000,0,average,1742485368,38878,264,33575,false,0.423833,-515.152790,1937164,10341,1432598,0
1742485440,free-deployment-average-190-e96dfe525187-7579f996f8-rt74g_default,free-deployment-average-190-e96dfe525187,0.500000,0,average,1742485354,55717,183,30855,false,0.423689,-517.910206,1944657,10124,1437107,0
1742485443,free-deployment-average-211-9c83ee22badd-6b6cc7d9c-ltxtx_default,free-deployment-average-211-9c83ee22badd,0.500000,0,average,1742485357,55478,260,30958,false,0.423319,-519.958595,1944054,10221,1434555,0
1742485446,batch-deployment-average-112-5d8886f68b65-557cd674f-hsf6m_default,batch-deployment-average-112-5d8886f68b65,0.900000,0,average,1742485183,144497,243,118796,false,0.908569,28.304985,302656,1912,3026555,0
1742485449,free-deployment-average-189-d46f9130862b-f7d55dcd6-bmpd7_default,free-deployment-average-189-d46f9130862b,0.500000,0,average,1742485371,44318,260,34158,false,0.424091,-516.228818,1947332,10006,1441354,0
1742485449,free-deployment-average-207-ce098f042ca2-865c68f547-9mxpr_default,free-deployment-average-207-ce098f042ca2,0.500000,0,average,1742485374,44159,263,31354,false,0.422422,-520.185054,1924484,10986,1415541,0
1742485452,free-deployment-average-255-60d4f796d4f4-57c5c4df4c-phk62_default,free-deployment-average-255-60d4f796d4f4,0.500000,0,average,1742485377,43998,262,31476,false,0.422363,-520.337849,1923762,11007,1414688,0
1742485455,free-deployment-average-224-bce6541dd9dd-6c46c5c76b-clm5d_default,free-deployment-average-224-bce6541dd9dd,0.500000,0,average,1742485383,40878,179,31519,false,0.422720,-519.627324,1929748,10152,1420515,0
1742485458,batch-deployment-average-127-c9c5eacfc21c-77d65d444c-gt8gw_default,batch-deployment-average-127-c9c5eacfc21c,0.900000,0,average,1742485114,31898,265,312174,false,0.909726,32.437873,300262,2809,3054183,0
1742485461,batch-deployment-average-160-ce45c9058931-57f7986b7c-8rvtr_default,batch-deployment-average-160-ce45c9058931,0.900000,0,average,1742485002,43557,261,415358,false,0.910534,35.337850,297330,4883,3075745,0
1742485464,free-deployment-average-227-5759980cc5cb-5898646d8c-6dbdt_default,free-deployment-average-227-5759980cc5cb,0.500000,0,average,1742485380,52398,262,31356,false,0.421670,-526.398598,1932185,10171,1416206,0
1742485466,free-deployment-average-175-c793764bb1b3-6bdbbc5585-h9n5n_default,free-deployment-average-175-c793764bb1b3,0.500000,0,average,1742485389,40558,264,37035,false,0.425156,-512.051402,1955231,10261,1453686,0
1742485469,free-deployment-average-195-ac81edf8594b-64c765f9d-v2wsq_default,free-deployment-average-195-ac81edf8594b,0.500000,0,average,1742485386,49238,180,34258,false,0.423397,-518.117894,1938884,10185,1431194,0
1742485472,free-deployment-average-232-549b4622d08c-547fb75f-4tfhf_default,free-deployment-average-232-549b4622d08c,0.500000,0,average,1742485392,45878,182,34656,false,0.423784,-518.468787,1948724,10268,1440762,0
1742485472,free-deployment-average-196-2f37620ad37d-c8d756bd6-r6b9w_default,free-deployment-average-196-2f37620ad37d,0.500000,0,average,1742485397,44178,263,31316,false,0.422720,-524.256230,1947075,10108,1433168,0
1742485475,free-deployment-average-230-284359c056eb-5cd676cdb4-zdl5c_default,free-deployment-average-230-284359c056eb,0.500000,0,average,1742485395,49018,259,31438,false,0.423205,-526.021983,1964321,10195,1448738,0
1742485478,free-deployment-average-220-bdbc9bfc6e62-6f9887ff67-ckb69_default,free-deployment-average-220-bdbc9bfc6e62,0.500000,0,average,1742485400,46897,181,31439,false,0.422581,-525.484583,1948951,9801,1433501,0
1742485481,batch-deployment-average-82-b68afcdd197a-7568768cc-nwkt8_default,batch-deployment-average-82-b68afcdd197a,0.900000,0,average,1742485437,1038,42,43317,false,0.909241,30.960659,302380,4052,3069886,0
1742485484,free-deployment-average-229-1ddb7fc8108e-6b474d4ddf-v7cgh_default,free-deployment-average-229-1ddb7fc8108e,0.500000,0,average,1742485414,39039,262,30935,false,0.422756,-521.642675,1938287,9964,1426841,0
1742485487,free-deployment-average-249-426e7184252c-77d84b5db5-t2q6x_default,free-deployment-average-249-426e7184252c,0.500000,0,average,1742485412,38198,263,36875,false,0.423699,-521.419277,1957926,10331,1447073,0
1742485487,free-deployment-average-247-170c83458846-58fbfc49b7-gbblt_default,free-deployment-average-247-170c83458846,0.500000,0,average,1742485403,52877,183,31315,false,0.422829,-522.826044,1943431,10751,1431612,0
1742485490,free-deployment-average-237-c5994abe4a07-5dc4cfb49c-8x5gm_default,free-deployment-average-237-c5994abe4a07,0.500000,0,average,1742485420,38638,263,31435,false,0.423395,-523.599090,1959297,10373,1446307,0
1742485493,free-deployment-average-225-9c56dc853d91-6dc78c4dd8-55rbs_default,free-deployment-average-225-9c56dc853d91,0.500000,0,average,1742485426,35478,263,31415,false,0.424453,-517.837186,1961558,10099,1454055,0
1742485496,batch-deployment-average-122-419e035af17a-6c8f8b5c87-jwc59_default,batch-deployment-average-122-419e035af17a,0.900000,0,average,1742485386,12238,262,97517,false,0.908166,27.321880,305585,4436,3065886,0
1742485499,free-deployment-average-251-92f0a9778029-845d9b58b7-77mtj_default,free-deployment-average-251-92f0a9778029,0.500000,0,average,1742485434,33158,264,31735,false,0.424360,-522.180762,1975769,10284,1464112,0
1742485499,free-deployment-average-233-d62f1d8f2614-5848c97567-kpt6z_default,free-deployment-average-233-d62f1d8f2614,0.500000,0,average,1742485423,41318,260,34618,false,0.424467,-516.830154,1957733,10369,1451513,0
1742485502,free-deployment-average-238-fb57ee9fdf9e-6884dc7d49-lwhl5_default,free-deployment-average-238-fb57ee9fdf9e,0.500000,0,average,1742485417,53038,183,32016,false,0.424128,-520.497951,1963773,10624,1454135,0
1742485504,batch-deployment-average-116-fc83db90153e-f684b944-582jq_default,batch-deployment-average-116-fc83db90153e,0.900000,0,average,1742485307,25578,262,172155,false,0.908989,30.345165,305873,3748,3092387,0
1742485507,free-deployment-average-200-0c7f2a559833-556495bc6f-52q97_default,free-deployment-average-200-0c7f2a559833,0.500000,0,average,1742485429,47018,263,31556,false,0.423301,-521.751065,1949381,11173,1439063,0
1742485510,free-deployment-average-190-e96dfe525187-7579f996f8-sr8cd_default,free-deployment-average-190-e96dfe525187,0.500000,0,average,1742485440,38857,263,31556,false,0.424155,-525.475584,1983515,10387,1468663,0
1742485513,free-deployment-average-211-9c83ee22badd-6b6cc7d9c-pg6n8_default,free-deployment-average-211-9c83ee22badd,0.500000,0,average,1742485443,38698,264,31556,false,0.423815,-527.345397,1982752,10485,1466131,0
1742485516,free-deployment-average-218-ee468b86cc2d-9b56ddb48-j9t5s_default,free-deployment-average-218-ee468b86cc2d,0.500000,0,average,1742485440,44578,201,31578,false,0.423609,-528.332839,1981742,10542,1464197,0
1742485519,free-deployment-average-207-ce098f042ca2-865c68f547-4c2d2_default,free-deployment-average-207-ce098f042ca2,0.500000,0,average,1742485449,38798,264,31134,false,0.422855,-528.114198,1963283,11251,1446676,0
1742485521,free-deployment-average-255-60d4f796d4f4-57c5c4df4c-rvc9v_default,free-deployment-average-255-60d4f796d4f4,0.500000,0,average,1742485452,38638,262,31096,false,0.422811,-528.142035,1962400,11270,1445785,0
1742485524,free-deployment-average-189-d46f9130862b-f7d55dcd6-zscnd_default,free-deployment-average-189-d46f9130862b,0.500000,0,average,1742485449,44478,259,31060,false,0.423778,-529.906719,1991810,10266,1472415,0
1742485527,batch-deployment-average-125-9550f1d1788c-847ff95d5d-mpwdj_default,batch-deployment-average-125-9550f1d1788c,0.900000,0,average,1742485363,20897,280,143439,false,0.908342,28.350965,308906,5199,3112829,0
1742485530,free-deployment-average-227-5759980cc5cb-5898646d8c-x7xt2_default,free-deployment-average-227-5759980cc5cb,0.500000,0,average,1742485463,36698,260,30858,false,0.422331,-532.498972,1968884,10431,1447065,0
1742485530,batch-deployment-average-122-419e035af17a-6c8f8b5c87-sqcz8_default,batch-deployment-average-122-419e035af17a,0.900000,0,average,1742485495,1357,183,34316,false,0.908680,29.369821,306943,4620,3100203,0
1742485533,batch-deployment-average-120-d0e4aac950f1-74d49b5cdf-p8wpr_default,batch-deployment-average-120-d0e4aac950f1,0.900000,0,average,1742485234,26760,259,272799,false,0.909325,31.627850,303974,5717,3105701,0
1742485536,free-deployment-average-206-c338c4bcd1ab-56c7599d48-nrwdp_default,free-deployment-average-206-c338c4bcd1ab,0.500000,0,average,1742485432,73298,260,31098,false,0.423019,-529.152891,1971849,10249,1453195,0
1742485539,free-deployment-average-196-2f37620ad37d-c8d756bd6-jvrzp_default,free-deployment-average-196-2f37620ad37d,0.500000,0,average,1742485472,36138,260,31057,false,0.423455,-529.597872,1983214,10369,1464226,0
1742485542,free-deployment-average-230-284359c056eb-5cd676cdb4-2bjjt_default,free-deployment-average-230-284359c056eb,0.500000,0,average,1742485475,35978,263,31016,false,0.423936,-531.247313,2000299,10459,1479754,0
1742485545,free-deployment-average-224-bce6541dd9dd-6c46c5c76b-bsp7k_default,free-deployment-average-224-bce6541dd9dd,0.500000,0,average,1742485455,47538,184,42315,false,0.423953,-525.032683,1977286,10336,1462830,0
1742485547,free-deployment-average-220-bdbc9bfc6e62-6f9887ff67-67jrz_default,free-deployment-average-220-bdbc9bfc6e62,0.500000,0,average,1742485478,38657,264,31056,false,0.423013,-533.331865,1987609,10065,1464577,0
1742485550,free-deployment-average-232-549b4622d08c-547fb75f-hnzzs_default,free-deployment-average-232-549b4622d08c,0.500000,0,average,1742485472,47498,264,30935,false,0.423090,-535.295206,1996222,10532,1471698,0
1742485553,free-deployment-average-195-ac81edf8594b-64c765f9d-z4fs9_default,free-deployment-average-195-ac81edf8594b,0.500000,0,average,1742485469,44818,260,39259,false,0.424425,-523.918749,1983702,10446,1470473,0
1742485556,free-deployment-average-175-c793764bb1b3-6bdbbc5585-vbgst_default,free-deployment-average-175-c793764bb1b3,0.500000,0,average,1742485466,56338,182,34017,false,0.423881,-534.553488,2011570,10444,1487703,0
1742485559,free-deployment-average-229-1ddb7fc8108e-6b474d4ddf-f8fcf_default,free-deployment-average-229-1ddb7fc8108e,0.500000,0,average,1742485484,41099,259,34359,false,0.423437,-528.642644,1979386,10224,1461200,0
1742485559,free-deployment-average-247-170c83458846-58fbfc49b7-mzh7n_default,free-deployment-average-247-170c83458846,0.500000,0,average,1742485487,40979,179,31598,false,0.423070,-532.384142,1984410,10930,1463211,0
1742485562,batch-deployment-average-127-c9c5eacfc21c-77d65d444c-cq7gk_default,batch-deployment-average-127-c9c5eacfc21c,0.900000,0,average,1742485458,15178,261,89278,false,0.907997,27.467105,315440,3070,3143462,0
1742485565,free-deployment-average-237-c5994abe4a07-5dc4cfb49c-wprls_default,free-deployment-average-237-c5994abe4a07,0.500000,0,average,1742485490,44118,264,31157,false,0.423158,-536.824674,2003415,10637,1477465,0
1742485568,free-deployment-average-225-9c56dc853d91-6dc78c4dd8-zmlbl_default,free-deployment-average-225-9c56dc853d91,0.500000,0,average,1742485493,43997,181,31138,false,0.424220,-530.856382,2005555,10280,1485214,0
1742485571,free-deployment-average-249-426e7184252c-77d84b5db5-2c46p_default,free-deployment-average-249-426e7184252c,0.500000,0,average,1742485487,44277,263,39776,false,0.424857,-526.184543,2002204,10595,1486850,0
1742485574,batch-deployment-average-104-fefb8eb75caa-6b57b6587f-s86tv_default,batch-deployment-average-104-fefb8eb75caa,0.900000,0,average,1742484962,83797,46,528313,false,0.914514,50.528966,296701,2221,3197817,0
1742485576,free-deployment-average-238-fb57ee9fdf9e-6884dc7d49-kbhwh_default,free-deployment-average-238-fb57ee9fdf9e,0.500000,0,average,1742485502,40717,181,34099,false,0.424782,-527.295687,2004491,10805,1488235,0
1742485579,free-deployment-average-233-d62f1d8f2614-5848c97567-cq6f8_default,free-deployment-average-233-d62f1d8f2614,0.500000,0,average,1742485499,49357,180,31219,false,0.423596,-535.127156,2007090,10549,1482753,0
1742485582,batch-deployment-average-101-89cde830bd1e-86d6d6559-9vpx8_default,batch-deployment-average-101-89cde830bd1e,0.900000,0,average,1742485014,20618,322,547637,false,0.918490,64.586864,281234,4534,3220173,0
1742485585,free-deployment-average-190-e96dfe525187-7579f996f8-t5p2c_default,free-deployment-average-190-e96dfe525187,0.500000,0,average,1742485510,43917,324,31196,false,0.423928,-538.523152,2027432,10712,1499860,0
1742485588,free-deployment-average-251-92f0a9778029-845d9b58b7-9qvhn_default,free-deployment-average-251-92f0a9778029,0.500000,0,average,1742485499,54718,224,34335,false,0.423357,-542.787418,2030488,10508,1498448,0
1742485591,free-deployment-average-200-0c7f2a559833-556495bc6f-vjhhl_default,free-deployment-average-200-0c7f2a559833,0.500000,0,average,1742485507,49878,184,34056,false,0.422856,-537.754352,1999259,11357,1473120,0
1742485593,free-deployment-average-211-9c83ee22badd-6b6cc7d9c-wkl2s_default,free-deployment-average-211-9c83ee22badd,0.500000,0,average,1742485513,47178,261,33518,false,0.423591,-541.266534,2029930,10747,1499650,0
1742485596,free-deployment-average-207-ce098f042ca2-865c68f547-qh5jh_default,free-deployment-average-207-ce098f042ca2,0.500000,0,average,1742485519,46938,264,30595,false,0.422197,-544.720994,2010221,11515,1477272,0
1742485599,batch-deployment-average-127-c9c5eacfc21c-77d65d444c-ltfzz_default,batch-deployment-average-127-c9c5eacfc21c,0.900000,0,average,1742485562,1098,184,36354,false,0.908620,29.950271,316538,3255,3179817,0
1742485602,free-deployment-average-218-ee468b86cc2d-9b56ddb48-ksbbk_default,free-deployment-average-218-ee468b86cc2d,0.500000,0,average,1742485516,52777,261,33358,false,0.422695,-548.013160,2034519,10803,1497556,0
1742485605,free-deployment-average-255-60d4f796d4f4-57c5c4df4c-m6g4x_default,free-deployment-average-255-60d4f796d4f4,0.500000,0,average,1742485521,50618,263,33276,false,0.422156,-545.727454,2013018,11534,1479082,0
1742485607,free-deployment-average-189-d46f9130862b-f7d55dcd6-rxqrs_default,free-deployment-average-189-d46f9130862b,0.500000,0,average,1742485524,50458,265,32834,false,0.423055,-547.795945,2042268,10531,1505249,0
1742485610,free-deployment-average-227-5759980cc5cb-5898646d8c-zgd74_default,free-deployment-average-227-5759980cc5cb,0.500000,0,average,1742485530,47297,183,32696,false,0.421998,-547.282182,2016182,10615,1479762,0
1742485613,free-deployment-average-206-c338c4bcd1ab-56c7599d48-z5fk7_default,free-deployment-average-206-c338c4bcd1ab,0.500000,0,average,1742485536,44057,264,32735,false,0.423059,-540.739519,2015906,10513,1485931,0
1742485617,free-deployment-average-196-2f37620ad37d-c8d756bd6-shvd4_default,free-deployment-average-196-2f37620ad37d,0.500000,0,average,1742485539,43898,260,33918,false,0.423697,-539.838280,2027113,10629,1498145,0
1742485619,free-deployment-average-230-284359c056eb-5cd676cdb4-tt2rh_default,free-deployment-average-230-284359c056eb,0.500000,0,average,1742485542,43738,264,33936,false,0.424187,-541.313561,2044037,10723,1513691,0
1742485622,free-deployment-average-232-549b4622d08c-547fb75f-49zkv_default,free-deployment-average-232-549b4622d08c,0.500000,0,average,1742485550,41418,262,31098,false,0.423176,-545.878598,2037640,10795,1502796,0
1742485625,free-deployment-average-224-bce6541dd9dd-6c46c5c76b-mrqjs_default,free-deployment-average-224-bce6541dd9dd,0.500000,0,average,1742485544,50258,263,31095,false,0.422964,-544.439047,2027545,10599,1493946,0
1742485628,free-deployment-average-220-bdbc9bfc6e62-6f9887ff67-5grzn_default,free-deployment-average-220-bdbc9bfc6e62,0.500000,0,average,1742485547,41578,264,39795,false,0.424498,-535.379812,2029187,10329,1504372,0
1742485628,free-deployment-average-175-c793764bb1b3-6bdbbc5585-t4f7q_default,free-deployment-average-175-c793764bb1b3,0.500000,0,average,1742485556,41098,264,31314,false,0.424023,-544.602621,2052668,10708,1519018,0
1742485631,free-deployment-average-247-170c83458846-58fbfc49b7-r4s2h_default,free-deployment-average-247-170c83458846,0.500000,0,average,1742485559,40937,183,31515,false,0.423296,-541.967795,2025348,11114,1494747,0
1742485634,batch-deployment-average-120-d0e4aac950f1-74d49b5cdf-qhrbk_default,batch-deployment-average-120-d0e4aac950f1,0.900000,0,average,1742485533,12518,184,88734,false,0.908328,29.070067,316492,5901,3194437,0
1742485637,free-deployment-average-237-c5994abe4a07-5dc4cfb49c-spmd8_default,free-deployment-average-237-c5994abe4a07,0.500000,0,average,1742485565,37698,262,34417,false,0.424224,-540.352318,2041114,10900,1511899,0
1742485640,batch-deployment-average-122-419e035af17a-6c8f8b5c87-4c8t7_default,batch-deployment-average-122-419e035af17a,0.900000,0,average,1742485530,9758,260,100118,false,0.908691,30.363868,316701,4880,3200322,0
1742485642,batch-deployment-average-82-b68afcdd197a-7568768cc-g2plb_default,batch-deployment-average-82-b68afcdd197a,0.900000,0,average,1742485481,15517,283,146176,false,0.908930,31.354857,317897,4336,3216063,0
1742485645,free-deployment-average-225-9c56dc853d91-6dc78c4dd8-ljkhc_default,free-deployment-average-225-9c56dc853d91,0.500000,0,average,1742485568,46157,324,31336,false,0.423755,-545.983878,2051713,10605,1516570,0
1742485648,free-deployment-average-233-d62f1d8f2614-5848c97567-tmm59_default,free-deployment-average-233-d62f1d8f2614,0.500000,0,average,1742485579,35458,325,33874,false,0.424819,-537.038547,2042549,10875,1516627,0
1742485651,free-deployment-average-195-ac81edf8594b-64c765f9d-kmsqn_default,free-deployment-average-195-ac81edf8594b,0.500000,0,average,1742485553,64398,263,34043,false,0.422222,-554.537025,2048100,10710,1504517,0
1742485651,free-deployment-average-249-426e7184252c-77d84b5db5-68wtf_default,free-deployment-average-249-426e7184252c,0.500000,0,average,1742485571,49238,261,31218,false,0.423998,-544.466000,2051442,10856,1518068,0
1742485654,free-deployment-average-251-92f0a9778029-845d9b58b7-t848g_default,free-deployment-average-251-92f0a9778029,0.500000,0,average,1742485588,35078,263,31336,false,0.424219,-546.793344,2065566,10772,1529784,0
1742485657,free-deployment-average-190-e96dfe525187-7579f996f8-vxlzv_default,free-deployment-average-190-e96dfe525187,0.500000,0,average,1742485585,40957,183,31356,false,0.424101,-548.306773,2068390,10895,1531216,0
1742485660,free-deployment-average-229-1ddb7fc8108e-6b474d4ddf-ncddq_default,free-deployment-average-229-1ddb7fc8108e,0.500000,0,average,1742485559,54918,264,46255,false,0.424367,-537.569991,2034305,10488,1507456,0
1742485663,free-deployment-average-207-ce098f042ca2-865c68f547-l8wdx_default,free-deployment-average-207-ce098f042ca2,0.500000,0,average,1742485596,36018,261,31017,false,0.422928,-549.982241,2046239,11776,1508289,0
1742485666,batch-deployment-average-160-ce45c9058931-57f7986b7c-jm7qs_default,batch-deployment-average-160-ce45c9058931,0.900000,0,average,1742485461,23737,242,181138,false,0.908963,31.870442,321067,5125,3256884,0
1742485668,free-deployment-average-211-9c83ee22badd-6b6cc7d9c-t7tq6_default,free-deployment-average-211-9c83ee22badd,0.500000,0,average,1742485593,44678,180,31038,false,0.423283,-555.086291,2074609,10927,1530688,0
1742485669,free-deployment-average-251-92f0a9778029-845d9b58b7-qnjfx_default,free-deployment-average-251-92f0a9778029,0.500000,0,average,1742485654,15638,0,0,false,0.422387,-562.426590,2081205,10772,1529784,0
1742485669,prod-deployment-average-2-a79a2a57b918-5cc4d747c6-h7c8d_default,prod-deployment-average-2-a79a2a57b918,1.000000,0,average,1742482070,509,4,3599224,false,0.999857,-0.518072,509,4,3599224,0
1742485669,free-deployment-average-175-c793764bb1b3-6bdbbc5585-r42jx_default,free-deployment-average-175-c793764bb1b3,0.500000,0,average,1742485628,41778,0,0,false,0.419135,-586.375662,2094447,10708,1519018,0
1742485669,batch-deployment-average-97-61ce769628ba-7cbdd6974f-w7nqs_default,batch-deployment-average-97-61ce769628ba,0.900000,0,average,1742482072,552,7,3597281,false,0.999844,359.216380,552,7,3597281,0
1742485669,free-deployment-average-189-d46f9130862b-f7d55dcd6-vb6nz_default,free-deployment-average-189-d46f9130862b,0.500000,0,average,1742485607,39118,262,23516,false,0.422204,-563.640933,2081387,10794,1528786,0
1742485669,prod-deployment-average-21-c669d32bf791-69f9476b6d-xtknv_default,prod-deployment-average-21-c669d32bf791,1.000000,0,average,1742482074,586,9,3595363,false,0.999834,-0.604677,586,9,3595363,0
1742485670,free-deployment-average-190-e96dfe525187-7579f996f8-jzbtx_default,free-deployment-average-190-e96dfe525187,0.500000,0,average,1742485657,13398,0,0,false,0.422533,-561.700296,2081789,10895,1531216,0
1742485670,batch-deployment-average-135-5aa6b9bb1246-855c7ff6fc-smbmv_default,batch-deployment-average-135-5aa6b9bb1246,0.900000,0,average,1742482076,626,6,3593885,false,0.999824,358.812901,626,6,3593885,0
1742485670,free-deployment-average-230-284359c056eb-5cd676cdb4-x4wgj_default,free-deployment-average-230-284359c056eb,0.500000,0,average,1742485619,47438,180,3959,false,0.419237,-584.971355,2091476,10903,1517651,0
1742485670,batch-deployment-average-147-ad2bf8d701cb-67949b66d7-w6d29_default,batch-deployment-average-147-ad2bf8d701cb,0.900000,0,average,1742482078,667,4,3592005,false,0.999813,358.590255,667,4,3592005,0
1742485670,prod-deployment-average-35-d07f848d99fb-bf6676b48-fkt9b_default,prod-deployment-average-35-d07f848d99fb,1.000000,0,average,1742482079,682,7,3591089,false,0.999808,-0.698496,682,7,3591089,0
1742485670,free-deployment-average-211-9c83ee22badd-6b6cc7d9c-9z6n4_default,free-deployment-average-211-9c83ee22badd,0.500000,0,average,1742485668,2899,0,0,false,0.422944,-557.980291,2077508,10927,1530688,0
1742485671,batch-deployment-average-87-25193af07301-6c7f8f8774-tjgxn_default,batch-deployment-average-87-25193af07301,0.900000,0,average,1742482081,723,8,3589305,false,0.999796,358.263095,723,8,3589305,0
1742485671,batch-deployment-average-128-4d7c7b915afc-54484457d8-9926n_default,batch-deployment-average-128-4d7c7b915afc,0.900000,0,average,1742482082,740,4,3588432,false,0.999792,358.167323,740,4,3588432,0
1742485671,batch-deployment-average-104-fefb8eb75caa-6b57b6587f-9psfx_default,batch-deployment-average-104-fefb8eb75caa,0.900000,0,average,1742485574,52117,161,45038,false,0.902283,7.987488,348818,2382,3242856,0
1742485671,prod-deployment-average-8-4ac7f1775008-db6c5c8bb-b2ltv_default,prod-deployment-average-8-4ac7f1775008,1.000000,0,average,1742482084,790,5,3586582,false,0.999778,-0.801887,790,5,3586582,0
1742485671,free-deployment-average-218-ee468b86cc2d-9b56ddb48-g7s7p_default,free-deployment-average-218-ee468b86cc2d,0.500000,0,average,1742485602,41278,261,27959,false,0.422302,-561.592311,2075798,11064,1525516,0
1742485671,batch-deployment-average-93-fe65f8bb34ef-768dd87655-rgm6g_default,batch-deployment-average-93-fe65f8bb34ef,0.900000,0,average,1742482086,821,6,3584770,false,0.999769,357.725512,821,6,3584770,0
1742485671,batch-deployment-average-101-89cde830bd1e-86d6d6559-rmvq9_default,batch-deployment-average-101-89cde830bd1e,0.900000,0,average,1742485582,47097,265,42394,false,0.907353,26.200400,328332,4799,3262586,0
1742485671,prod-deployment-average-46-2a95b5674b57-7d4568c6b6-vcxz4_default,prod-deployment-average-46-2a95b5674b57,1.000000,0,average,1742482088,858,5,3582994,false,0.999759,-0.869710,858,5,3582994,0
1742485671,batch-deployment-average-99-37206e1ae97c-658595c8d4-7tcdx_default,batch-deployment-average-99-37206e1ae97c,0.900000,0,average,1742484959,52477,324,660156,false,0.918130,64.796604,292006,1686,3293613,0
1742485672,batch-deployment-average-115-e5b8757bb5e6-59f664647c-4kl6d_default,batch-deployment-average-115-e5b8757bb5e6,0.900000,0,average,1742485360,41277,183,270637,false,0.906015,21.393094,332591,5279,3257064,0
1742485672,free-deployment-average-225-9c56dc853d91-6dc78c4dd8-dxqsx_default,free-deployment-average-225-9c56dc853d91,0.500000,0,average,1742485645,27258,0,0,false,0.420551,-573.236909,2078972,10605,1516571,0
1742485672,batch-deployment-average-145-c4c5e06afa5f-86bbcb5594-vrjwd_default,batch-deployment-average-145-c4c5e06afa5f,0.900000,0,average,1742485406,20638,259,245496,false,0.909617,34.316413,319800,4939,3268176,0
1742485672,prod-deployment-average-55-9f4cfde24e34-78787f6b74-lnvwl_default,prod-deployment-average-55-9f4cfde24e34,1.000000,0,average,1742482093,948,5,3578584,false,0.999733,-0.959697,948,5,3578584,0
1742485672,free-deployment-average-249-426e7184252c-77d84b5db5-t49fg_default,free-deployment-average-249-426e7184252c,0.500000,0,average,1742485651,21778,0,0,false,0.421438,-566.218891,2073220,10856,1518089,0
1742485672,batch-deployment-average-160-ce45c9058931-57f7986b7c-bhm57_default,batch-deployment-average-160-ce45c9058931,0.900000,0,average,1742485666,6978,0,0,false,0.907197,+Inf,328045,5125,3256905,0
1742485673,free-deployment-average-232-549b4622d08c-547fb75f-f2bjp_default,free-deployment-average-232-549b4622d08c,0.500000,0,average,1742485622,38759,263,12135,false,0.420535,-572.765100,2076399,11058,1514932,0
1742485673,prod-deployment-average-43-7f1b2ba70cb5-565c688bfd-922bt_default,prod-deployment-average-43-7f1b2ba70cb5,1.000000,0,average,1742482098,29,3,3575304,false,0.999991,-0.037594,29,3,3575304,0
1742485673,free-deployment-average-238-fb57ee9fdf9e-6884dc7d49-99jvc_default,free-deployment-average-238-fb57ee9fdf9e,0.500000,0,average,1742485576,58837,263,38436,false,0.423950,-547.960786,2063328,11069,1526673,0
1742485673,prod-deployment-average-36-bd13fd8ea536-5c546fc9bd-v6v82_default,prod-deployment-average-36-bd13fd8ea536,1.000000,0,average,1742482100,75,5,3573635,false,0.999977,-0.086821,75,5,3573635,0
1742485673,batch-deployment-average-95-45538e973fea-c4779c548-8fr6k_default,batch-deployment-average-95-45538e973fea,0.900000,0,average,1742485409,38057,320,226541,false,0.906311,22.356936,330907,4551,3245095,0
1742485674,free-deployment-average-237-c5994abe4a07-5dc4cfb49c-gpcwc_default,free-deployment-average-237-c5994abe4a07,0.500000,0,average,1742485637,36218,164,733,false,0.420056,-576.000486,2077333,11064,1512633,0
1742485674,prod-deployment-average-78-fdcf3bdac358-78f8bfb4-6zfmh_default,prod-deployment-average-78-fdcf3bdac358,1.000000,0,average,1742482103,128,8,3571194,false,0.999962,-0.144154,128,8,3571194,0
1742485674,free-deployment-average-233-d62f1d8f2614-5848c97567-w99v6_default,free-deployment-average-233-d62f1d8f2614,0.500000,0,average,1742485648,25358,59,1087,false,0.421991,-561.365367,2067907,10935,1517715,0
1742485674,prod-deployment-average-22-ef5e14a0369e-6b949446b5-g7r7g_default,prod-deployment-average-22-ef5e14a0369e,1.000000,0,average,1742482105,184,7,3569511,false,0.999946,-0.200027,184,7,3569511,0
1742485674,prod-deployment-average-18-f9e8688f7c1f-86b7d67bd9-gwmhr_default,prod-deployment-average-18-f9e8688f7c1f,1.000000,0,average,1742482106,204,6,3568707,false,0.999941,-0.217106,204,6,3568707,0
1742485675,batch-deployment-average-127-c9c5eacfc21c-77d65d444c-jtjxw_default,batch-deployment-average-127-c9c5eacfc21c,0.900000,0,average,1742485599,11597,264,64240,false,0.907248,25.695463,328136,3519,3244058,0
1742485675,free-deployment-average-196-2f37620ad37d-c8d756bd6-ddb7j_default,free-deployment-average-196-2f37620ad37d,0.500000,0,average,1742485617,46598,263,11441,false,0.420011,-575.238842,2073711,10893,1509608,0
1742485675,prod-deployment-average-71-b4e8b411f564-64b479c67-5jmfm_default,prod-deployment-average-71-b4e8b411f564,1.000000,0,average,1742482109,271,7,3566235,false,0.999922,-0.287220,271,7,3566235,0
1742485675,prod-deployment-average-44-89f0d7ef451e-95587c8b5-jfjm5_default,prod-deployment-average-44-89f0d7ef451e,1.000000,0,average,1742482110,293,5,3565401,false,0.999916,-0.305167,293,5,3565401,0
1742485675,batch-deployment-average-116-fc83db90153e-f684b944-t22sf_default,batch-deployment-average-116-fc83db90153e,0.900000,0,average,1742485504,24137,321,147443,false,0.906522,23.071300,330011,4069,3239831,0
1742485676,prod-deployment-average-56-554058d877ba-f9974bfd-wstn4_default,prod-deployment-average-56-554058d877ba,1.000000,0,average,1742482112,342,7,3563755,false,0.999902,-0.357763,342,7,3563755,0
1742485676,free-deployment-average-220-bdbc9bfc6e62-6f9887ff67-2vtjp_default,free-deployment-average-220-bdbc9bfc6e62,0.500000,0,average,1742485628,44438,204,3660,false,0.419808,-576.361162,2073626,10534,1508033,0
1742485676,batch-deployment-average-125-9550f1d1788c-847ff95d5d-5mxkh_default,batch-deployment-average-125-9550f1d1788c,0.900000,0,average,1742485527,30037,324,119142,false,0.903685,12.937520,338944,5523,3231990,0
1742485676,batch-deployment-average-82-b68afcdd197a-7568768cc-c7cj8_default,batch-deployment-average-82-b68afcdd197a,0.900000,0,average,1742485642,30618,265,3816,false,0.901170,3.939830,348516,4601,3219879,0
1742485676,prod-deployment-average-3-ee9590bdcd55-6f75576dc6-mg5hv_default,prod-deployment-average-3-ee9590bdcd55,1.000000,0,average,1742482116,436,7,3560458,false,0.999875,-0.451317,436,7,3560458,0
1742485677,free-deployment-average-195-ac81edf8594b-64c765f9d-66sgc_default,free-deployment-average-195-ac81edf8594b,0.500000,0,average,1742485651,21858,245,3995,false,0.420266,-572.644894,2069959,10955,1508513,0
1742485677,prod-deployment-average-29-146f8485ac2c-6d7887ddf-sg8d5_default,prod-deployment-average-29-146f8485ac2c,1.000000,0,average,1742482118,481,7,3558814,false,0.999863,-0.496598,481,7,3558814,0
1742485677,batch-deployment-average-112-5d8886f68b65-557cd674f-v65dg_default,batch-deployment-average-112-5d8886f68b65,0.900000,0,average,1742485446,24197,163,207150,false,0.907673,27.105497,326853,2075,3233726,0
1742485677,free-deployment-average-224-bce6541dd9dd-6c46c5c76b-wt8gs_default,free-deployment-average-224-bce6541dd9dd,0.500000,0,average,1742485625,44197,264,8249,false,0.419046,-580.651031,2071742,10863,1502196,0
1742485677,prod-deployment-average-62-697db3989323-6895f696d8-2sqt4_default,prod-deployment-average-62-697db3989323,1.000000,0,average,1742482121,2238,63,3554604,false,0.999353,-2.365248,2238,63,3554604,0
1742485678,free-deployment-average-207-ce098f042ca2-865c68f547-t56nm_default,free-deployment-average-207-ce098f042ca2,0.500000,0,average,1742485663,10358,41,4705,false,0.422458,-555.671541,2056598,11817,1512995,0
1742485678,prod-deployment-average-68-84c0bcc7a1e4-76dcf569f6-rkg2v_default,prod-deployment-average-68-84c0bcc7a1e4,1.000000,0,average,1742482123,3078,181,3552040,false,0.999083,-3.440830,3078,181,3552040,0
1742485678,free-deployment-average-247-170c83458846-58fbfc49b7-ckg52_default,free-deployment-average-247-170c83458846,0.500000,0,average,1742485631,42999,7,4494,false,0.418934,-580.474201,2068347,11122,1499242,0
1742485678,free-deployment-average-206-c338c4bcd1ab-56c7599d48-92gdh_default,free-deployment-average-206-c338c4bcd1ab,0.500000,0,average,1742485612,43097,264,23342,false,0.421699,-560.738812,2059004,10778,1509294,0
1742485678,prod-deployment-average-33-8fb7eaa4a4e5-7db6686688-j269f_default,prod-deployment-average-33-8fb7eaa4a4e5,1.000000,0,average,1742482126,3278,221,3549404,false,0.999015,-3.721044,3278,221,3549404,0
1742485679,free-deployment-average-255-60d4f796d4f4-57c5c4df4c-2bqlh_default,free-deployment-average-255-60d4f796d4f4,0.500000,0,average,1742485605,43997,184,29921,false,0.421776,-559.986213,2057016,11718,1509003,0
1742485679,batch-deployment-average-122-419e035af17a-6c8f8b5c87-9flt9_default,batch-deployment-average-122-419e035af17a,0.900000,0,average,1742485640,12177,260,26863,false,0.906206,21.854689,328879,5141,3227186,0
1742485679,free-deployment-average-227-5759980cc5cb-5898646d8c-789vw_default,free-deployment-average-227-5759980cc5cb,0.500000,0,average,1742485610,47918,261,21321,false,0.419759,-574.140293,2064100,10876,1501084,0
1742485679,prod-deployment-average-53-d4490c6d4498-6d967d45db-fgx6h_default,prod-deployment-average-53-d4490c6d4498,1.000000,0,average,1742482130,3198,264,3546239,false,0.999024,-3.727785,3198,264,3546239,0
1742485679,free-deployment-average-229-1ddb7fc8108e-6b474d4ddf-gng9t_default,free-deployment-average-229-1ddb7fc8108e,0.500000,0,average,1742485660,13358,83,6467,false,0.423815,-544.520597,2047663,10572,1513945,0
1742485680,free-deployment-average-200-0c7f2a559833-556495bc6f-qvddk_default,free-deployment-average-200-0c7f2a559833,0.500000,0,average,1742485591,49437,261,39406,false,0.423340,-548.047255,2048697,11618,1512527,0
1742485680,batch-deployment-average-120-d0e4aac950f1-74d49b5cdf-hx5w2_default,batch-deployment-average-120-d0e4aac950f1,0.900000,0,average,1742485634,15158,162,30981,false,0.905220,18.383562,331650,6064,3225438,0
