1742598962,bronze-class-deploy-49-6679588cdc-xssx4_default,bronze-controller-49,0.500000,0,average,1742598961,813,3,589,false,0.419133,-0.231002,813,3,589,0
1742598966,bronze-class-deploy-45-79d9bb8755-bm72x_default,bronze-controller-45,0.500000,0,average,1742598960,854,2,5537,false,0.865904,2.337363,854,2,5537,0
1742598967,bronze-class-deploy-40-79cf7d59cd-fkz8x_default,bronze-controller-40,0.500000,0,average,1742598959,655,5,8113,false,0.924591,3.720220,655,5,8113,0
1742598969,bronze-class-deploy-33-68477d8f4d-wctkw_default,bronze-controller-33,0.500000,0,average,1742598958,105,2,11246,false,0.990432,5.565903,105,2,11246,0
1742598971,bronze-class-deploy-37-758bc7cf96-zmrd6_default,bronze-controller-37,0.500000,0,average,1742598958,905,2,12548,false,0.932482,5.816733,905,2,12548,0
1742598974,bronze-class-deploy-35-86448c4f4b-vbtr7_default,bronze-controller-35,0.500000,0,average,1742598958,702,4,15327,false,0.955868,7.305287,702,4,15327,0
1742598976,bronze-class-deploy-30-56698788c5-xsxmh_default,bronze-controller-30,0.500000,0,average,1742598957,756,6,18451,false,0.960309,8.838093,756,6,18451,0
1742598986,bronze-class-deploy-17-dd67c9dc4-bffh4_default,bronze-controller-17,0.500000,0,average,1742598954,652,4,31717,false,0.979710,15.526031,652,4,31717,0
1742598989,bronze-class-deploy-28-946b5bff6-pm747_default,bronze-controller-28,0.500000,0,average,1742598957,104,2,32007,false,0.996660,15.947818,104,2,32007,0
1742598991,bronze-class-deploy-26-7f9d9f4558-45x85_default,bronze-controller-26,0.500000,0,average,1742598956,855,6,34893,false,0.975897,17.009222,855,6,34893,0
1742598994,bronze-class-deploy-23-654ffb5cc5-8v24z_default,bronze-controller-23,0.500000,0,average,1742598956,108,5,38141,false,0.997025,19.008869,108,5,38141,0
1742598997,bronze-class-deploy-12-84c9ffbd8c-dbhtd_default,bronze-controller-12,0.500000,0,average,1742598953,603,4,43446,false,0.986194,21.414201,603,4,43446,0
1742598999,bronze-class-deploy-9-6f75c4867-pt88s_default,bronze-controller-9,0.500000,0,average,1742598953,56,7,46791,false,0.998638,23.356142,56,7,46791,0
1742599002,bronze-class-deploy-7-6fc7b776fc-n84k8_default,bronze-controller-7,0.500000,0,average,1742598952,806,6,49580,false,0.983852,24.376718,806,6,49580,0
1742599005,bronze-class-deploy-5-d8d757dd7-jgmn5_default,bronze-controller-5,0.500000,0,average,1742598952,576,5,53374,false,0.989226,26.391330,576,5,53374,0
1742599008,bronze-class-deploy-3-775f4fbdd9-vrkc8_default,bronze-controller-3,0.500000,0,average,1742598952,388,6,56420,false,0.993050,28.006190,388,6,56420,0
1742599011,bronze-class-deploy-1-7bfd84fb59-v7vjb_default,bronze-controller-1,0.500000,0,average,1742598952,210,7,59376,false,0.996339,29.572012,210,7,59376,0
1742599021,bronze-class-deploy-56-6455fc5c5f-r8xvr_default,bronze-controller-56,0.500000,0,average,1742598963,26534,103,31776,false,0.543978,2.465394,26534,103,31776,0
1742599028,bronze-class-deploy-52-c4b45f447-l6nvm_default,bronze-controller-52,0.500000,0,average,1742598962,32634,301,33658,false,0.505422,0.059829,32634,301,33658,0
1742599031,bronze-class-deploy-54-8465ff778f-2wq42_default,bronze-controller-54,0.500000,0,average,1742598963,34454,224,34096,false,0.495761,-0.807576,34454,224,34096,0
1742599034,bronze-class-deploy-62-598b487446-dvrp6_default,bronze-controller-62,0.500000,0,average,1742598964,39114,323,31136,false,0.441185,-8.625566,39114,323,31136,0
1742599037,bronze-class-deploy-59-77b6864776-qw829_default,bronze-controller-59,0.500000,0,average,1742598964,38875,263,33916,false,0.464256,-5.486024,38875,263,33916,0
1742599039,bronze-class-deploy-63-7d44d578c5-x9tzk_default,bronze-controller-63,0.500000,0,average,1742598964,42295,263,33435,false,0.439974,-9.386797,42295,263,33435,0
1742599043,bronze-class-deploy-60-bd9f5c94d-2dvlp_default,bronze-controller-60,0.500000,0,average,1742598964,39414,322,39458,false,0.498245,-0.600031,39414,322,39458,0
1742599046,bronze-class-deploy-40-79cf7d59cd-nvvn4_default,bronze-controller-40,0.500000,0,average,1742598967,47514,261,31238,false,0.448381,-9.198820,48170,267,39372,0
1742599048,bronze-class-deploy-45-79d9bb8755-5kf4h_default,bronze-controller-45,0.500000,0,average,1742598966,45935,284,36595,false,0.472413,-5.066785,46790,287,42154,0
1742599051,bronze-class-deploy-49-6679588cdc-fmg9p_default,bronze-controller-49,0.500000,0,average,1742598962,47115,263,42295,false,0.470878,-5.438542,47928,266,42890,0
1742599061,bronze-class-deploy-33-68477d8f4d-wr9cs_default,bronze-controller-33,0.500000,0,average,1742598969,60255,283,31836,false,0.415336,-17.707286,60360,285,43082,0
1742599064,bronze-class-deploy-35-86448c4f4b-4nnkl_default,bronze-controller-35,0.500000,0,average,1742598973,59194,263,31757,false,0.439021,-13.214494,59897,268,47086,0
1742599071,bronze-class-deploy-30-56698788c5-pzfjs_default,bronze-controller-30,0.500000,0,average,1742598976,64514,223,31196,false,0.431263,-15.947851,65271,230,49668,0
1742599074,bronze-class-deploy-17-dd67c9dc4-w9wsn_default,bronze-controller-17,0.500000,0,average,1742598986,54714,243,33757,false,0.540792,4.816411,55367,247,65495,0
1742599077,bronze-class-deploy-28-946b5bff6-fmjch_default,bronze-controller-28,0.500000,0,average,1742598989,54514,282,33736,false,0.544921,5.277147,54619,285,65744,0
1742599080,bronze-class-deploy-26-7f9d9f4558-q4fth_default,bronze-controller-26,0.500000,0,average,1742598991,55335,263,33496,false,0.547846,5.839638,56190,269,68409,0
1742599083,bronze-class-deploy-56-6455fc5c5f-ts7t2_default,bronze-controller-56,0.500000,0,average,1742599021,30974,263,31056,false,0.520605,2.303849,57509,367,62852,0
1742599086,bronze-class-deploy-62-598b487446-xrnhp_default,bronze-controller-62,0.500000,0,average,1742599034,15155,262,36695,false,0.552950,6.204187,54270,586,67852,0
1742599088,bronze-class-deploy-52-c4b45f447-wx72j_default,bronze-controller-52,0.500000,0,average,1742599028,26554,261,34118,false,0.531537,3.740943,59189,563,67797,0
1742599091,bronze-class-deploy-37-758bc7cf96-x5mx9_default,bronze-controller-37,0.500000,0,average,1742598971,66414,263,54056,false,0.496409,-1.097036,67320,266,66623,0
1742599097,bronze-class-deploy-54-8465ff778f-cdnm8_default,bronze-controller-54,0.500000,0,average,1742599031,33714,263,32036,false,0.490638,-2.768048,68169,488,66133,0
1742599099,bronze-class-deploy-63-7d44d578c5-wd462_default,bronze-controller-63,0.500000,0,average,1742599039,28254,263,32136,false,0.479933,-5.748823,70549,527,65592,0
1742599107,bronze-class-deploy-23-654ffb5cc5-cljf7_default,bronze-controller-23,0.500000,0,average,1742598994,81175,282,31898,false,0.462038,-11.656341,81284,287,70059,0
1742599112,bronze-class-deploy-40-79cf7d59cd-25hpn_default,bronze-controller-40,0.500000,0,average,1742599045,35714,322,31217,false,0.455299,-14.061741,83885,590,70610,0
1742599115,bronze-class-deploy-59-77b6864776-rgs6m_default,bronze-controller-59,0.500000,0,average,1742599037,43514,223,34557,false,0.452487,-14.627411,82390,486,68492,0
1742599118,bronze-class-deploy-12-84c9ffbd8c-kqswc_default,bronze-controller-12,0.500000,0,average,1742598996,87595,282,34256,false,0.467620,-10.907535,88198,287,77722,0
1742599120,bronze-class-deploy-60-bd9f5c94d-995lj_default,bronze-controller-60,0.500000,0,average,1742599043,43414,261,34177,false,0.468942,-10.048651,82829,583,73656,0
1742599123,bronze-class-deploy-45-79d9bb8755-6xfvh_default,bronze-controller-45,0.500000,0,average,1742599048,41234,263,34196,false,0.463003,-12.388425,88024,550,76370,0
1742599126,bronze-class-deploy-33-68477d8f4d-hzx54_default,bronze-controller-33,0.500000,0,average,1742599061,31054,283,34136,false,0.456433,-14.934824,91415,568,77239,0
1742599129,bronze-class-deploy-49-6679588cdc-pwxh7_default,bronze-controller-49,0.500000,0,average,1742599051,43634,221,34459,false,0.456607,-14.864289,91563,487,77349,0
1742599132,bronze-class-deploy-7-6fc7b776fc-hg54d_default,bronze-controller-7,0.500000,0,average,1742599002,98074,283,31776,false,0.450721,-17.939479,98881,290,81377,0
1742599134,bronze-class-deploy-9-6f75c4867-g7p6s_default,bronze-controller-9,0.500000,0,average,1742598999,103654,263,32057,false,0.431328,-25.248785,103711,270,78868,0
1742599144,bronze-class-deploy-35-86448c4f4b-dl4qh_default,bronze-controller-35,0.500000,0,average,1742599064,48794,261,31678,false,0.419045,-30.616929,108692,530,78783,0
1742599149,bronze-class-deploy-30-56698788c5-9hwzk_default,bronze-controller-30,0.500000,0,average,1742599071,44615,282,33816,false,0.430650,-27.065695,109886,513,83504,0
1742599152,bronze-class-deploy-5-d8d757dd7-t62f6_default,bronze-controller-5,0.500000,0,average,1742599005,113434,183,33956,false,0.433391,-26.944627,114010,189,87349,0
1742599155,bronze-class-deploy-3-775f4fbdd9-h9npn_default,bronze-controller-3,0.500000,0,average,1742599008,113175,282,34056,false,0.442799,-23.520370,113563,289,90477,0
1742599158,bronze-class-deploy-1-7bfd84fb59-kx9f9_default,bronze-controller-1,0.500000,0,average,1742599011,112995,263,34075,false,0.451669,-20.139494,113206,270,93472,0
1742599161,bronze-class-deploy-28-946b5bff6-2mxps_default,bronze-controller-28,0.500000,0,average,1742599077,52635,263,31256,false,0.473679,-10.965219,107254,548,97021,0
1742599163,bronze-class-deploy-56-6455fc5c5f-5k4qb_default,bronze-controller-56,0.500000,0,average,1742599083,49455,263,31235,false,0.466514,-13.717647,106965,630,94088,0
1742599166,bronze-class-deploy-17-dd67c9dc4-crhgh_default,bronze-controller-17,0.500000,0,average,1742599074,52814,261,39718,false,0.491871,-3.647412,108181,509,105213,0
1742599169,bronze-class-deploy-26-7f9d9f4558-jrw7n_default,bronze-controller-26,0.500000,0,average,1742599080,57854,221,31538,false,0.466040,-14.733233,114045,491,99967,0
1742599172,bronze-class-deploy-37-758bc7cf96-tvrnq_default,bronze-controller-37,0.500000,0,average,1742599091,44274,283,36859,false,0.479961,-8.826161,111595,550,103502,0
1742599184,bronze-class-deploy-54-8465ff778f-zkvcn_default,bronze-controller-54,0.500000,0,average,1742599096,54175,283,33876,false,0.448270,-23.343621,122344,771,100029,0
1742599187,bronze-class-deploy-63-7d44d578c5-hrgg6_default,bronze-controller-63,0.500000,0,average,1742599099,53994,263,33976,false,0.442718,-26.029584,124544,790,99569,0
1742599190,bronze-class-deploy-52-c4b45f447-v6w9d_default,bronze-controller-52,0.500000,0,average,1742599088,70635,283,31295,false,0.431283,-31.860033,129824,846,99093,0
1742599193,bronze-class-deploy-40-79cf7d59cd-ztd45_default,bronze-controller-40,0.500000,0,average,1742599112,49454,262,31337,false,0.431775,-32.437008,133340,852,101968,0
1742599195,bronze-class-deploy-23-654ffb5cc5-8rh59_default,bronze-controller-23,0.500000,0,average,1742599107,48814,263,39676,false,0.456540,-21.080050,130099,551,109754,0
1742599198,bronze-class-deploy-59-77b6864776-c7gm5_default,bronze-controller-59,0.500000,0,average,1742599115,52095,262,30897,false,0.423661,-36.074823,134485,749,99409,0
1742599201,bronze-class-deploy-62-598b487446-rk5zz_default,bronze-controller-62,0.500000,0,average,1742599086,78275,261,37057,false,0.440237,-28.766423,132545,848,104910,0
1742599204,bronze-class-deploy-12-84c9ffbd8c-q2tr5_default,bronze-controller-12,0.500000,0,average,1742599118,51914,261,34198,false,0.443105,-28.924738,140113,549,111921,0
1742599207,bronze-class-deploy-9-6f75c4867-g6w6l_default,bronze-controller-9,0.500000,0,average,1742599134,38734,263,34236,false,0.441671,-30.052763,142445,534,113105,0
1742599210,bronze-class-deploy-60-bd9f5c94d-vcvhc_default,bronze-controller-60,0.500000,0,average,1742599120,55315,181,34558,false,0.437945,-30.928585,138144,765,108236,0
1742599219,bronze-class-deploy-33-68477d8f4d-8rttx_default,bronze-controller-33,0.500000,0,average,1742599126,61715,262,31736,false,0.414500,-45.174100,153131,831,108997,0
1742599222,bronze-class-deploy-45-79d9bb8755-mk4ls_default,bronze-controller-45,0.500000,0,average,1742599123,67535,262,31757,false,0.408799,-48.448869,155559,813,108127,0
1742599225,bronze-class-deploy-35-86448c4f4b-rbcqz_default,bronze-controller-35,0.500000,0,average,1742599144,49354,264,31795,false,0.410476,-48.441650,158047,794,110598,0
1742599228,silver-class-deploy-22-8456bfbbc6-lrthc_default,silver-controller-22,0.900000,0,average,1742598956,8,5,272181,false,0.999950,27.200351,8,5,272181,0
1742599230,bronze-class-deploy-7-6fc7b776fc-jr7dg_default,bronze-controller-7,0.500000,0,average,1742599132,66814,223,31536,false,0.404574,-53.446706,165696,513,112934,0
1742599233,bronze-class-deploy-49-6679588cdc-bp2h7_default,bronze-controller-49,0.500000,0,average,1742599129,70015,320,34099,false,0.407036,-51.119817,161578,808,111469,0
1742599236,bronze-class-deploy-30-56698788c5-v2ll6_default,bronze-controller-30,0.500000,0,average,1742599149,52894,263,34576,false,0.419263,-45.671470,162781,777,118081,0
1742599239,bronze-class-deploy-5-d8d757dd7-jkg88_default,bronze-controller-5,0.500000,0,average,1742599152,52714,284,34416,false,0.421388,-45.590095,166725,473,121765,0
1742599242,bronze-class-deploy-1-7bfd84fb59-rnrpq_default,bronze-controller-1,0.500000,0,average,1742599158,52355,201,31998,false,0.430427,-40.719169,165561,471,125471,0
1742599245,bronze-class-deploy-56-6455fc5c5f-xjglw_default,bronze-controller-56,0.500000,0,average,1742599163,49854,221,32278,false,0.444931,-31.498736,156819,852,126386,0
1742599248,bronze-class-deploy-3-775f4fbdd9-qrpvs_default,bronze-controller-3,0.500000,0,average,1742599155,52535,281,40358,false,0.439778,-36.022882,166099,570,130837,0
1742599250,silver-class-deploy-46-6dfc7c9ccd-4tf84_default,silver-controller-46,0.900000,0,average,1742598961,205,2,289786,false,0.999282,28.788259,205,2,289786,0
1742599253,silver-class-deploy-47-5bf947bd4c-n9tnd_default,silver-controller-47,0.900000,0,average,1742598961,303,4,292526,false,0.998949,28.971016,303,4,292526,0
1742599256,bronze-class-deploy-26-7f9d9f4558-wfdf8_default,bronze-controller-26,0.500000,0,average,1742599169,54015,263,33296,false,0.441156,-35.739960,168060,755,133264,0
1742599259,bronze-class-deploy-28-946b5bff6-6mpjn_default,bronze-controller-28,0.500000,0,average,1742599161,64814,263,33197,false,0.429623,-42.865379,172069,811,130219,0
1742599261,silver-class-deploy-43-5d9bf4b8d7-fvnrm_default,silver-controller-43,0.900000,0,average,1742598960,453,4,301236,false,0.998483,29.707016,453,4,301236,0
1742599264,silver-class-deploy-22-8456bfbbc6-7q8fj_default,silver-controller-22,0.900000,0,average,1742599228,3035,223,33336,false,0.989403,27.494062,3043,228,305537,0
1742599267,bronze-class-deploy-54-8465ff778f-f7w8b_default,bronze-controller-54,0.500000,0,average,1742599184,50294,323,33196,false,0.434053,-40.762519,172639,1095,133245,0
1742599270,bronze-class-deploy-52-c4b45f447-xkp8m_default,bronze-controller-52,0.500000,0,average,1742599190,49775,222,30657,false,0.418022,-51.165689,179599,1069,129770,0
1742599273,bronze-class-deploy-59-77b6864776-rlj78_default,bronze-controller-59,0.500000,0,average,1742599198,44854,264,30335,false,0.418438,-50.841644,179340,1014,129766,0
1742599276,bronze-class-deploy-63-7d44d578c5-2wqr5_default,bronze-controller-63,0.500000,0,average,1742599187,52974,323,35957,false,0.431429,-43.365497,177519,1114,135546,0
1742599279,bronze-class-deploy-37-758bc7cf96-77jvn_default,bronze-controller-37,0.500000,0,average,1742599172,76495,263,30316,false,0.414686,-55.271882,188090,813,133835,0
1742599282,bronze-class-deploy-17-dd67c9dc4-nqfxn_default,bronze-controller-17,0.500000,0,average,1742599166,79674,260,36078,false,0.428264,-47.526951,187856,770,141292,0
1742599284,bronze-class-deploy-62-598b487446-l2bh9_default,bronze-controller-62,0.500000,0,average,1742599201,50314,284,33117,false,0.428630,-46.248158,182860,1132,138027,0
1742599287,bronze-class-deploy-45-79d9bb8755-6fr42_default,bronze-controller-45,0.500000,0,average,1742599222,32135,183,33295,false,0.428407,-47.467807,187695,997,141423,0
1742599290,bronze-class-deploy-33-68477d8f4d-9wzdb_default,bronze-controller-33,0.500000,0,average,1742599219,37874,201,33339,false,0.425711,-49.890673,191006,1033,142355,0
1742599293,bronze-class-deploy-40-79cf7d59cd-bhbxf_default,bronze-controller-40,0.500000,0,average,1742599192,42095,241,58898,false,0.476822,-15.859606,175435,1093,160887,0
1742599296,bronze-class-deploy-12-84c9ffbd8c-l6cv2_default,bronze-controller-12,0.500000,0,average,1742599204,61054,243,30716,false,0.413959,-59.501006,201168,792,142658,0
1742599298,bronze-class-deploy-23-654ffb5cc5-b7lcg_default,bronze-controller-23,0.500000,0,average,1742599195,73135,263,30436,false,0.407247,-64.062105,203234,814,140190,0
1742599301,bronze-class-deploy-7-6fc7b776fc-5zvvh_default,bronze-controller-7,0.500000,0,average,1742599230,40954,263,30436,false,0.408732,-64.231599,206651,777,143390,0
1742599304,silver-class-deploy-22-8456bfbbc6-2xlsf_default,silver-controller-22,0.900000,0,average,1742599264,1254,323,38895,false,0.986112,29.895012,4298,552,344453,0
1742599307,bronze-class-deploy-35-86448c4f4b-x5whk_default,bronze-controller-35,0.500000,0,average,1742599225,48815,196,33163,false,0.408896,-64.269346,206862,991,143782,0
1742599309,silver-class-deploy-39-7db65c5cf6-sjzqd_default,silver-controller-39,0.900000,0,average,1742598959,604,2,350326,false,0.998269,34.482907,604,2,350326,0
1742599312,silver-class-deploy-32-84b675c847-vc5kf_default,silver-controller-32,0.900000,0,average,1742598957,954,5,354434,false,0.997298,34.573338,954,5,354434,0
1742599314,bronze-class-deploy-9-6f75c4867-s44qm_default,bronze-controller-9,0.500000,0,average,1742599207,75314,264,32336,false,0.399566,-73.316141,217760,798,145442,0
1742599317,bronze-class-deploy-60-bd9f5c94d-fmjm2_default,bronze-controller-60,0.500000,0,average,1742599209,76114,283,32476,false,0.395239,-74.856675,214258,1048,140713,0
1742599320,bronze-class-deploy-49-6679588cdc-jqpm8_default,bronze-controller-49,0.500000,0,average,1742599233,54935,263,32637,false,0.398456,-73.673446,216513,1071,144126,0
1742599324,bronze-class-deploy-30-56698788c5-4jwzp_default,bronze-controller-30,0.500000,0,average,1742599236,54755,283,32975,false,0.408676,-67.732170,217536,1060,151076,0
1742599327,bronze-class-deploy-1-7bfd84fb59-qpcr4_default,bronze-controller-1,0.500000,0,average,1742599242,54314,261,30699,false,0.414488,-64.621437,219876,732,156170,0
1742599330,bronze-class-deploy-5-d8d757dd7-dtxl6_default,bronze-controller-5,0.500000,0,average,1742599239,54575,183,36335,false,0.416023,-63.999638,221300,656,158121,0
1742599333,silver-class-deploy-47-5bf947bd4c-gwqrt_default,silver-controller-47,0.900000,0,average,1742599253,9094,261,70878,false,0.974095,27.509714,9398,266,363405,0
1742599333,bronze-class-deploy-3-775f4fbdd9-pm29d_default,bronze-controller-3,0.500000,0,average,1742599248,51136,282,33856,false,0.430284,-53.587599,217235,852,164713,0
1742599335,bronze-class-deploy-12-84c9ffbd8c-lllk5_default,bronze-controller-12,0.500000,0,average,1742599295,38694,123,2101,false,0.375475,-96.201812,239862,915,144760,0
1742599338,bronze-class-deploy-52-c4b45f447-8rwl4_default,bronze-controller-52,0.500000,0,average,1742599270,37514,263,30756,false,0.423583,-58.186784,217114,1333,160527,0
1742599341,bronze-class-deploy-28-946b5bff6-pjzf2_default,bronze-controller-28,0.500000,0,average,1742599259,45774,183,36416,false,0.432286,-52.403301,217844,995,166636,0
1742599344,bronze-class-deploy-56-6455fc5c5f-j28hl_default,bronze-controller-56,0.500000,0,average,1742599245,56955,281,41958,false,0.439283,-46.769530,213775,1133,168365,0
1742599346,silver-class-deploy-27-7fd4cb7f5c-spf8d_default,silver-controller-27,0.900000,0,average,1742598956,1003,4,389907,false,0.997422,38.078809,1003,4,389907,0
1742599349,bronze-class-deploy-37-758bc7cf96-f2cnz_default,bronze-controller-37,0.500000,0,average,1742599278,37414,283,34057,false,0.425589,-58.928873,225505,1097,167893,0
1742599352,bronze-class-deploy-63-7d44d578c5-7txkz_default,bronze-controller-63,0.500000,0,average,1742599276,45254,261,31038,false,0.426337,-57.840568,222774,1376,166584,0
1742599355,bronze-class-deploy-59-77b6864776-dhg9w_default,bronze-controller-59,0.500000,0,average,1742599273,51455,262,30657,false,0.408756,-71.884800,230795,1276,160442,0
1742599358,bronze-class-deploy-17-dd67c9dc4-7fmqd_default,bronze-controller-17,0.500000,0,average,1742599281,43695,323,33156,false,0.428523,-58.414778,231551,1093,174449,0
1742599360,bronze-class-deploy-26-7f9d9f4558-6nh8q_default,bronze-controller-26,0.500000,0,average,1742599256,71575,282,33137,false,0.408774,-74.479092,239635,1037,166401,0
1742599363,bronze-class-deploy-23-654ffb5cc5-84wd7_default,bronze-controller-23,0.500000,0,average,1742599298,32434,183,33237,false,0.422898,-63.438238,235668,998,173428,0
1742599366,bronze-class-deploy-54-8465ff778f-jct9z_default,bronze-controller-54,0.500000,0,average,1742599267,51355,282,47996,false,0.445761,-44.386917,223994,1378,181261,0
1742599369,silver-class-deploy-24-74886c7d7d-qtvbv_default,silver-controller-24,0.900000,0,average,1742598956,256,4,413193,false,0.999369,41.079486,256,4,413193,0
1742599372,silver-class-deploy-21-7bf557854c-5txmp_default,silver-controller-21,0.900000,0,average,1742598955,959,5,416290,false,0.997689,40.755622,959,5,416290,0
1742599375,bronze-class-deploy-7-6fc7b776fc-mfxnq_default,bronze-controller-7,0.500000,0,average,1742599301,40675,283,33136,false,0.415442,-72.071663,247326,1060,176527,0
1742599377,bronze-class-deploy-62-598b487446-xczmk_default,bronze-controller-62,0.500000,0,average,1742599284,60494,184,33216,false,0.411755,-73.671777,243354,1316,171263,0
1742599380,bronze-class-deploy-45-79d9bb8755-gtgd2_default,bronze-controller-45,0.500000,0,average,1742599287,63054,263,30416,false,0.405454,-80.360350,250749,1261,171860,0
1742599383,bronze-class-deploy-33-68477d8f4d-w6bqz_default,bronze-controller-33,0.500000,0,average,1742599290,62874,263,30376,false,0.403693,-82.641732,253880,1297,172752,0
1742599386,bronze-class-deploy-9-6f75c4867-g5nn2_default,bronze-controller-9,0.500000,0,average,1742599314,41694,263,30416,false,0.403025,-84.851643,259455,1062,175878,0
1742599389,bronze-class-deploy-12-84c9ffbd8c-mpkr4_default,bronze-controller-12,0.500000,0,average,1742599335,12235,262,41697,false,0.424023,-67.015639,252098,1178,186457,0
1742599391,bronze-class-deploy-60-bd9f5c94d-4tr68_default,bronze-controller-60,0.500000,0,average,1742599317,41514,263,33216,false,0.403562,-83.399318,255773,1312,173949,0
1742599394,bronze-class-deploy-35-86448c4f4b-g9vgs_default,bronze-controller-35,0.500000,0,average,1742599307,54334,282,33138,false,0.402678,-85.741297,261196,1273,176941,0
1742599397,bronze-class-deploy-49-6679588cdc-blr8t_default,bronze-controller-49,0.500000,0,average,1742599320,44155,263,33156,false,0.403596,-84.924264,260669,1335,177302,0
1742599400,bronze-class-deploy-30-56698788c5-75xkt_default,bronze-controller-30,0.500000,0,average,1742599323,43975,260,33138,false,0.412098,-78.816643,261511,1321,184236,0
1742599403,bronze-class-deploy-1-7bfd84fb59-z8qpq_default,bronze-controller-1,0.500000,0,average,1742599327,42834,183,33156,false,0.417984,-74.482302,262711,915,189327,0
1742599405,silver-class-deploy-47-5bf947bd4c-w5nqx_default,silver-controller-47,0.900000,0,average,1742599333,5854,263,66856,false,0.964617,28.645726,15253,529,430262,0
1742599408,bronze-class-deploy-5-d8d757dd7-ndtqd_default,bronze-controller-5,0.500000,0,average,1742599329,49214,261,30319,false,0.409767,-83.175886,270515,918,188441,0
1742599411,bronze-class-deploy-3-775f4fbdd9-w7fhb_default,bronze-controller-3,0.500000,0,average,1742599333,48034,281,30399,false,0.422764,-71.517927,265270,1133,195112,0
1742599414,bronze-class-deploy-17-dd67c9dc4-2fq4v_default,bronze-controller-17,0.500000,0,average,1742599358,54054,263,2057,false,0.380863,-110.663805,285606,1357,176526,0
1742599417,bronze-class-deploy-52-c4b45f447-whkqj_default,bronze-controller-52,0.500000,0,average,1742599338,45854,261,32918,false,0.422388,-71.363325,262969,1595,193466,0
1742599419,bronze-class-deploy-59-77b6864776-stpvc_default,bronze-controller-59,0.500000,0,average,1742599355,31676,262,32896,false,0.422763,-70.908184,262471,1539,193359,0
1742599422,bronze-class-deploy-26-7f9d9f4558-4mq75_default,bronze-controller-26,0.500000,0,average,1742599360,29495,284,32895,false,0.424287,-71.356081,269130,1321,199316,0
1742599425,bronze-class-deploy-28-946b5bff6-2wmk5_default,bronze-controller-28,0.500000,0,average,1742599341,51315,183,32976,false,0.424751,-70.922987,269159,1178,199612,0
1742599428,bronze-class-deploy-37-758bc7cf96-qz86v_default,bronze-controller-37,0.500000,0,average,1742599349,46054,264,32996,false,0.423986,-72.259072,271560,1361,200889,0
1742599431,bronze-class-deploy-63-7d44d578c5-qx4d2_default,bronze-controller-63,0.500000,0,average,1742599352,45874,263,32957,false,0.424735,-70.999620,268648,1639,199561,0
1742599433,bronze-class-deploy-56-6455fc5c5f-zq782_default,bronze-controller-56,0.500000,0,average,1742599344,56694,261,32999,false,0.425512,-70.731808,270469,1394,201364,0
1742599436,bronze-class-deploy-23-654ffb5cc5-xw7s6_default,bronze-controller-23,0.500000,0,average,1742599363,40555,203,32995,false,0.426629,-71.201475,276224,1201,206424,0
1742599439,bronze-class-deploy-40-79cf7d59cd-hvgwv_default,bronze-controller-40,0.500000,0,average,1742599293,82475,181,63837,false,0.464417,-34.651594,257910,1274,224746,0
1742599442,bronze-class-deploy-45-79d9bb8755-dhdjb_default,bronze-controller-45,0.500000,0,average,1742599380,29194,262,32857,false,0.421071,-76.966259,279944,1523,204718,0
1742599445,silver-class-deploy-32-84b675c847-fhqgp_default,silver-controller-32,0.900000,0,average,1742599312,18594,323,114196,false,0.959309,28.809852,19549,329,468651,0
1742599447,silver-class-deploy-43-5d9bf4b8d7-h42z6_default,silver-controller-43,0.900000,0,average,1742599261,15554,264,171155,false,0.966694,32.458027,16007,268,472413,0
1742599450,silver-class-deploy-64-99f5f94fd-t8jj8_default,silver-controller-64,0.900000,0,average,1742598964,15414,223,471156,false,0.967874,32.817072,15414,223,471156,0
1742599453,bronze-class-deploy-33-68477d8f4d-xcmct_default,bronze-controller-33,0.500000,0,average,1742599383,37155,260,33199,false,0.413129,-86.844735,291036,1558,205971,0
1742599456,bronze-class-deploy-9-6f75c4867-xfh9q_default,bronze-controller-9,0.500000,0,average,1742599386,36975,262,33178,false,0.412494,-88.919476,296430,1324,209056,0
1742599459,bronze-class-deploy-7-6fc7b776fc-jjjhx_default,bronze-controller-7,0.500000,0,average,1742599375,50795,260,33158,false,0.411851,-89.978057,298121,1321,209685,0
1742599462,bronze-class-deploy-17-dd67c9dc4-rmhgr_default,bronze-controller-17,0.500000,0,average,1742599414,14614,263,33136,false,0.409917,-92.391003,300221,1621,209682,0
1742599464,bronze-class-deploy-62-598b487446-6j2hl_default,bronze-controller-62,0.500000,0,average,1742599377,54435,260,33238,false,0.405886,-95.108776,297790,1577,204521,0
1742599467,bronze-class-deploy-60-bd9f5c94d-p46b8_default,bronze-controller-60,0.500000,0,average,1742599391,43254,262,33238,false,0.408041,-93.657956,299028,1574,207207,0
1742599470,bronze-class-deploy-35-86448c4f4b-p6h7q_default,bronze-controller-35,0.500000,0,average,1742599394,43075,182,33636,false,0.407855,-95.358245,304272,1456,210578,0
1742599470,bronze-class-deploy-49-6679588cdc-h7dxz_default,bronze-controller-49,0.500000,0,average,1742599397,42814,283,30837,false,0.405539,-97.193638,303483,1618,208139,0
1742599473,silver-class-deploy-22-8456bfbbc6-z2mf9_default,silver-controller-22,0.900000,0,average,1742599304,17494,324,151976,false,0.956328,29.020654,21793,876,496430,0
1742599476,bronze-class-deploy-54-8465ff778f-xrfqc_default,bronze-controller-54,0.500000,0,average,1742599366,79454,283,30876,false,0.410151,-93.229856,303449,1661,212158,0
1742599479,bronze-class-deploy-30-56698788c5-5c7kc_default,bronze-controller-30,0.500000,0,average,1742599400,42634,284,36515,false,0.419301,-85.209293,304146,1605,220772,0
1742599482,bronze-class-deploy-12-84c9ffbd8c-p6lzz_default,bronze-controller-12,0.500000,0,average,1742599389,59274,261,33918,false,0.413317,-92.642745,311372,1440,220376,0
1742599482,bronze-class-deploy-5-d8d757dd7-xqfzz_default,bronze-controller-5,0.500000,0,average,1742599408,43096,259,31139,false,0.410935,-95.386583,313611,1178,219599,0
1742599485,silver-class-deploy-57-6d6dd8c696-cnnck_default,silver-controller-57,0.900000,0,average,1742598963,13816,322,507955,false,0.972919,37.748277,13816,322,507955,0
1742599487,bronze-class-deploy-1-7bfd84fb59-nj27l_default,bronze-controller-1,0.500000,0,average,1742599403,50914,264,33715,false,0.414717,-91.939411,313625,1180,223063,0
1742599490,bronze-class-deploy-3-775f4fbdd9-vg2t2_default,bronze-controller-3,0.500000,0,average,1742599411,45775,183,33795,false,0.422909,-83.673540,311045,1317,228908,0
1742599493,silver-class-deploy-39-7db65c5cf6-zpqg9_default,silver-controller-39,0.900000,0,average,1742599309,24775,280,159918,false,0.952114,27.787464,25380,283,510266,0
1742599496,bronze-class-deploy-59-77b6864776-j7tnk_default,bronze-controller-59,0.500000,0,average,1742599419,43414,283,34216,false,0.425171,-80.373533,305885,1823,227596,0
1742599496,bronze-class-deploy-52-c4b45f447-djpmj_default,bronze-controller-52,0.500000,0,average,1742599416,49234,264,31456,false,0.417308,-89.405567,312203,1859,224922,0
1742599499,bronze-class-deploy-26-7f9d9f4558-pbp7w_default,bronze-controller-26,0.500000,0,average,1742599422,46094,204,31536,false,0.421569,-86.116266,315225,1526,230853,0
1742599502,silver-class-deploy-51-7f7f588b74-hcmkn_default,silver-controller-51,0.900000,0,average,1742598962,14615,224,525415,false,0.972532,38.961690,14615,224,525415,0
1742599505,bronze-class-deploy-37-758bc7cf96-m5m82_default,bronze-controller-37,0.500000,0,average,1742599428,46094,263,30816,false,0.420531,-87.805153,317654,1625,231706,0
1742599508,bronze-class-deploy-28-946b5bff6-4ppr5_default,bronze-controller-28,0.500000,0,average,1742599425,46354,183,37016,false,0.427531,-80.422296,315514,1362,236649,0
1742599511,bronze-class-deploy-56-6455fc5c5f-bjgs6_default,bronze-controller-56,0.500000,0,average,1742599433,46775,183,31437,false,0.422030,-86.245775,317245,1577,232802,0
1742599514,bronze-class-deploy-63-7d44d578c5-rsftb_default,bronze-controller-63,0.500000,0,average,1742599431,45915,263,36996,false,0.427774,-80.160210,314563,1902,236578,0
1742599517,silver-class-deploy-47-5bf947bd4c-mksqg_default,silver-controller-47,0.900000,0,average,1742599405,12335,283,99396,false,0.949109,27.203679,27588,812,529679,0
1742599519,bronze-class-deploy-45-79d9bb8755-jcmth_default,bronze-controller-45,0.500000,0,average,1742599442,43474,283,34097,false,0.423422,-86.615150,323418,1806,238836,0
1742599522,bronze-class-deploy-9-6f75c4867-zwkht_default,bronze-controller-9,0.500000,0,average,1742599456,35394,321,31038,false,0.418619,-93.593570,331825,1646,240113,0
1742599525,bronze-class-deploy-23-654ffb5cc5-mhgk2_default,bronze-controller-23,0.500000,0,average,1742599436,58154,203,31177,false,0.414405,-98.361987,334378,1405,237622,0
1742599528,bronze-class-deploy-33-68477d8f4d-2httx_default,bronze-controller-33,0.500000,0,average,1742599453,38155,263,36956,false,0.423264,-88.311922,329191,1821,242928,0
1742599531,bronze-class-deploy-17-dd67c9dc4-9vh9d_default,bronze-controller-17,0.500000,0,average,1742599461,36374,283,33536,false,0.418124,-95.499193,336596,1904,243239,0
1742599533,silver-class-deploy-39-7db65c5cf6-g4265_default,silver-controller-39,0.900000,0,average,1742599493,1314,281,39357,false,0.952746,30.239781,26694,565,549624,0
1742599536,bronze-class-deploy-7-6fc7b776fc-xx54z_default,bronze-controller-7,0.500000,0,average,1742599459,46834,263,30656,false,0.409523,-106.425033,344956,1584,240342,0
1742599539,bronze-class-deploy-49-6679588cdc-mvxxq_default,bronze-controller-49,0.500000,0,average,1742599470,36074,244,33256,false,0.414209,-100.237227,339558,1862,241416,0
1742599542,silver-class-deploy-27-7fd4cb7f5c-26npd_default,silver-controller-27,0.900000,0,average,1742599346,26575,263,169816,false,0.952609,30.778366,27578,268,559743,0
1742599542,bronze-class-deploy-62-598b487446-xnnjg_default,bronze-controller-62,0.500000,0,average,1742599464,44874,261,33557,false,0.408662,-106.687330,342665,1839,238079,0
1742599545,bronze-class-deploy-60-bd9f5c94d-dnb5r_default,bronze-controller-60,0.500000,0,average,1742599467,44695,260,33798,false,0.410877,-104.814729,343723,1835,241006,0
1742599548,bronze-class-deploy-35-86448c4f4b-65d2d_default,bronze-controller-35,0.500000,0,average,1742599470,44515,281,33798,false,0.410785,-106.365474,348787,1737,244376,0
1742599551,bronze-class-deploy-5-d8d757dd7-l5lwz_default,bronze-controller-5,0.500000,0,average,1742599482,38234,284,30916,false,0.414882,-103.001473,351845,1462,250515,0
1742599554,silver-class-deploy-47-5bf947bd4c-hcnrc_default,silver-controller-47,0.900000,0,average,1742599516,1415,183,36637,false,0.949693,29.434656,29003,995,566335,0
1742599557,bronze-class-deploy-54-8465ff778f-jb4k8_default,bronze-controller-54,0.500000,0,average,1742599476,47054,263,33736,false,0.410973,-106.809397,350504,1925,245895,0
1742599560,bronze-class-deploy-12-84c9ffbd8c-pnnp7_default,bronze-controller-12,0.500000,0,average,1742599482,43875,263,34036,false,0.416139,-102.751754,355247,1703,254412,0
1742599560,bronze-class-deploy-30-56698788c5-kt554_default,bronze-controller-30,0.500000,0,average,1742599479,49694,263,31256,false,0.414699,-103.915053,353840,1869,252028,0
1742599563,bronze-class-deploy-1-7bfd84fb59-56l8x_default,bronze-controller-1,0.500000,0,average,1742599487,44514,203,31416,false,0.414480,-105.221100,358140,1383,254500,0
1742599565,bronze-class-deploy-40-79cf7d59cd-w2bql_default,bronze-controller-40,0.500000,0,average,1742599439,95254,283,31316,false,0.419254,-98.863107,353165,1558,256083,0
1742599568,silver-class-deploy-57-6d6dd8c696-tzcx4_default,silver-controller-57,0.900000,0,average,1742599485,17675,263,65776,false,0.947052,28.212419,31491,585,573752,0
1742599571,bronze-class-deploy-3-775f4fbdd9-zhm4x_default,bronze-controller-3,0.500000,0,average,1742599490,47114,262,34138,false,0.422390,-96.897983,358159,1580,263067,0
1742599574,silver-class-deploy-46-6dfc7c9ccd-qtp2m_default,silver-controller-46,0.900000,0,average,1742599250,29574,183,294596,false,0.951224,31.376822,29780,186,584402,0
1742599577,bronze-class-deploy-26-7f9d9f4558-mnhdb_default,bronze-controller-26,0.500000,0,average,1742599499,44275,283,33576,false,0.422605,-97.087151,359500,1809,264449,0
1742599579,bronze-class-deploy-59-77b6864776-dgxjd_default,bronze-controller-59,0.500000,0,average,1742599496,52916,261,30777,false,0.417229,-102.774328,358802,2084,258373,0
1742599582,bronze-class-deploy-52-c4b45f447-h7gvq_default,bronze-controller-52,0.500000,0,average,1742599496,50094,262,36378,false,0.417619,-103.363843,362298,2121,261321,0
1742599585,bronze-class-deploy-37-758bc7cf96-2hbb2_default,bronze-controller-37,0.500000,0,average,1742599505,46734,283,33696,false,0.420159,-101.113252,364389,1908,265423,0
1742599588,bronze-class-deploy-56-6455fc5c5f-2w7wn_default,bronze-controller-56,0.500000,0,average,1742599511,43554,281,33698,false,0.423581,-96.391512,360799,1859,266500,0
1742599591,bronze-class-deploy-23-654ffb5cc5-l2zj2_default,bronze-controller-23,0.500000,0,average,1742599525,32414,203,33737,false,0.424176,-97.222519,366793,1608,271380,0
1742599594,bronze-class-deploy-9-6f75c4867-5s5kc_default,bronze-controller-9,0.500000,0,average,1742599522,41455,182,30515,false,0.419100,-104.709670,373281,1829,270629,0
1742599596,bronze-class-deploy-7-6fc7b776fc-pqd75_default,bronze-controller-7,0.500000,0,average,1742599536,30194,283,30396,false,0.417980,-106.494845,375151,1868,270758,0
1742599599,bronze-class-deploy-28-946b5bff6-8xc7g_default,bronze-controller-28,0.500000,0,average,1742599508,52634,263,38836,false,0.426955,-94.472188,368149,1626,275506,0
1742599602,bronze-class-deploy-45-79d9bb8755-t4h78_default,bronze-controller-45,0.500000,0,average,1742599519,50014,263,33276,false,0.420176,-103.620473,373433,2069,272112,0
1742599605,bronze-class-deploy-63-7d44d578c5-6sf5n_default,bronze-controller-63,0.500000,0,average,1742599514,57835,283,33215,false,0.418707,-105.043899,372399,2185,269814,0
1742599608,bronze-class-deploy-62-598b487446-4gvf2_default,bronze-controller-62,0.500000,0,average,1742599542,32694,183,33236,false,0.418247,-106.318530,375359,2022,271316,0
1742599610,silver-class-deploy-39-7db65c5cf6-rn4gj_default,silver-controller-39,0.900000,0,average,1742599533,7055,283,70475,false,0.947152,30.658237,33750,849,620100,0
1742599613,silver-class-deploy-22-8456bfbbc6-c8mnr_default,silver-controller-22,0.900000,0,average,1742599473,15295,223,124996,false,0.942104,27.552358,37088,1100,621426,0
1742599616,bronze-class-deploy-17-dd67c9dc4-zcgcl_default,bronze-controller-17,0.500000,0,average,1742599531,52194,263,33056,false,0.414097,-114.882922,388790,2167,276316,0
1742599619,bronze-class-deploy-49-6679588cdc-4cndc_default,bronze-controller-49,0.500000,0,average,1742599539,47014,263,33075,false,0.413913,-114.423714,386572,2126,274511,0
1742599622,bronze-class-deploy-33-68477d8f4d-dl5cj_default,bronze-controller-33,0.500000,0,average,1742599528,60834,263,33155,false,0.413196,-116.239253,390026,2085,276104,0
1742599625,bronze-class-deploy-35-86448c4f4b-82zxw_default,bronze-controller-35,0.500000,0,average,1742599548,46474,184,30395,false,0.408932,-122.605225,395262,1921,274792,0
1742599627,bronze-class-deploy-60-bd9f5c94d-84zbd_default,bronze-controller-60,0.500000,0,average,1742599545,46655,282,35936,false,0.413712,-115.797950,390378,2118,276964,0
1742599630,bronze-class-deploy-5-d8d757dd7-6gmnm_default,bronze-controller-5,0.500000,0,average,1742599551,46215,263,33216,false,0.415106,-116.269388,398060,1725,283732,0
1742599633,silver-class-deploy-64-99f5f94fd-gs698_default,silver-controller-64,0.900000,0,average,1742599450,18254,322,165279,false,0.948982,32.576933,33669,545,636436,0
1742599633,bronze-class-deploy-54-8465ff778f-mwk9v_default,bronze-controller-54,0.500000,0,average,1742599556,44034,264,33595,false,0.413331,-117.492203,394538,2189,279510,0
1742599636,bronze-class-deploy-30-56698788c5-h5nlf_default,bronze-controller-30,0.500000,0,average,1742599560,42895,200,33738,false,0.417438,-113.269311,396736,2070,285767,0
1742599639,silver-class-deploy-32-84b675c847-rz9wz_default,silver-controller-32,0.900000,0,average,1742599445,14514,263,179875,false,0.949272,33.465460,34064,593,648547,0
1742599642,bronze-class-deploy-1-7bfd84fb59-mlp2z_default,bronze-controller-1,0.500000,0,average,1742599563,45535,201,33658,false,0.415579,-117.280348,403675,1585,288178,0
1742599645,bronze-class-deploy-12-84c9ffbd8c-2wtdd_default,bronze-controller-12,0.500000,0,average,1742599560,53914,223,31076,false,0.409845,-125.814336,409162,1927,285489,0
1742599648,bronze-class-deploy-40-79cf7d59cd-p92bs_default,bronze-controller-40,0.500000,0,average,1742599565,49115,163,33736,false,0.417731,-114.378233,402280,1722,289839,0
1742599650,silver-class-deploy-39-7db65c5cf6-wmpb7_default,silver-controller-39,0.900000,0,average,1742599610,6835,262,33757,false,0.940053,27.637605,40585,1111,653878,0
1742599653,bronze-class-deploy-17-dd67c9dc4-hqm2w_default,bronze-controller-17,0.500000,0,average,1742599616,35114,261,1938,false,0.394935,-148.303142,423905,2429,278274,0
1742599655,bronze-class-deploy-63-7d44d578c5-kfztp_default,bronze-controller-63,0.500000,0,average,1742599605,43335,263,7016,false,0.398310,-141.624394,415734,2448,276831,0
1742599658,bronze-class-deploy-52-c4b45f447-xtf8g_default,bronze-controller-52,0.500000,0,average,1742599582,43374,262,32837,false,0.418918,-114.142676,405672,2383,294178,0
1742599661,bronze-class-deploy-26-7f9d9f4558-8zb9m_default,bronze-controller-26,0.500000,0,average,1742599577,51195,261,32718,false,0.418585,-115.828672,410695,2071,297168,0
1742599664,bronze-class-deploy-37-758bc7cf96-kwffc_default,bronze-controller-37,0.500000,0,average,1742599585,46054,203,32816,false,0.419586,-114.550836,410444,2111,298240,0
1742599666,bronze-class-deploy-9-6f75c4867-tz8wj_default,bronze-controller-9,0.500000,0,average,1742599594,40314,264,32256,false,0.421526,-113.015155,413595,2093,302906,0
1742599669,bronze-class-deploy-7-6fc7b776fc-6fwnl_default,bronze-controller-7,0.500000,0,average,1742599596,41135,263,32275,false,0.420050,-115.600930,416286,2131,303054,0
1742599672,bronze-class-deploy-56-6455fc5c5f-9k8hm_default,bronze-controller-56,0.500000,0,average,1742599588,51955,202,32336,false,0.418742,-116.209680,412755,2062,298837,0
1742599675,bronze-class-deploy-23-654ffb5cc5-2jxg6_default,bronze-controller-23,0.500000,0,average,1742599591,51695,262,32356,false,0.419470,-116.830351,418488,1870,303737,0
1742599678,bronze-class-deploy-45-79d9bb8755-fnscv_default,bronze-controller-45,0.500000,0,average,1742599602,43515,263,32336,false,0.420666,-115.065829,416948,2333,304449,0
1742599680,bronze-class-deploy-3-775f4fbdd9-4jk4w_default,bronze-controller-3,0.500000,0,average,1742599571,51554,260,58118,false,0.438350,-90.580042,409714,1840,321205,0
1742599683,bronze-class-deploy-59-77b6864776-7vpsc_default,bronze-controller-59,0.500000,0,average,1742599579,40735,263,63777,false,0.444938,-79.995252,399537,2348,322151,0
1742599686,silver-class-deploy-57-6d6dd8c696-nx7fv_default,silver-controller-57,0.900000,0,average,1742599568,9435,262,108896,false,0.942333,30.383970,40926,848,682649,0
1742599689,silver-class-deploy-27-7fd4cb7f5c-ms6ck_default,silver-controller-27,0.900000,0,average,1742599542,15575,283,131536,false,0.940538,29.611879,43153,551,691301,0
1742599692,silver-class-deploy-21-7bf557854c-cvwz6_default,silver-controller-21,0.900000,0,average,1742599372,40294,244,279656,false,0.943722,32.119030,41253,249,695966,0
1742599694,bronze-class-deploy-62-598b487446-knt95_default,bronze-controller-62,0.500000,0,average,1742599608,53594,282,33097,false,0.413805,-127.082129,428954,2305,304434,0
1742599697,bronze-class-deploy-35-86448c4f4b-xxzcz_default,bronze-controller-35,0.500000,0,average,1742599625,39414,205,33155,false,0.413506,-129.048988,434676,2127,307967,0
1742599700,bronze-class-deploy-28-946b5bff6-dp6f5_default,bronze-controller-28,0.500000,0,average,1742599599,68155,263,33175,false,0.413297,-129.722468,436304,1889,308682,0
1742599703,bronze-class-deploy-17-dd67c9dc4-hrt24_default,bronze-controller-17,0.500000,0,average,1742599653,19794,263,30375,false,0.408800,-137.967864,443700,2693,308670,0
1742599706,bronze-class-deploy-26-7f9d9f4558-srvn6_default,bronze-controller-26,0.500000,0,average,1742599661,42774,263,2016,false,0.396277,-156.853744,453470,2334,299184,0
1742599708,bronze-class-deploy-33-68477d8f4d-5b54x_default,bronze-controller-33,0.500000,0,average,1742599622,53615,281,32877,false,0.409252,-137.264021,443641,2367,308982,0
1742599711,bronze-class-deploy-60-bd9f5c94d-5kpz8_default,bronze-controller-60,0.500000,0,average,1742599627,51434,264,32896,false,0.410941,-134.579668,441813,2382,309881,0
1742599714,bronze-class-deploy-63-7d44d578c5-2d7bf_default,bronze-controller-63,0.500000,0,average,1742599655,26254,262,32778,false,0.410454,-135.361834,441989,2711,309609,0
1742599717,bronze-class-deploy-5-d8d757dd7-6f4cx_default,bronze-controller-5,0.500000,0,average,1742599630,54075,262,32896,false,0.410820,-137.696706,452136,1988,316649,0
1742599720,bronze-class-deploy-54-8465ff778f-t8jfl_default,bronze-controller-54,0.500000,0,average,1742599633,53894,261,32898,false,0.409291,-138.748404,448433,2451,312408,0
1742599723,bronze-class-deploy-49-6679588cdc-8982t_default,bronze-controller-49,0.500000,0,average,1742599619,50975,283,52855,false,0.426635,-112.831551,437548,2410,327367,0
1742599723,bronze-class-deploy-12-84c9ffbd8c-dcd7m_default,bronze-controller-12,0.500000,0,average,1742599645,44715,281,33159,false,0.411301,-137.657700,453877,2208,318648,0
1742599726,bronze-class-deploy-30-56698788c5-vgcft_default,bronze-controller-30,0.500000,0,average,1742599636,56535,183,33376,false,0.411974,-136.606634,453271,2253,319143,0
1742599728,bronze-class-deploy-1-7bfd84fb59-pd5kr_default,bronze-controller-1,0.500000,0,average,1742599642,53275,263,33376,false,0.412063,-137.448972,456951,1848,321555,0
1742599731,bronze-class-deploy-52-c4b45f447-7fvkg_default,bronze-controller-52,0.500000,0,average,1742599658,42914,264,30555,false,0.418489,-126.765754,448587,2648,324734,0
1742599734,bronze-class-deploy-40-79cf7d59cd-fw6zn_default,bronze-controller-40,0.500000,0,average,1742599647,51094,263,36156,false,0.417232,-129.565768,453375,1985,326015,0
1742599737,silver-class-deploy-39-7db65c5cf6-m54rx_default,silver-controller-39,0.900000,0,average,1742599650,6035,180,81058,false,0.938796,30.155858,46620,1292,734937,0
1742599740,silver-class-deploy-43-5d9bf4b8d7-2tlmx_default,silver-controller-43,0.900000,0,average,1742599447,32934,281,259899,false,0.936694,28.504304,48942,550,732312,0
1742599742,silver-class-deploy-24-74886c7d7d-g7xjj_default,silver-controller-24,0.900000,0,average,1742599369,37295,261,336338,false,0.951970,40.786539,37551,266,749552,0
1742599745,bronze-class-deploy-37-758bc7cf96-gq2b8_default,bronze-controller-37,0.500000,0,average,1742599664,50714,264,30775,false,0.415150,-134.737147,461159,2376,329035,0
1742599748,bronze-class-deploy-26-7f9d9f4558-hjr2p_default,bronze-controller-26,0.500000,0,average,1742599705,6914,263,36396,false,0.420245,-127.618058,460385,2598,335601,0
1742599751,bronze-class-deploy-7-6fc7b776fc-vpwbc_default,bronze-controller-7,0.500000,0,average,1742599669,51394,185,30815,false,0.415329,-136.359774,467681,2316,333869,0
1742599754,bronze-class-deploy-9-6f75c4867-5cbf8_default,bronze-controller-9,0.500000,0,average,1742599666,51534,283,36317,false,0.420507,-128.500502,465130,2376,339244,0
1742599756,bronze-class-deploy-56-6455fc5c5f-czz82_default,bronze-controller-56,0.500000,0,average,1742599672,51574,281,33137,false,0.415671,-134.933322,464330,2343,331975,0
1742599759,bronze-class-deploy-45-79d9bb8755-b9vvl_default,bronze-controller-45,0.500000,0,average,1742599678,51214,261,30418,false,0.415677,-136.105354,468163,2594,334888,0
1742599762,silver-class-deploy-19-7cc4c5b78-vgx2n_default,silver-controller-19,0.900000,0,average,1742598955,105,2,807886,false,0.999865,80.687952,105,2,807886,0
1742599763,bronze-class-deploy-23-654ffb5cc5-sg4sp_default,bronze-controller-23,0.500000,0,average,1742599675,51395,283,36355,false,0.418766,-132.161237,469884,2154,340092,0
1742599765,bronze-class-deploy-17-dd67c9dc4-sptw5_default,bronze-controller-17,0.500000,0,average,1742599703,29035,260,33599,false,0.418444,-133.665241,472735,2953,342270,0
1742599768,bronze-class-deploy-62-598b487446-gsmck_default,bronze-controller-62,0.500000,0,average,1742599694,40854,183,33636,false,0.417182,-134.475989,469809,2489,338071,0
1742599771,bronze-class-deploy-28-946b5bff6-dkwdc_default,bronze-controller-28,0.500000,0,average,1742599700,40415,262,30856,false,0.414890,-139.528263,476719,2152,339559,0
1742599774,bronze-class-deploy-33-68477d8f4d-t8n8k_default,bronze-controller-33,0.500000,0,average,1742599708,35234,263,30856,false,0.413772,-141.888092,478876,2630,339858,0
1742599777,bronze-class-deploy-60-bd9f5c94d-xbf5k_default,bronze-controller-60,0.500000,0,average,1742599711,35055,262,31176,false,0.415648,-138.700997,476868,2645,341077,0
1742599777,bronze-class-deploy-35-86448c4f4b-gmzdx_default,bronze-controller-35,0.500000,0,average,1742599697,40594,263,39676,false,0.421244,-130.215321,475271,2390,347664,0
1742599780,bronze-class-deploy-63-7d44d578c5-k5c69_default,bronze-controller-63,0.500000,0,average,1742599714,34875,283,31316,false,0.415380,-139.185088,476864,2994,340946,0
1742599783,silver-class-deploy-32-84b675c847-d9k8l_default,silver-controller-32,0.900000,0,average,1742599639,19775,280,124159,false,0.933875,27.810055,53839,874,772706,0
1742599786,bronze-class-deploy-5-d8d757dd7-d2nvb_default,bronze-controller-5,0.500000,0,average,1742599717,34734,204,34077,false,0.417636,-138.556731,486871,2192,350726,0
1742599788,bronze-class-deploy-12-84c9ffbd8c-vtt9p_default,bronze-controller-12,0.500000,0,average,1742599723,34374,281,31179,false,0.416180,-141.139868,488252,2489,349828,0
1742599791,silver-class-deploy-64-99f5f94fd-dbmwt_default,silver-controller-64,0.900000,0,average,1742599633,18354,163,140136,false,0.936413,29.960617,52023,709,776573,0
1742599794,silver-class-deploy-22-8456bfbbc6-l9jsv_default,silver-controller-22,0.900000,0,average,1742599613,18214,323,163277,false,0.932584,27.180326,55302,1424,784723,0
1742599794,bronze-class-deploy-54-8465ff778f-z769s_default,bronze-controller-54,0.500000,0,average,1742599719,41234,201,34418,false,0.413309,-145.758242,489668,2652,346828,0
1742599797,bronze-class-deploy-3-775f4fbdd9-88k56_default,bronze-controller-3,0.500000,0,average,1742599680,86195,263,31376,false,0.414526,-145.644570,495909,2104,352603,0
1742599800,bronze-class-deploy-1-7bfd84fb59-8ncml_default,bronze-controller-1,0.500000,0,average,1742599728,41015,261,31338,false,0.413724,-147.392799,497966,2109,352894,0
1742599803,bronze-class-deploy-59-77b6864776-lj5vg_default,bronze-controller-59,0.500000,0,average,1742599683,88834,281,31378,false,0.418611,-137.734944,488371,2629,353529,0
1742599806,bronze-class-deploy-30-56698788c5-64m2p_default,bronze-controller-30,0.500000,0,average,1742599726,37455,203,42696,false,0.423193,-131.566987,490727,2456,361840,0
1742599809,bronze-class-deploy-40-79cf7d59cd-nl6w8_default,bronze-controller-40,0.500000,0,average,1742599734,43954,263,30916,false,0.416728,-142.871025,497329,2249,356932,0
1742599811,bronze-class-deploy-52-c4b45f447-qrqn7_default,bronze-controller-52,0.500000,0,average,1742599731,43695,203,36995,false,0.422156,-133.662811,492282,2851,361730,0
1742599814,bronze-class-deploy-49-6679588cdc-kx8p2_default,bronze-controller-49,0.500000,0,average,1742599723,57775,183,33735,false,0.420367,-137.049373,495323,2593,361103,0
1742599817,bronze-class-deploy-7-6fc7b776fc-vnm4v_default,bronze-controller-7,0.500000,0,average,1742599751,35334,284,30936,false,0.419114,-141.046681,503015,2600,364806,0
1742599820,bronze-class-deploy-26-7f9d9f4558-b2g4b_default,bronze-controller-26,0.500000,0,average,1742599748,41154,263,31276,false,0.421080,-137.761842,501540,2862,366878,0
1742599820,bronze-class-deploy-37-758bc7cf96-jmz7s_default,bronze-controller-37,0.500000,0,average,1742599745,38514,283,36935,false,0.421478,-136.603914,499674,2659,365971,0
1742599823,silver-class-deploy-21-7bf557854c-kx6b5_default,silver-controller-21,0.900000,0,average,1742599692,17095,262,114316,false,0.932278,27.883694,58349,512,810302,0
1742599826,bronze-class-deploy-56-6455fc5c5f-nj565_default,bronze-controller-56,0.500000,0,average,1742599756,36014,183,34156,false,0.421323,-136.970382,500345,2527,366131,0
1742599828,bronze-class-deploy-9-6f75c4867-rktm9_default,bronze-controller-9,0.500000,0,average,1742599754,44214,284,30316,false,0.419222,-142.667985,509345,2661,369580,0
1742599831,silver-class-deploy-22-8456bfbbc6-hldn6_default,silver-controller-22,0.900000,0,average,1742599794,1315,262,36097,false,0.933678,29.366370,56618,1687,820821,0
1742599834,bronze-class-deploy-45-79d9bb8755-cwscr_default,bronze-controller-45,0.500000,0,average,1742599759,42014,283,33536,false,0.417961,-144.870947,510178,2878,368425,0
1742599837,bronze-class-deploy-17-dd67c9dc4-ww84z_default,bronze-controller-17,0.500000,0,average,1742599765,41654,263,30776,false,0.418846,-144.808687,514390,3217,373046,0
1742599840,bronze-class-deploy-23-654ffb5cc5-tzbql_default,bronze-controller-23,0.500000,0,average,1742599762,41835,280,36399,false,0.422718,-137.883975,511719,2435,376491,0
1742599843,bronze-class-deploy-28-946b5bff6-ctx96_default,bronze-controller-28,0.500000,0,average,1742599771,38475,183,33676,false,0.419005,-144.508103,515195,2336,373235,0
1742599846,bronze-class-deploy-33-68477d8f4d-94zl5_default,bronze-controller-33,0.500000,0,average,1742599774,38214,263,33997,false,0.418258,-146.370779,517091,2894,373856,0
1742599846,bronze-class-deploy-62-598b487446-pvtrd_default,bronze-controller-62,0.500000,0,average,1742599768,47034,261,31219,false,0.415467,-150.533963,516843,2750,369310,0
1742599849,silver-class-deploy-27-7fd4cb7f5c-s55sg_default,silver-controller-27,0.900000,0,average,1742599689,15015,241,145558,false,0.934183,30.424251,58168,792,836879,0
1742599849,bronze-class-deploy-60-bd9f5c94d-vdbsd_default,bronze-controller-60,0.500000,0,average,1742599777,40894,183,31777,false,0.417322,-147.994374,517763,2828,372854,0
1742599852,bronze-class-deploy-63-7d44d578c5-ck98n_default,bronze-controller-63,0.500000,0,average,1742599780,41154,262,31337,false,0.416630,-149.263568,518019,3256,372283,0
1742599855,silver-class-deploy-46-6dfc7c9ccd-f9dd7_default,silver-controller-46,0.900000,0,average,1742599574,31635,261,249698,false,0.930953,27.583674,61415,448,834101,0
1742599858,silver-class-deploy-47-5bf947bd4c-4rhhf_default,silver-controller-47,0.900000,0,average,1742599554,26454,182,277837,false,0.937128,33.250109,55458,1178,844192,0
1742599858,bronze-class-deploy-5-d8d757dd7-snjq4_default,bronze-controller-5,0.500000,0,average,1742599785,38974,201,34338,false,0.421629,-143.374413,525846,2393,385083,0
1742599861,silver-class-deploy-51-7f7f588b74-77lt9_default,silver-controller-51,0.900000,0,average,1742599502,37895,181,321018,false,0.941163,36.817619,52510,406,846453,0
1742599863,bronze-class-deploy-54-8465ff778f-zxm28_default,bronze-controller-54,0.500000,0,average,1742599794,38295,323,31036,false,0.415782,-153.345044,527963,2975,377864,0
1742599866,bronze-class-deploy-35-86448c4f4b-24lll_default,bronze-controller-35,0.500000,0,average,1742599777,58174,283,31017,false,0.413949,-157.661556,533445,2674,378681,0
1742599870,bronze-class-deploy-3-775f4fbdd9-htpjd_default,bronze-controller-3,0.500000,0,average,1742599797,40994,281,32058,false,0.416322,-154.867138,536904,2385,384661,0
1742599872,bronze-class-deploy-1-7bfd84fb59-st2vh_default,bronze-controller-1,0.500000,0,average,1742599800,40814,263,31735,false,0.415476,-156.721536,538781,2373,384649,0
1742599875,bronze-class-deploy-59-77b6864776-rq9hq_default,bronze-controller-59,0.500000,0,average,1742599803,40675,181,31518,false,0.419955,-147.045518,529047,2811,385068,0
1742599878,bronze-class-deploy-12-84c9ffbd8c-nfx4z_default,bronze-controller-12,0.500000,0,average,1742599788,44095,223,45996,false,0.425225,-139.442325,532347,2712,395843,0
1742599881,bronze-class-deploy-30-56698788c5-mgkqk_default,bronze-controller-30,0.500000,0,average,1742599806,44274,283,30696,false,0.421956,-145.433654,535002,2740,392537,0
1742599884,bronze-class-deploy-40-79cf7d59cd-8q2xz_default,bronze-controller-40,0.500000,0,average,1742599809,37934,281,37239,false,0.422959,-143.832978,535264,2530,394191,0
1742599887,bronze-class-deploy-49-6679588cdc-fs4nb_default,bronze-controller-49,0.500000,0,average,1742599814,41794,203,31776,false,0.421198,-147.248218,537118,2796,392900,0
1742599890,bronze-class-deploy-7-6fc7b776fc-6z6tl_default,bronze-controller-7,0.500000,0,average,1742599817,36095,283,36896,false,0.425669,-140.532362,539110,2884,401702,0
1742599893,silver-class-deploy-46-6dfc7c9ccd-rp85g_default,silver-controller-46,0.900000,0,average,1742599855,954,281,37378,false,0.932485,30.178179,62370,729,871500,0
1742599896,silver-class-deploy-21-7bf557854c-s2whx_default,silver-controller-21,0.900000,0,average,1742599823,6194,262,66957,false,0.930702,28.745577,64543,774,877260,0
1742599899,bronze-class-deploy-26-7f9d9f4558-ljgkl_default,bronze-controller-26,0.500000,0,average,1742599820,47375,262,31597,false,0.419221,-153.804297,548915,3124,398475,0
1742599902,bronze-class-deploy-9-6f75c4867-8t9fp_default,bronze-controller-9,0.500000,0,average,1742599828,39875,62,34136,false,0.422460,-148.434912,549220,2724,403736,0
1742599904,bronze-class-deploy-63-7d44d578c5-6pq5t_default,bronze-controller-63,0.500000,0,average,1742599852,50414,263,2056,false,0.395599,-197.863736,568434,3519,374360,0
1742599907,bronze-class-deploy-45-79d9bb8755-stwgt_default,bronze-controller-45,0.500000,0,average,1742599834,41834,262,31377,false,0.418674,-155.571156,552012,3140,399823,0
1742599910,bronze-class-deploy-17-dd67c9dc4-mmwwn_default,bronze-controller-17,0.500000,0,average,1742599837,41774,283,31216,false,0.419391,-155.652914,556165,3501,404263,0
1742599913,bronze-class-deploy-62-598b487446-vpbp4_default,bronze-controller-62,0.500000,0,average,1742599846,35675,261,31138,false,0.418900,-155.313802,552519,3012,400468,0
1742599915,bronze-class-deploy-37-758bc7cf96-nwpbt_default,bronze-controller-37,0.500000,0,average,1742599820,47614,281,48038,false,0.429365,-136.464253,547288,2941,414010,0
1742599918,bronze-class-deploy-56-6455fc5c5f-zxklp_default,bronze-controller-56,0.500000,0,average,1742599826,59115,223,33416,false,0.415447,-162.872723,559460,2751,399567,0
1742599921,bronze-class-deploy-52-c4b45f447-m5d5t_default,bronze-controller-52,0.500000,0,average,1742599811,79834,223,30517,false,0.405462,-183.180355,572117,3075,392268,0
1742599924,bronze-class-deploy-28-946b5bff6-88lng_default,bronze-controller-28,0.500000,0,average,1742599843,48035,323,32916,false,0.417834,-159.959660,563230,2659,406151,0
1742599927,bronze-class-deploy-33-68477d8f4d-grf7q_default,bronze-controller-33,0.500000,0,average,1742599846,47914,283,32935,false,0.417245,-161.616539,565005,3178,406811,0
1742599929,bronze-class-deploy-60-bd9f5c94d-d2kx8_default,bronze-controller-60,0.500000,0,average,1742599849,47735,283,32916,false,0.416440,-163.098426,565498,3111,405771,0
1742599932,bronze-class-deploy-23-654ffb5cc5-4mkh9_default,bronze-controller-23,0.500000,0,average,1742599840,59554,281,32858,false,0.416285,-164.866705,571273,2716,409350,0
1742599935,silver-class-deploy-32-84b675c847-fvgxk_default,silver-controller-32,0.900000,0,average,1742599783,9174,323,143018,false,0.934474,33.542519,63013,1197,915725,0
1742599938,silver-class-deploy-24-74886c7d7d-lrfkm_default,silver-controller-24,0.900000,0,average,1742599742,32854,324,163155,false,0.927829,27.179576,70406,590,912729,0
1742599941,silver-class-deploy-22-8456bfbbc6-hw88d_default,silver-controller-22,0.900000,0,average,1742599831,12834,323,97156,false,0.927775,27.231016,69452,2011,917997,0
1742599941,bronze-class-deploy-63-7d44d578c5-k7tfk_default,bronze-controller-63,0.500000,0,average,1742599904,6595,263,30496,false,0.411591,-174.204943,575029,3782,404877,0
1742599944,silver-class-deploy-39-7db65c5cf6-7dcjz_default,silver-controller-39,0.900000,0,average,1742599737,23394,284,183416,false,0.927682,27.178728,70015,1576,918373,0
1742599947,bronze-class-deploy-35-86448c4f4b-7f64b_default,bronze-controller-35,0.500000,0,average,1742599866,47415,263,33395,false,0.413795,-171.927754,580861,2937,412097,0
1742599947,silver-class-deploy-43-5d9bf4b8d7-7hlf4_default,silver-controller-43,0.900000,0,average,1742599740,14474,263,192376,false,0.935049,34.457110,63417,814,924689,0
1742599950,bronze-class-deploy-5-d8d757dd7-q74fm_default,bronze-controller-5,0.500000,0,average,1742599858,61054,283,30677,false,0.413553,-174.040298,586901,2677,415761,0
1742599952,bronze-class-deploy-54-8465ff778f-6hxkq_default,bronze-controller-54,0.500000,0,average,1742599863,53234,283,36336,false,0.414769,-170.507735,581198,3259,414221,0
1742599955,bronze-class-deploy-3-775f4fbdd9-wdhfb_default,bronze-controller-3,0.500000,0,average,1742599870,51875,180,33638,false,0.414315,-173.260104,588780,2566,418320,0
1742599958,bronze-class-deploy-59-77b6864776-m5vkp_default,bronze-controller-59,0.500000,0,average,1742599875,52436,260,30818,false,0.415715,-168.904049,581483,3071,415906,0
1742599961,silver-class-deploy-46-6dfc7c9ccd-g958s_default,silver-controller-46,0.900000,0,average,1742599893,9654,244,58596,false,0.927227,27.116346,72024,973,930096,0
1742599961,bronze-class-deploy-1-7bfd84fb59-cgdw6_default,bronze-controller-1,0.500000,0,average,1742599872,52614,264,36655,false,0.414952,-172.929229,591396,2637,421324,0
1742599964,bronze-class-deploy-30-56698788c5-gd8fb_default,bronze-controller-30,0.500000,0,average,1742599881,49256,182,34436,false,0.421026,-160.412258,584258,2922,426993,0
1742599964,bronze-class-deploy-52-c4b45f447-zjcv2_default,bronze-controller-52,0.500000,0,average,1742599921,11995,280,31638,false,0.419139,-163.819419,584112,3356,423907,0
1742599967,bronze-class-deploy-12-84c9ffbd8c-pbww2_default,bronze-controller-12,0.500000,0,average,1742599878,57815,263,31876,false,0.418992,-165.627968,590162,2976,427739,0
1742599970,bronze-class-deploy-49-6679588cdc-b4w2q_default,bronze-controller-49,0.500000,0,average,1742599887,51514,183,32096,false,0.418053,-166.845851,588633,2980,424997,0
1742599973,bronze-class-deploy-40-79cf7d59cd-4znj8_default,bronze-controller-40,0.500000,0,average,1742599884,57775,102,31737,false,0.416934,-169.943802,593039,2633,425948,0
1742599976,silver-class-deploy-39-7db65c5cf6-tbzzz_default,silver-controller-39,0.900000,0,average,1742599944,474,282,31597,false,0.929232,29.652167,70490,1859,949991,0
1742599979,bronze-class-deploy-7-6fc7b776fc-5ddpx_default,bronze-controller-7,0.500000,0,average,1742599890,57615,261,31298,false,0.419232,-167.091693,596726,3145,433021,0
1742599981,silver-class-deploy-22-8456bfbbc6-jrzln_default,silver-controller-22,0.900000,0,average,1742599941,3314,181,37478,false,0.927254,27.839854,72767,2192,955475,0
1742599984,silver-class-deploy-24-74886c7d7d-zjdsz_default,silver-controller-24,0.900000,0,average,1742599938,675,320,45979,false,0.930152,30.850298,71081,910,958709,0
1742599985,bronze-class-deploy-26-7f9d9f4558-rfqvk_default,bronze-controller-26,0.500000,0,average,1742599899,51435,183,34396,false,0.417628,-171.002006,600350,3307,432892,0
1742599987,bronze-class-deploy-9-6f75c4867-whqc9_default,bronze-controller-9,0.500000,0,average,1742599901,54995,283,31675,false,0.417607,-172.043647,604216,3008,435412,0
1742599991,bronze-class-deploy-45-79d9bb8755-r25ls_default,bronze-controller-45,0.500000,0,average,1742599907,46175,260,37659,false,0.421032,-164.349281,598188,3401,437482,0
1742599991,bronze-class-deploy-17-dd67c9dc4-tfmtc_default,bronze-controller-17,0.500000,0,average,1742599910,48854,203,32075,false,0.417535,-172.612249,605019,3705,436359,0
1742599994,silver-class-deploy-46-6dfc7c9ccd-zc8w6_default,silver-controller-46,0.900000,0,average,1742599961,1234,323,31516,false,0.928046,28.844442,73259,1297,961613,0
1742599996,bronze-class-deploy-62-598b487446-f2r8j_default,bronze-controller-62,0.500000,0,average,1742599913,52454,262,31177,false,0.415097,-176.835187,604974,3275,431665,0
1742599999,bronze-class-deploy-56-6455fc5c5f-zpbss_default,bronze-controller-56,0.500000,0,average,1742599918,50274,283,31156,false,0.412771,-182.278922,609734,3034,430724,0
1742600002,silver-class-deploy-21-7bf557854c-wm7qs_default,silver-controller-21,0.900000,0,average,1742599896,11775,262,94416,false,0.926260,27.340890,76319,1037,971696,0
1742600005,silver-class-deploy-27-7fd4cb7f5c-bdsps_default,silver-controller-27,0.900000,0,average,1742599849,15074,261,141057,false,0.929390,30.714261,73243,1054,977937,0
1742600005,bronze-class-deploy-28-946b5bff6-ghs7x_default,bronze-controller-28,0.500000,0,average,1742599924,47095,263,34075,false,0.417893,-173.224376,610325,2922,440248,0
1742600008,bronze-class-deploy-60-bd9f5c94d-h7mcp_default,bronze-controller-60,0.500000,0,average,1742599929,47655,261,31438,false,0.414924,-179.557248,613153,3372,437229,0
1742600011,bronze-class-deploy-12-84c9ffbd8c-47b6s_default,bronze-controller-12,0.500000,0,average,1742599967,41715,261,2038,false,0.403600,-205.547268,631877,3237,429799,0
1742600013,bronze-class-deploy-63-7d44d578c5-7qrdz_default,bronze-controller-63,0.500000,0,average,1742599941,38474,263,33915,false,0.415389,-179.026903,613504,4046,438793,0
1742600016,bronze-class-deploy-35-86448c4f4b-znpsr_default,bronze-controller-35,0.500000,0,average,1742599946,39435,283,30615,false,0.415213,-181.034959,620296,3221,442712,0
1742600018,bronze-class-deploy-23-654ffb5cc5-28b9j_default,bronze-controller-23,0.500000,0,average,1742599932,50174,184,36637,false,0.416680,-178.584343,621448,2900,445987,0
1742600022,bronze-class-deploy-5-d8d757dd7-df2vn_default,bronze-controller-5,0.500000,0,average,1742599949,39294,181,33678,false,0.416729,-179.835184,626196,2858,449439,0
1742600024,bronze-class-deploy-37-758bc7cf96-9qm22_default,bronze-controller-37,0.500000,0,average,1742599915,76554,263,33156,false,0.416274,-180.126616,623843,3204,447167,0
1742600027,bronze-class-deploy-3-775f4fbdd9-hwctf_default,bronze-controller-3,0.500000,0,average,1742599955,42194,263,30336,false,0.414478,-185.384079,630975,2829,448656,0
1742600030,bronze-class-deploy-54-8465ff778f-jrgkz_default,bronze-controller-54,0.500000,0,average,1742599952,42374,281,36279,false,0.418065,-176.865022,623572,3540,450520,0
1742600030,bronze-class-deploy-1-7bfd84fb59-m88kr_default,bronze-controller-1,0.500000,0,average,1742599961,39014,185,30775,false,0.416565,-181.330204,630411,2822,452120,0
1742600033,bronze-class-deploy-33-68477d8f4d-c2w9w_default,bronze-controller-33,0.500000,0,average,1742599927,46915,180,59818,false,0.431302,-148.889077,611920,3358,466630,0
1742600036,bronze-class-deploy-59-77b6864776-2csts_default,bronze-controller-59,0.500000,0,average,1742599958,44635,180,33819,false,0.416762,-179.894441,626118,3251,449726,0
1742600039,bronze-class-deploy-52-c4b45f447-jkp55_default,bronze-controller-52,0.500000,0,average,1742599964,41855,261,33338,false,0.420715,-172.597872,625967,3617,457245,0
1742600042,silver-class-deploy-21-7bf557854c-8pntb_default,silver-controller-21,0.900000,0,average,1742600002,794,283,39196,false,0.927997,30.277520,77114,1320,1010893,0
1742600045,silver-class-deploy-22-8456bfbbc6-cnkd5_default,silver-controller-22,0.900000,0,average,1742599981,1335,322,62436,false,0.930000,32.585294,74102,2515,1017932,0
1742600047,silver-class-deploy-43-5d9bf4b8d7-5sgcb_default,silver-controller-43,0.900000,0,average,1742599947,14994,263,85656,false,0.927063,29.278147,78411,1077,1010345,0
1742600050,bronze-class-deploy-40-79cf7d59cd-9ddpm_default,bronze-controller-40,0.500000,0,average,1742599973,46374,243,31117,false,0.415758,-185.446185,639413,2876,457065,0
1742600053,bronze-class-deploy-49-6679588cdc-xcjkh_default,bronze-controller-49,0.500000,0,average,1742599970,49574,321,33677,false,0.416907,-183.071348,638208,3302,458675,0
1742600056,bronze-class-deploy-12-84c9ffbd8c-6phmg_default,bronze-controller-12,0.500000,0,average,1742600010,15276,279,30797,false,0.414479,-190.309141,647154,3517,460597,0
1742600059,bronze-class-deploy-7-6fc7b776fc-cndsn_default,bronze-controller-7,0.500000,0,average,1742599979,49135,202,30836,false,0.416739,-185.590122,645861,3347,463858,0
1742600062,bronze-class-deploy-30-56698788c5-pr7k2_default,bronze-controller-30,0.500000,0,average,1742599964,58454,263,39336,false,0.419275,-179.796367,642712,3186,466330,0
1742600064,bronze-class-deploy-26-7f9d9f4558-g5882_default,bronze-controller-26,0.500000,0,average,1742599984,47395,262,33236,false,0.417138,-185.425698,647745,3570,466128,0
1742600067,bronze-class-deploy-9-6f75c4867-tdwc5_default,bronze-controller-9,0.500000,0,average,1742599987,47215,183,33316,false,0.417259,-186.121523,651431,3191,468729,0
1742600070,bronze-class-deploy-17-dd67c9dc4-twv2f_default,bronze-controller-17,0.500000,0,average,1742599991,48776,262,30376,false,0.415072,-191.254450,653796,3967,466756,0
1742600073,bronze-class-deploy-56-6455fc5c5f-fs8lw_default,bronze-controller-56,0.500000,0,average,1742599999,37954,260,36039,false,0.417593,-184.456880,647689,3295,466763,0
1742600076,bronze-class-deploy-62-598b487446-fvwbx_default,bronze-controller-62,0.500000,0,average,1742599996,46594,283,33217,false,0.415070,-190.498195,651568,3558,464883,0
1742600078,bronze-class-deploy-60-bd9f5c94d-8xp8c_default,bronze-controller-60,0.500000,0,average,1742600008,40234,284,30396,false,0.415799,-189.661071,653388,3657,467645,0
1742600081,bronze-class-deploy-45-79d9bb8755-lb2r8_default,bronze-controller-45,0.500000,0,average,1742599991,54415,262,36057,false,0.419144,-182.950842,652603,3663,473560,0
1742600084,bronze-class-deploy-40-79cf7d59cd-csw8x_default,bronze-controller-40,0.500000,0,average,1742600050,32074,261,2038,false,0.404960,-215.727078,671488,3138,459123,0
1742600087,bronze-class-deploy-63-7d44d578c5-vtz7s_default,bronze-controller-63,0.500000,0,average,1742600013,40915,181,32938,false,0.417322,-187.179411,654419,4227,471732,0
1742600089,bronze-class-deploy-28-946b5bff6-n8bjh_default,bronze-controller-28,0.500000,0,average,1742600005,46054,283,38515,false,0.420577,-181.051261,656380,3206,478764,0
1742600092,bronze-class-deploy-23-654ffb5cc5-d8h5b_default,bronze-controller-23,0.500000,0,average,1742600018,41555,263,32876,false,0.418220,-187.509977,663003,3164,478883,0
1742600095,bronze-class-deploy-35-86448c4f4b-d2kcj_default,bronze-controller-35,0.500000,0,average,1742600016,46375,283,32835,false,0.415074,-194.840701,666671,3504,475569,0
1742600098,bronze-class-deploy-3-775f4fbdd9-j7894_default,bronze-controller-3,0.500000,0,average,1742600027,38196,262,32876,false,0.417346,-190.968667,669171,3091,481532,0
1742600101,bronze-class-deploy-5-d8d757dd7-wc899_default,bronze-controller-5,0.500000,0,average,1742600022,46014,183,32955,false,0.416703,-193.075380,672211,3042,482395,0
1742600103,bronze-class-deploy-37-758bc7cf96-gznw4_default,bronze-controller-37,0.500000,0,average,1742600024,46755,282,32856,false,0.415926,-194.310835,670598,3487,480024,0
1742600106,bronze-class-deploy-1-7bfd84fb59-f7mwz_default,bronze-controller-1,0.500000,0,average,1742600030,43574,263,32876,false,0.417356,-192.295496,673986,3086,484997,0
1742600109,bronze-class-deploy-54-8465ff778f-4htdg_default,bronze-controller-54,0.500000,0,average,1742600030,46395,281,32838,false,0.417727,-190.681546,669967,3822,483381,0
1742600112,bronze-class-deploy-59-77b6864776-zjr4c_default,bronze-controller-59,0.500000,0,average,1742600036,43215,282,32816,false,0.417647,-190.558880,669333,3534,482562,0
1742600115,silver-class-deploy-39-7db65c5cf6-8m9rs_default,silver-controller-39,0.900000,0,average,1742599976,12454,321,126358,false,0.926709,30.779707,82944,2180,1076350,0
1742600117,silver-class-deploy-32-84b675c847-w75d5_default,silver-controller-32,0.900000,0,average,1742599935,24015,163,158776,false,0.923991,27.672194,87028,1361,1074503,0
1742600120,silver-class-deploy-51-7f7f588b74-d6z8m_default,silver-controller-51,0.900000,0,average,1742599860,25314,321,235179,false,0.932294,37.225190,77824,727,1081652,0
1742600123,bronze-class-deploy-12-84c9ffbd8c-tcnsp_default,bronze-controller-12,0.500000,0,average,1742600056,34174,283,33256,false,0.418881,-191.513062,681329,3800,493854,0
1742600126,bronze-class-deploy-52-c4b45f447-7lk94_default,bronze-controller-52,0.500000,0,average,1742600039,53994,263,33256,false,0.417692,-193.579183,679962,3881,490523,0
1742600129,bronze-class-deploy-49-6679588cdc-tdhbw_default,bronze-controller-49,0.500000,0,average,1742600053,45634,264,30416,false,0.415717,-198.555318,683842,3566,489091,0
1742600132,bronze-class-deploy-40-79cf7d59cd-phtgw_default,bronze-controller-40,0.500000,0,average,1742600084,11814,263,35976,false,0.418946,-191.811235,683303,3401,495120,0
1742600134,bronze-class-deploy-7-6fc7b776fc-kk98z_default,bronze-controller-7,0.500000,0,average,1742600059,42455,181,33299,false,0.418130,-194.922744,688316,3528,497158,0
1742600137,bronze-class-deploy-17-dd67c9dc4-9qk8m_default,bronze-controller-17,0.500000,0,average,1742600070,37015,281,30458,false,0.417041,-198.074108,690811,4248,497235,0
1742600140,bronze-class-deploy-26-7f9d9f4558-dtvrv_default,bronze-controller-26,0.500000,0,average,1742600064,40195,262,36416,false,0.420780,-189.468064,687940,3833,502545,0
1742600140,silver-class-deploy-47-5bf947bd4c-fqf5k_default,silver-controller-47,0.900000,0,average,1742599858,23914,323,258676,false,0.931678,37.284618,79373,1501,1102869,0
1742600143,bronze-class-deploy-9-6f75c4867-jvgbf_default,bronze-controller-9,0.500000,0,average,1742600067,42834,284,33656,false,0.418610,-195.587844,694265,3475,502385,0
1742600146,bronze-class-deploy-30-56698788c5-gwmtn_default,bronze-controller-30,0.500000,0,average,1742600061,51654,263,33675,false,0.417438,-198.022222,694367,3450,500025,0
1742600149,bronze-class-deploy-33-68477d8f4d-fvbnp_default,bronze-controller-33,0.500000,0,average,1742600033,82474,261,33659,false,0.417498,-197.966940,694395,3620,500290,0
1742600152,silver-class-deploy-32-84b675c847-tsdgz_default,silver-controller-32,0.900000,0,average,1742600117,1374,183,33637,false,0.924925,29.641686,88403,1545,1108160,0
1742600155,bronze-class-deploy-60-bd9f5c94d-fx82x_default,bronze-controller-60,0.500000,0,average,1742600078,43194,263,33596,false,0.417095,-199.522257,696583,3920,501242,0
1742600157,bronze-class-deploy-56-6455fc5c5f-jh9wf_default,bronze-controller-56,0.500000,0,average,1742600073,53874,182,30818,false,0.413757,-207.672140,701564,3477,497601,0
1742600160,bronze-class-deploy-62-598b487446-gftgk_default,bronze-controller-62,0.500000,0,average,1742600076,48014,263,36356,false,0.416089,-202.420324,699583,3822,501240,0
1742600163,silver-class-deploy-21-7bf557854c-sp4nl_default,silver-controller-21,0.900000,0,average,1742600042,14654,263,106537,false,0.922900,27.501056,91768,1584,1117451,0
1742600166,bronze-class-deploy-63-7d44d578c5-qdsds_default,bronze-controller-63,0.500000,0,average,1742600086,46435,263,33755,false,0.417481,-200.101618,700854,4491,505508,0
1742600166,bronze-class-deploy-45-79d9bb8755-vww2c_default,bronze-controller-45,0.500000,0,average,1742600081,54254,261,30978,false,0.415149,-206.489223,706858,3925,504539,0
1742600169,silver-class-deploy-19-7cc4c5b78-x4cmp_default,silver-controller-19,0.900000,0,average,1742599762,85174,323,321936,false,0.929566,35.772476,85280,326,1129822,0
1742600172,bronze-class-deploy-35-86448c4f4b-kf6dj_default,bronze-controller-35,0.500000,0,average,1742600095,43115,182,33937,false,0.416620,-204.178197,709787,3687,509526,0
1742600175,silver-class-deploy-64-99f5f94fd-8mnj7_default,silver-controller-64,0.900000,0,average,1742599791,27054,323,357017,false,0.933995,41.002486,79078,1032,1133610,0
1742600175,bronze-class-deploy-23-654ffb5cc5-jgm9c_default,bronze-controller-23,0.500000,0,average,1742600092,49334,181,33918,false,0.417426,-203.104683,712338,3345,512802,0
1742600178,bronze-class-deploy-5-d8d757dd7-vwll8_default,bronze-controller-5,0.500000,0,average,1742600101,45894,264,31196,false,0.415863,-208.040399,718105,3306,513592,0
1742600181,bronze-class-deploy-3-775f4fbdd9-prmz6_default,bronze-controller-3,0.500000,0,average,1742600098,46074,283,36816,false,0.419047,-200.513463,715246,3375,518350,0
1742600183,bronze-class-deploy-28-946b5bff6-t7sjm_default,bronze-controller-28,0.500000,0,average,1742600089,60715,263,33956,false,0.415746,-208.054504,717096,3469,512742,0
1742600186,bronze-class-deploy-1-7bfd84fb59-s9b46_default,bronze-controller-1,0.500000,0,average,1742600106,49354,283,31118,false,0.415276,-210.820059,723340,3370,516115,0
1742600189,bronze-class-deploy-37-758bc7cf96-g227m_default,bronze-controller-37,0.500000,0,average,1742600103,49535,281,36757,false,0.416530,-207.371616,720134,3768,516782,0
1742600192,bronze-class-deploy-54-8465ff778f-65rn9_default,bronze-controller-54,0.500000,0,average,1742600109,49215,181,33998,false,0.417061,-206.053479,719182,4003,517400,0
1742600195,bronze-class-deploy-49-6679588cdc-5lf4p_default,bronze-controller-49,0.500000,0,average,1742600129,34734,203,31276,false,0.418735,-202.215275,718577,3770,520368,0
1742600197,silver-class-deploy-21-7bf557854c-tw4dd_default,silver-controller-21,0.900000,0,average,1742600163,894,241,33839,false,0.924154,29.862631,92663,1825,1151309,0
1742600200,bronze-class-deploy-59-77b6864776-v85nw_default,bronze-controller-59,0.500000,0,average,1742600112,54914,283,33596,false,0.414853,-212.141949,724248,3818,516179,0
1742600203,bronze-class-deploy-12-84c9ffbd8c-jvbd7_default,bronze-controller-12,0.500000,0,average,1742600123,46734,283,33695,false,0.418791,-204.839089,728064,4084,527549,0
1742600206,bronze-class-deploy-60-bd9f5c94d-57zjx_default,bronze-controller-60,0.500000,0,average,1742600154,50055,280,2058,false,0.401311,-247.801475,746638,4201,503300,0
1742600209,bronze-class-deploy-17-dd67c9dc4-kqwlz_default,bronze-controller-17,0.500000,0,average,1742600137,38855,283,32956,false,0.419336,-204.236642,729666,4531,530213,0
1742600211,bronze-class-deploy-7-6fc7b776fc-jc8ht_default,bronze-controller-7,0.500000,0,average,1742600134,44674,281,32978,false,0.418448,-206.883959,732991,3810,530156,0
1742600214,bronze-class-deploy-40-79cf7d59cd-btzfx_default,bronze-controller-40,0.500000,0,average,1742600131,50495,200,33058,false,0.417342,-209.446788,733798,3602,528179,0
1742600217,bronze-class-deploy-9-6f75c4867-shgfq_default,bronze-controller-9,0.500000,0,average,1742600143,41235,262,33076,false,0.420068,-204.011520,735501,3738,535461,0
1742600220,bronze-class-deploy-30-56698788c5-5lkz2_default,bronze-controller-30,0.500000,0,average,1742600146,41055,280,33039,false,0.419004,-206.321882,735422,3730,533064,0
1742600223,bronze-class-deploy-26-7f9d9f4558-kwdsk_default,bronze-controller-26,0.500000,0,average,1742600140,52695,263,30256,false,0.417064,-212.152427,740635,4097,532821,0
1742600226,bronze-class-deploy-56-6455fc5c5f-fn8xj_default,bronze-controller-56,0.500000,0,average,1742600157,32874,264,35895,false,0.419523,-204.916837,734439,3742,533498,0
1742600228,bronze-class-deploy-33-68477d8f4d-5vftz_default,bronze-controller-33,0.500000,0,average,1742600149,46554,184,33096,false,0.417323,-211.586523,740950,3804,533406,0
1742600231,bronze-class-deploy-52-c4b45f447-f29pw_default,bronze-controller-52,0.500000,0,average,1742600126,46594,184,58895,false,0.429229,-181.437919,726556,4066,549439,0
1742600234,bronze-class-deploy-62-598b487446-shdrt_default,bronze-controller-62,0.500000,0,average,1742600160,41194,284,32936,false,0.417641,-210.944680,740778,4106,534196,0
1742600237,silver-class-deploy-51-7f7f588b74-pr2hz_default,silver-controller-51,0.900000,0,average,1742600120,18274,283,98676,false,0.923980,30.380557,96099,1010,1180329,0
1742600240,silver-class-deploy-39-7db65c5cf6-fz6zz_default,silver-controller-39,0.900000,0,average,1742600115,14615,183,110216,false,0.922329,28.490741,97560,2363,1186587,0
1742600242,silver-class-deploy-27-7fd4cb7f5c-bmnf4_default,silver-controller-27,0.900000,0,average,1742600005,23294,323,214236,false,0.924101,30.862937,96538,1377,1192174,0
1742600245,bronze-class-deploy-60-bd9f5c94d-wlvxr_default,bronze-controller-60,0.500000,0,average,1742600206,6235,282,33177,false,0.414642,-221.143376,752873,4484,536478,0
1742600248,bronze-class-deploy-45-79d9bb8755-qpxzl_default,bronze-controller-45,0.500000,0,average,1742600166,49054,263,33175,false,0.414323,-222.633169,755913,4188,537715,0
1742600251,bronze-class-deploy-35-86448c4f4b-z7ktb_default,bronze-controller-35,0.500000,0,average,1742600172,48695,281,30338,false,0.414551,-222.799494,758482,3968,539884,0
1742600254,bronze-class-deploy-63-7d44d578c5-psbm5_default,bronze-controller-63,0.500000,0,average,1742600166,51875,282,35919,false,0.416825,-216.341916,752730,4774,541427,0
1742600256,bronze-class-deploy-5-d8d757dd7-hhbnd_default,bronze-controller-5,0.500000,0,average,1742600178,45515,262,33136,false,0.416114,-220.664495,763621,3569,546749,0
1742600259,bronze-class-deploy-23-654ffb5cc5-qx8dm_default,bronze-controller-23,0.500000,0,average,1742600175,51334,261,33277,false,0.415797,-221.405836,763673,3607,546100,0
1742600262,bronze-class-deploy-28-946b5bff6-f7b4j_default,bronze-controller-28,0.500000,0,average,1742600183,46154,261,33157,false,0.415803,-221.314732,763250,3731,545900,0
1742600265,bronze-class-deploy-1-7bfd84fb59-mwqqh_default,bronze-controller-1,0.500000,0,average,1742600186,45974,181,33338,false,0.415522,-223.635326,769315,3551,549453,0
1742600268,bronze-class-deploy-3-775f4fbdd9-9dv7s_default,bronze-controller-3,0.500000,0,average,1742600181,53714,283,33216,false,0.416542,-221.276417,768961,3658,551587,0
1742600271,bronze-class-deploy-37-758bc7cf96-92tvw_default,bronze-controller-37,0.500000,0,average,1742600189,48535,282,33237,false,0.415818,-222.954351,768669,4051,550020,0
1742600274,silver-class-deploy-64-99f5f94fd-l885s_default,silver-controller-64,0.900000,0,average,1742600175,23294,263,75596,false,0.921036,27.359139,102373,1295,1209206,0
1742600274,bronze-class-deploy-54-8465ff778f-2dll7_default,bronze-controller-54,0.500000,0,average,1742600192,48355,264,33574,false,0.416528,-221.097921,767538,4268,550975,0
1742600276,bronze-class-deploy-49-6679588cdc-lvn9p_default,bronze-controller-49,0.500000,0,average,1742600195,50995,263,30696,false,0.416001,-222.778173,769572,4033,551065,0
1742600279,bronze-class-deploy-12-84c9ffbd8c-csshn_default,bronze-controller-12,0.500000,0,average,1742600203,45815,282,30656,false,0.417678,-220.282162,773879,4367,558206,0
1742600282,bronze-class-deploy-59-77b6864776-fn87r_default,bronze-controller-59,0.500000,0,average,1742600200,43174,283,39256,false,0.418587,-216.324332,767422,4102,555457,0
1742600285,bronze-class-deploy-7-6fc7b776fc-8fmmj_default,bronze-controller-7,0.500000,0,average,1742600211,40674,183,33696,false,0.420311,-214.042505,773666,3993,563852,0
1742600288,silver-class-deploy-47-5bf947bd4c-6xmwr_default,silver-controller-47,0.900000,0,average,1742600140,20954,260,127118,false,0.923361,30.898869,100327,1762,1230008,0
1742600291,silver-class-deploy-46-6dfc7c9ccd-zc8n4_default,silver-controller-46,0.900000,0,average,1742599993,20954,261,276879,false,0.928221,37.431570,94213,1558,1238492,0
1742600293,bronze-class-deploy-40-79cf7d59cd-l265b_default,bronze-controller-40,0.500000,0,average,1742600214,46175,282,33476,false,0.417428,-222.432026,779974,3884,561655,0
1742600296,bronze-class-deploy-17-dd67c9dc4-7zhsw_default,bronze-controller-17,0.500000,0,average,1742600209,53975,263,33415,false,0.416874,-225.040449,783641,4795,563648,0
1742600299,bronze-class-deploy-26-7f9d9f4558-zm8vf_default,bronze-controller-26,0.500000,0,average,1742600223,42794,183,33076,false,0.418066,-222.051155,783430,4280,565898,0
1742600301,bronze-class-deploy-9-6f75c4867-ptbms_default,bronze-controller-9,0.500000,0,average,1742600217,51535,282,32836,false,0.418064,-222.995964,787036,4021,568298,0
1742600304,bronze-class-deploy-30-56698788c5-gtl95_default,bronze-controller-30,0.500000,0,average,1742600220,51395,202,32916,false,0.417173,-224.981815,786818,3933,566001,0
1742600308,bronze-class-deploy-33-68477d8f4d-747lq_default,bronze-controller-33,0.500000,0,average,1742600228,46615,123,33676,false,0.417418,-224.622900,787565,3928,567101,0
1742600311,silver-class-deploy-64-99f5f94fd-9mpvr_default,silver-controller-64,0.900000,0,average,1742600274,3274,263,33696,false,0.920594,27.543602,105648,1559,1242903,0
1742600314,silver-class-deploy-21-7bf557854c-fbrdr_default,silver-controller-21,0.900000,0,average,1742600197,12415,264,104655,false,0.921382,28.914623,105078,2089,1255984,0
1742600314,bronze-class-deploy-62-598b487446-jzjtz_default,bronze-controller-62,0.500000,0,average,1742600234,46214,263,33896,false,0.417883,-223.526026,786993,4369,568093,0
1742600317,bronze-class-deploy-60-bd9f5c94d-vmwsn_default,bronze-controller-60,0.500000,0,average,1742600245,40855,263,31176,false,0.415520,-231.084590,793728,4747,567655,0
1742600320,bronze-class-deploy-45-79d9bb8755-tjf56_default,bronze-controller-45,0.500000,0,average,1742600248,40674,183,31235,false,0.415328,-232.231969,796588,4372,568971,0
1742600322,bronze-class-deploy-35-86448c4f4b-m8mfk_default,bronze-controller-35,0.500000,0,average,1742600251,40414,283,31216,false,0.415582,-232.263695,798897,4251,571121,0
1742600325,bronze-class-deploy-56-6455fc5c5f-9ww8z_default,bronze-controller-56,0.500000,0,average,1742600225,58035,282,42315,false,0.419594,-220.922447,792474,4024,575814,0
1742600328,bronze-class-deploy-5-d8d757dd7-4mgqg_default,bronze-controller-5,0.500000,0,average,1742600256,38234,283,33896,false,0.418837,-225.271007,801855,3853,580664,0
1742600331,silver-class-deploy-24-74886c7d7d-td7sq_default,silver-controller-24,0.900000,0,average,1742599984,24955,242,322136,false,0.929472,40.382686,96036,1153,1280845,0
1742600334,silver-class-deploy-57-6d6dd8c696-9fx6v_default,silver-controller-57,0.900000,0,average,1742599686,34554,241,613398,false,0.944215,60.417800,75481,1089,1296048,0
1742600337,bronze-class-deploy-1-7bfd84fb59-5tcst_default,bronze-controller-1,0.500000,0,average,1742600265,40834,324,30855,false,0.416191,-233.944104,810150,3875,580309,0
1742600339,bronze-class-deploy-63-7d44d578c5-48z26_default,bronze-controller-63,0.500000,0,average,1742600254,51214,341,34278,false,0.415750,-233.604744,803944,5115,575724,0
1742600342,bronze-class-deploy-23-654ffb5cc5-shvmz_default,bronze-controller-23,0.500000,0,average,1742600259,49714,263,33995,false,0.415139,-237.390378,813387,3871,580096,0
1742600343,bronze-class-deploy-28-946b5bff6-hcjg6_default,bronze-controller-28,0.500000,0,average,1742600262,43534,321,37158,false,0.418303,-227.997323,806785,4053,583079,0
1742600345,bronze-class-deploy-37-758bc7cf96-4852m_default,bronze-controller-37,0.500000,0,average,1742600270,44794,283,30876,false,0.415313,-237.157514,813464,4334,580896,0
1742600348,bronze-class-deploy-52-c4b45f447-p2nwf_default,bronze-controller-52,0.500000,0,average,1742600231,86615,263,30877,false,0.415159,-237.439355,813171,4329,580316,0
1742600351,bronze-class-deploy-3-775f4fbdd9-7jhb9_default,bronze-controller-3,0.500000,0,average,1742600268,43574,183,39776,false,0.420088,-225.234683,812535,3842,591383,0
1742600354,bronze-class-deploy-54-8465ff778f-7p7bm_default,bronze-controller-54,0.500000,0,average,1742600274,46474,203,33617,false,0.416659,-234.134386,814012,4471,584613,0
1742600357,silver-class-deploy-32-84b675c847-7qlh7_default,silver-controller-32,0.900000,0,average,1742600152,20755,323,184097,false,0.920881,29.069193,109159,1868,1292277,0
1742600360,bronze-class-deploy-12-84c9ffbd8c-p8vkl_default,bronze-controller-12,0.500000,0,average,1742600279,47034,281,33699,false,0.417588,-233.881163,820914,4648,591926,0
1742600362,bronze-class-deploy-49-6679588cdc-jrc79_default,bronze-controller-49,0.500000,0,average,1742600276,52855,282,33657,false,0.414274,-242.241377,822427,4316,584742,0
1742600365,bronze-class-deploy-40-79cf7d59cd-klg8n_default,bronze-controller-40,0.500000,0,average,1742600293,41495,262,30897,false,0.417829,-233.294690,821469,4147,592553,0
1742600368,bronze-class-deploy-7-6fc7b776fc-rgq68_default,bronze-controller-7,0.500000,0,average,1742600285,52315,263,30876,false,0.417363,-235.745915,825981,4257,594729,0
1742600371,bronze-class-deploy-17-dd67c9dc4-w7p85_default,bronze-controller-17,0.500000,0,average,1742600296,44175,203,30916,false,0.416551,-238.480103,827816,4998,594585,0
1742600374,bronze-class-deploy-59-77b6864776-gm9d6_default,bronze-controller-59,0.500000,0,average,1742600282,49674,261,42418,false,0.421244,-223.821850,817097,4364,597895,0
1742600374,bronze-class-deploy-26-7f9d9f4558-l99l2_default,bronze-controller-26,0.500000,0,average,1742600298,45435,283,30676,false,0.417192,-237.076100,828865,4563,596594,0
1742600377,bronze-class-deploy-9-6f75c4867-jjx8f_default,bronze-controller-9,0.500000,0,average,1742600301,45255,263,30816,false,0.417309,-237.679579,832291,4284,599135,0
1742600380,silver-class-deploy-18-5dd44b47c5-225n2_default,silver-controller-18,0.900000,0,average,1742598954,854,2,1425217,false,0.999399,141.747314,854,2,1425217,0
1742600382,bronze-class-deploy-30-56698788c5-npp5h_default,bronze-controller-30,0.500000,0,average,1742600304,45114,183,33576,false,0.417649,-236.681806,831933,4117,599597,0
1742600385,silver-class-deploy-51-7f7f588b74-hv756_default,silver-controller-51,0.900000,0,average,1742600237,17415,261,131038,false,0.919513,27.573877,113515,1272,1311368,0
1742600388,silver-class-deploy-43-5d9bf4b8d7-mgxt6_default,silver-controller-43,0.900000,0,average,1742600047,35314,243,306136,false,0.919634,27.886345,113726,1321,1316502,0
1742600388,bronze-class-deploy-60-bd9f5c94d-bcw64_default,bronze-controller-60,0.500000,0,average,1742600317,37675,283,33776,false,0.418289,-235.247857,831403,5030,601451,0
1742600391,bronze-class-deploy-33-68477d8f4d-cqgq4_default,bronze-controller-33,0.500000,0,average,1742600308,49495,263,33736,false,0.416644,-240.646810,837060,4191,600838,0
1742600394,bronze-class-deploy-35-86448c4f4b-wl9pr_default,bronze-controller-35,0.500000,0,average,1742600322,41134,261,30939,false,0.416197,-242.702048,840031,4513,602080,0
1742600397,bronze-class-deploy-62-598b487446-k7zg6_default,bronze-controller-62,0.500000,0,average,1742600314,51955,260,31059,false,0.415291,-244.682757,838948,4630,599152,0
1742600400,bronze-class-deploy-1-7bfd84fb59-44xcq_default,bronze-controller-1,0.500000,0,average,1742600336,32775,264,31055,false,0.419194,-235.930507,842925,4139,611365,0
1742600403,bronze-class-deploy-45-79d9bb8755-l6zqx_default,bronze-controller-45,0.500000,0,average,1742600320,40315,281,42638,false,0.420889,-230.171100,836903,4653,611630,0
1742600403,bronze-class-deploy-5-d8d757dd7-hhpvd_default,bronze-controller-5,0.500000,0,average,1742600328,43634,203,31436,false,0.418783,-237.651171,845490,4057,612122,0
1742600406,bronze-class-deploy-56-6455fc5c5f-wdmfb_default,bronze-controller-56,0.500000,0,average,1742600325,49814,263,31116,false,0.417571,-239.864011,842289,4288,606952,0
1742600408,silver-class-deploy-24-74886c7d7d-8nvxm_default,silver-controller-24,0.900000,0,average,1742600331,20854,184,56915,false,0.918799,27.149173,116891,1337,1337782,0
1742600411,bronze-class-deploy-23-654ffb5cc5-qsp7k_default,bronze-controller-23,0.500000,0,average,1742600342,35634,184,33916,false,0.418532,-239.270159,849021,4056,614033,0
1742600414,bronze-class-deploy-63-7d44d578c5-48nbh_default,bronze-controller-63,0.500000,0,average,1742600339,41374,283,33997,false,0.417492,-241.266090,845319,5398,609721,0
1742600417,bronze-class-deploy-52-c4b45f447-2qsp8_default,bronze-controller-52,0.500000,0,average,1742600348,37894,183,31396,false,0.416907,-244.097483,851066,4512,611732,0
1742600420,bronze-class-deploy-37-758bc7cf96-p4777_default,bronze-controller-37,0.500000,0,average,1742600345,38194,281,36798,false,0.419069,-238.835930,851658,4616,617695,0
1742600423,bronze-class-deploy-28-946b5bff6-2zk8t_default,bronze-controller-28,0.500000,0,average,1742600342,47155,103,33836,false,0.418252,-241.391983,853940,4156,616936,0
1742600425,bronze-class-deploy-54-8465ff778f-p76h5_default,bronze-controller-54,0.500000,0,average,1742600354,40754,263,30937,false,0.417307,-244.215295,854767,4734,615550,0
1742600428,bronze-class-deploy-49-6679588cdc-c7j78_default,bronze-controller-49,0.500000,0,average,1742600362,35575,280,30918,false,0.416484,-247.161417,858002,4597,615680,0
1742600431,bronze-class-deploy-12-84c9ffbd8c-qkrkn_default,bronze-controller-12,0.500000,0,average,1742600359,41435,183,30976,false,0.418032,-244.520601,862349,4831,622902,0
1742600434,silver-class-deploy-43-5d9bf4b8d7-7v5cw_default,silver-controller-43,0.900000,0,average,1742600388,3815,260,42338,false,0.919400,28.446105,117541,1582,1358841,0
1742600437,bronze-class-deploy-3-775f4fbdd9-q654j_default,bronze-controller-3,0.500000,0,average,1742600351,52695,283,33176,false,0.418077,-245.019040,865231,4125,624580,0
1742600439,bronze-class-deploy-40-79cf7d59cd-hmdfd_default,bronze-controller-40,0.500000,0,average,1742600365,41514,184,33156,false,0.419088,-241.834359,862984,4331,625709,0
1742600442,silver-class-deploy-24-74886c7d7d-ljhnp_default,silver-controller-24,0.900000,0,average,1742600408,1335,183,32775,false,0.919649,29.065305,118227,1520,1370558,0
1742600445,bronze-class-deploy-17-dd67c9dc4-sc7cf_default,bronze-controller-17,0.500000,0,average,1742600371,41155,261,32697,false,0.417767,-247.199484,868971,5260,627283,0
1742600448,bronze-class-deploy-7-6fc7b776fc-z47bj_default,bronze-controller-7,0.500000,0,average,1742600368,46974,284,33256,false,0.417140,-249.731109,872956,4541,628005,0
1742600451,bronze-class-deploy-26-7f9d9f4558-jp2cx_default,bronze-controller-26,0.500000,0,average,1742600374,43794,261,33279,false,0.417873,-247.833050,872660,4825,629894,0
1742600454,bronze-class-deploy-9-6f75c4867-gknxq_default,bronze-controller-9,0.500000,0,average,1742600377,43615,262,33277,false,0.418022,-248.281782,875907,4547,632412,0
1742600457,bronze-class-deploy-59-77b6864776-rzxxb_default,bronze-controller-59,0.500000,0,average,1742600374,52255,283,30496,false,0.418261,-245.865851,869352,4647,628392,0
1742600459,bronze-class-deploy-33-68477d8f4d-5g9p4_default,bronze-controller-33,0.500000,0,average,1742600391,38075,263,30536,false,0.417869,-248.430729,875135,4455,631394,0
1742600462,bronze-class-deploy-35-86448c4f4b-r6g4t_default,bronze-controller-35,0.500000,0,average,1742600394,37896,280,30518,false,0.417469,-250.362407,877928,4793,632599,0
1742600465,bronze-class-deploy-62-598b487446-489s8_default,bronze-controller-62,0.500000,0,average,1742600397,37714,184,30595,false,0.416714,-251.982181,876662,4814,629748,0
1742600468,bronze-class-deploy-30-56698788c5-7zdc4_default,bronze-controller-30,0.500000,0,average,1742600382,41435,283,44536,false,0.423250,-233.846637,873368,4400,644154,0
1742600471,bronze-class-deploy-60-bd9f5c94d-q62rh_default,bronze-controller-60,0.500000,0,average,1742600388,49455,183,33435,false,0.417425,-251.446592,880858,5214,634887,0
1742600473,silver-class-deploy-51-7f7f588b74-xt9xd_default,silver-controller-51,0.900000,0,average,1742600385,1055,323,87515,false,0.923325,35.073167,114570,1595,1398884,0
1742600476,bronze-class-deploy-56-6455fc5c5f-tfgph_default,bronze-controller-56,0.500000,0,average,1742600406,39975,22,30717,false,0.418359,-249.113297,882264,4311,637690,0
1742600479,bronze-class-deploy-5-d8d757dd7-hrlhx_default,bronze-controller-5,0.500000,0,average,1742600403,42734,286,33514,false,0.419734,-247.160804,888225,4343,645636,0
1742600482,bronze-class-deploy-1-7bfd84fb59-dd8gd_default,bronze-controller-1,0.500000,0,average,1742600400,48894,202,33236,false,0.418365,-251.789625,891820,4342,644602,0
1742600485,bronze-class-deploy-63-7d44d578c5-cw68k_default,bronze-controller-63,0.500000,0,average,1742600414,40535,283,30356,false,0.417918,-251.709032,885854,5681,640098,0
1742600487,bronze-class-deploy-23-654ffb5cc5-w6l8s_default,bronze-controller-23,0.500000,0,average,1742600411,46354,261,30258,false,0.417299,-255.609668,895376,4317,644311,0
1742600490,silver-class-deploy-32-84b675c847-mdr2r_default,silver-controller-32,0.900000,0,average,1742600357,14795,243,118695,false,0.917982,27.404493,123954,2112,1410992,0
1742600493,bronze-class-deploy-45-79d9bb8755-2r7vc_default,bronze-controller-45,0.500000,0,average,1742600403,57176,259,33098,false,0.417646,-254.508911,894079,4913,644729,0
1742600496,bronze-class-deploy-52-c4b45f447-c6x6l_default,bronze-controller-52,0.500000,0,average,1742600417,45995,260,33079,false,0.416917,-257.254566,897062,4773,644832,0
1742600499,bronze-class-deploy-54-8465ff778f-zwrzx_default,bronze-controller-54,0.500000,0,average,1742600425,40814,184,33256,false,0.418772,-251.953699,895582,4918,648806,0
1742600502,bronze-class-deploy-49-6679588cdc-g9nbc_default,bronze-controller-49,0.500000,0,average,1742600428,40554,261,33258,false,0.418035,-254.719307,898557,4858,648939,0
1742600504,bronze-class-deploy-28-946b5bff6-c8g94_default,bronze-controller-28,0.500000,0,average,1742600423,51195,263,30398,false,0.415795,-262.433403,905135,4419,647355,0
1742600507,bronze-class-deploy-37-758bc7cf96-svw6v_default,bronze-controller-37,0.500000,0,average,1742600420,51374,264,35995,false,0.418610,-254.459506,903033,4880,653711,0
1742600510,bronze-class-deploy-12-84c9ffbd8c-5sq6k_default,bronze-controller-12,0.500000,0,average,1742600431,46014,263,33156,false,0.418000,-257.642855,908364,5095,656059,0
1742600513,bronze-class-deploy-40-79cf7d59cd-9p4sk_default,bronze-controller-40,0.500000,0,average,1742600439,43655,263,30335,false,0.418589,-255.418859,906639,4595,656045,0
1742600516,bronze-class-deploy-17-dd67c9dc4-b2gnm_default,bronze-controller-17,0.500000,0,average,1742600445,40474,201,30338,false,0.418201,-257.513351,909446,5461,657643,0
1742600518,bronze-class-deploy-3-775f4fbdd9-rmx55_default,bronze-controller-3,0.500000,0,average,1742600437,42835,283,38716,false,0.420934,-249.423394,908066,4408,663296,0
1742600521,bronze-class-deploy-7-6fc7b776fc-jwrx2_default,bronze-controller-7,0.500000,0,average,1742600448,40214,263,33176,false,0.418700,-257.013496,913171,4804,661202,0
1742600524,bronze-class-deploy-5-d8d757dd7-qdwkx_default,bronze-controller-5,0.500000,0,average,1742600479,42994,261,2058,false,0.409023,-288.359635,931219,4605,647695,0
1742600526,bronze-class-deploy-9-6f75c4867-k62dw_default,bronze-controller-9,0.500000,0,average,1742600454,39935,280,32757,false,0.419443,-255.742030,915842,4828,665170,0
1742600529,bronze-class-deploy-26-7f9d9f4558-b7zvq_default,bronze-controller-26,0.500000,0,average,1742600451,45735,261,32777,false,0.417785,-261.053229,918395,5087,662671,0
1742600532,bronze-class-deploy-59-77b6864776-spvmh_default,bronze-controller-59,0.500000,0,average,1742600456,43555,262,32796,false,0.418745,-256.867604,912907,4910,661208,0
1742600535,bronze-class-deploy-33-68477d8f4d-k8nfd_default,bronze-controller-33,0.500000,0,average,1742600459,43375,283,32776,false,0.418396,-259.315878,918510,4739,664171,0
1742600538,bronze-class-deploy-35-86448c4f4b-ltvzr_default,bronze-controller-35,0.500000,0,average,1742600462,43194,183,32856,false,0.418117,-260.880956,921122,4977,665456,0
1742600540,bronze-class-deploy-62-598b487446-9swpg_default,bronze-controller-62,0.500000,0,average,1742600465,42934,283,32777,false,0.417420,-262.404855,919597,5098,662545,0
1742600543,bronze-class-deploy-60-bd9f5c94d-cmv4x_default,bronze-controller-60,0.500000,0,average,1742600470,40755,282,32777,false,0.418657,-259.708402,921613,5497,667664,0
1742600546,bronze-class-deploy-56-6455fc5c5f-kc922_default,bronze-controller-56,0.500000,0,average,1742600476,37575,181,32857,false,0.420438,-254.010032,919840,4493,670547,0
1742600549,bronze-class-deploy-1-7bfd84fb59-6v25d_default,bronze-controller-1,0.500000,0,average,1742600482,34315,283,32836,false,0.421247,-253.535235,926135,4626,677458,0
1742600552,bronze-class-deploy-23-654ffb5cc5-p6b8j_default,bronze-controller-23,0.500000,0,average,1742600487,32134,281,32838,false,0.420791,-255.168594,927511,4598,677171,0
1742600555,silver-class-deploy-32-84b675c847-r5vw7_default,silver-controller-32,0.900000,0,average,1742600490,1114,184,63796,false,0.920504,32.620391,125069,2296,1474789,0
1742600557,silver-class-deploy-24-74886c7d7d-4xlsw_default,silver-controller-24,0.900000,0,average,1742600442,9634,263,105996,false,0.919285,30.752401,127862,1784,1476574,0
1742600560,silver-class-deploy-43-5d9bf4b8d7-w8jds_default,silver-controller-43,0.900000,0,average,1742600434,8675,263,117796,false,0.920195,32.176406,126216,1845,1476637,0
1742600563,bronze-class-deploy-30-56698788c5-v2trl_default,bronze-controller-30,0.500000,0,average,1742600468,64915,281,30339,false,0.417008,-268.705905,938283,4681,674493,0
1742600566,bronze-class-deploy-63-7d44d578c5-mhzsg_default,bronze-controller-63,0.500000,0,average,1742600485,45094,284,35995,false,0.419151,-261.092362,930949,5966,676094,0
1742600569,bronze-class-deploy-5-d8d757dd7-kqnf9_default,bronze-controller-5,0.500000,0,average,1742600524,11735,261,33198,false,0.418063,-267.138498,942954,4866,680914,0
1742600571,bronze-class-deploy-3-775f4fbdd9-wj4pq_default,bronze-controller-3,0.500000,0,average,1742600518,51534,183,2035,false,0.408298,-299.102460,959601,4592,665332,0
1742600574,bronze-class-deploy-52-c4b45f447-vt47w_default,bronze-controller-52,0.500000,0,average,1742600496,45294,264,32875,false,0.417032,-269.919246,942356,5037,677726,0
1742600577,bronze-class-deploy-28-946b5bff6-jtb5n_default,bronze-controller-28,0.500000,0,average,1742600504,40115,260,32718,false,0.417228,-270.074814,945251,4680,680091,0
1742600579,bronze-class-deploy-49-6679588cdc-wnp5w_default,bronze-controller-49,0.500000,0,average,1742600501,45935,263,32535,false,0.417804,-268.383392,944492,5122,681475,0
1742600582,bronze-class-deploy-54-8465ff778f-b569r_default,bronze-controller-54,0.500000,0,average,1742600499,50754,283,32877,false,0.417386,-270.115541,946337,5202,681684,0
1742600585,bronze-class-deploy-12-84c9ffbd8c-55bnm_default,bronze-controller-12,0.500000,0,average,1742600510,42574,283,32876,false,0.418748,-267.607378,950939,5379,688955,0
1742600588,bronze-class-deploy-37-758bc7cf96-cfb7j_default,bronze-controller-37,0.500000,0,average,1742600507,48394,281,32818,false,0.417821,-270.318734,951428,5162,686530,0
1742600591,bronze-class-deploy-17-dd67c9dc4-247qj_default,bronze-controller-17,0.500000,0,average,1742600515,43214,284,32815,false,0.418748,-268.197810,952661,5745,690459,0
1742600594,bronze-class-deploy-40-79cf7d59cd-cvz5j_default,bronze-controller-40,0.500000,0,average,1742600513,48034,261,32819,false,0.417907,-270.877095,954674,4857,688885,0
1742600596,bronze-class-deploy-7-6fc7b776fc-p8g8h_default,bronze-controller-7,0.500000,0,average,1742600521,42856,261,32816,false,0.419318,-267.315425,956027,5066,694019,0
1742600600,bronze-class-deploy-45-79d9bb8755-bp49m_default,bronze-controller-45,0.500000,0,average,1742600493,45554,181,61359,false,0.427727,-238.863127,939633,5095,706108,0
1742600600,bronze-class-deploy-26-7f9d9f4558-pkc9v_default,bronze-controller-26,0.500000,0,average,1742600529,37675,263,33195,false,0.419890,-265.776940,956070,5350,695887,0
1742600603,silver-class-deploy-21-7bf557854c-qpllw_default,silver-controller-21,0.900000,0,average,1742600314,9214,181,279638,false,0.929448,48.426620,114293,2271,1535623,0
1742600605,silver-class-deploy-64-99f5f94fd-ln8jq_default,silver-controller-64,0.900000,0,average,1742600311,29335,321,265237,false,0.916800,27.367355,134983,1881,1508141,0
1742600608,silver-class-deploy-46-6dfc7c9ccd-mlws2_default,silver-controller-46,0.900000,0,average,1742600291,20734,284,296675,false,0.929302,48.176741,114948,1842,1535188,0
1742600611,bronze-class-deploy-9-6f75c4867-r26dc_default,bronze-controller-9,0.500000,0,average,1742600526,54154,223,31216,false,0.416640,-278.902495,969997,5051,696386,0
1742600614,bronze-class-deploy-59-77b6864776-fjnq8_default,bronze-controller-59,0.500000,0,average,1742600532,51234,283,30816,false,0.416541,-277.570624,964142,5193,692025,0
1742600617,bronze-class-deploy-3-775f4fbdd9-26fg5_default,bronze-controller-3,0.500000,0,average,1742600571,9355,321,36498,false,0.418828,-272.284337,968956,4913,701831,0
1742600619,bronze-class-deploy-33-68477d8f4d-c2sxs_default,bronze-controller-33,0.500000,0,average,1742600535,51054,184,33737,false,0.417310,-276.814434,969565,4923,697908,0
1742600622,bronze-class-deploy-35-86448c4f4b-rftjl_default,bronze-controller-35,0.500000,0,average,1742600538,50795,261,33758,false,0.417107,-278.159550,971918,5238,699235,0
1742600625,bronze-class-deploy-62-598b487446-5pfqf_default,bronze-controller-62,0.500000,0,average,1742600540,51615,262,33756,false,0.416231,-280.526656,971212,5360,696301,0
1742600628,bronze-class-deploy-60-bd9f5c94d-2qk49_default,bronze-controller-60,0.500000,0,average,1742600543,51435,262,33677,false,0.417428,-277.728993,973049,5760,701342,0
1742600631,bronze-class-deploy-56-6455fc5c5f-j9lnc_default,bronze-controller-56,0.500000,0,average,1742600546,51295,182,33716,false,0.419193,-271.749835,971135,4676,704284,0
1742600634,bronze-class-deploy-30-56698788c5-474bc_default,bronze-controller-30,0.500000,0,average,1742600563,37554,263,33196,false,0.419137,-273.309083,975838,4945,707710,0
1742600636,bronze-class-deploy-1-7bfd84fb59-v2n4w_default,bronze-controller-1,0.500000,0,average,1742600549,54375,262,33176,false,0.419004,-274.978905,980511,4888,710654,0
1742600639,bronze-class-deploy-5-d8d757dd7-jk49p_default,bronze-controller-5,0.500000,0,average,1742600569,40094,263,30238,false,0.418490,-277.259441,983049,5129,711153,0
1742600642,silver-class-deploy-64-99f5f94fd-lq4tm_default,silver-controller-64,0.900000,0,average,1742600605,1275,181,35978,false,0.917786,29.665790,136258,2062,1544120,0
1742600645,bronze-class-deploy-23-654ffb5cc5-jdg8q_default,bronze-controller-23,0.500000,0,average,1742600552,59914,203,33215,false,0.417240,-282.049666,987426,4802,710407,0
1742600648,silver-class-deploy-47-5bf947bd4c-qjlnj_default,silver-controller-47,0.900000,0,average,1742600288,14075,261,346058,false,0.931210,52.599319,114403,2024,1576088,0
1742600648,bronze-class-deploy-52-c4b45f447-djvqz_default,bronze-controller-52,0.500000,0,average,1742600574,40655,260,33518,false,0.418489,-277.316562,983011,5298,711246,0
1742600651,bronze-class-deploy-63-7d44d578c5-m4r7h_default,bronze-controller-63,0.500000,0,average,1742600566,51474,282,33618,false,0.417875,-279.231179,982423,6248,709712,0
1742600654,bronze-class-deploy-28-946b5bff6-qnl6z_default,bronze-controller-28,0.500000,0,average,1742600577,43294,261,33638,false,0.418073,-279.973894,988546,4942,713750,0
1742600657,bronze-class-deploy-49-6679588cdc-sxdtj_default,bronze-controller-49,0.500000,0,average,1742600579,44114,263,33636,false,0.418420,-279.105230,988607,5386,715132,0
1742600659,bronze-class-deploy-54-8465ff778f-d56z2_default,bronze-controller-54,0.500000,0,average,1742600582,43934,184,33715,false,0.418110,-280.495668,990272,5386,715419,0
1742600662,bronze-class-deploy-12-84c9ffbd8c-hkdgc_default,bronze-controller-12,0.500000,0,average,1742600585,43675,262,33675,false,0.419437,-277.851617,994615,5642,722650,0
1742600665,silver-class-deploy-43-5d9bf4b8d7-g8l8w_default,silver-controller-43,0.900000,0,average,1742600560,14734,263,90716,false,0.916359,27.746204,140951,2109,1567354,0
1742600665,bronze-class-deploy-37-758bc7cf96-nq8pw_default,bronze-controller-37,0.500000,0,average,1742600588,43495,284,33975,false,0.418685,-280.124544,994923,5447,720505,0
1742600668,bronze-class-deploy-40-79cf7d59cd-4thqh_default,bronze-controller-40,0.500000,0,average,1742600594,43174,203,31135,false,0.417912,-283.098608,997848,5061,720041,0
1742600671,bronze-class-deploy-17-dd67c9dc4-9vgb5_default,bronze-controller-17,0.500000,0,average,1742600591,43314,284,36735,false,0.420538,-275.062731,995976,6030,727195,0
1742600674,bronze-class-deploy-9-6f75c4867-rgdxw_default,bronze-controller-9,0.500000,0,average,1742600611,31814,262,31218,false,0.419441,-279.740729,1001811,5313,727626,0
1742600677,silver-class-deploy-32-84b675c847-k6lfs_default,silver-controller-32,0.900000,0,average,1742600554,15695,241,107078,false,0.916935,28.984432,140764,2537,1581868,0
1742600679,bronze-class-deploy-7-6fc7b776fc-m6hlx_default,bronze-controller-7,0.500000,0,average,1742600596,49674,183,33976,false,0.418648,-283.175040,1005702,5250,728016,0
1742600682,bronze-class-deploy-26-7f9d9f4558-btvv5_default,bronze-controller-26,0.500000,0,average,1742600600,48854,281,33538,false,0.419214,-281.376807,1004925,5632,729425,0
1742600685,bronze-class-deploy-59-77b6864776-fvl97_default,bronze-controller-59,0.500000,0,average,1742600614,37675,282,33536,false,0.418715,-281.973224,1001817,5476,725582,0
1742600688,bronze-class-deploy-33-68477d8f4d-gbdjl_default,bronze-controller-33,0.500000,0,average,1742600619,35494,263,33556,false,0.419976,-278.997468,1005060,5186,731484,0
1742600690,bronze-class-deploy-52-c4b45f447-ps87q_default,bronze-controller-52,0.500000,0,average,1742600648,40655,282,2037,false,0.409338,-316.217634,1023667,5580,713283,0
1742600693,bronze-class-deploy-62-598b487446-2hzlg_default,bronze-controller-62,0.500000,0,average,1742600625,35134,263,33276,false,0.418925,-282.648406,1006347,5624,729579,0
1742600696,bronze-class-deploy-3-775f4fbdd9-l8g8d_default,bronze-controller-3,0.500000,0,average,1742600617,45995,182,33316,false,0.418841,-285.142377,1014951,5096,735148,0
1742600699,bronze-class-deploy-60-bd9f5c94d-zxjsq_default,bronze-controller-60,0.500000,0,average,1742600628,38175,100,33038,false,0.419295,-282.958926,1011224,5861,734381,0
1742600702,bronze-class-deploy-35-86448c4f4b-kh5wj_default,bronze-controller-35,0.500000,0,average,1742600622,35315,282,44537,false,0.423434,-269.221827,1007233,5521,743772,0
1742600704,bronze-class-deploy-30-56698788c5-v9qdd_default,bronze-controller-30,0.500000,0,average,1742600633,38775,283,32896,false,0.420692,-279.472772,1014613,5228,740606,0
1742600707,bronze-class-deploy-56-6455fc5c5f-5zhhs_default,bronze-controller-56,0.500000,0,average,1742600631,43594,183,32996,false,0.419656,-282.530111,1014730,4859,737280,0
1742600710,bronze-class-deploy-45-79d9bb8755-556dq_default,bronze-controller-45,0.500000,0,average,1742600599,78335,262,32997,false,0.419367,-284.463820,1017968,5358,739106,0
1742600713,bronze-class-deploy-1-7bfd84fb59-c5mxc_default,bronze-controller-1,0.500000,0,average,1742600636,44154,283,32976,false,0.419315,-286.423262,1024666,5172,743650,0
1742600716,bronze-class-deploy-5-d8d757dd7-xtvrr_default,bronze-controller-5,0.500000,0,average,1742600639,43975,263,32976,false,0.418869,-288.504042,1027024,5392,744148,0
1742600718,bronze-class-deploy-23-654ffb5cc5-4nx2h_default,bronze-controller-23,0.500000,0,average,1742600645,40794,281,32898,false,0.418384,-290.230398,1028221,5084,743305,0
1742600721,silver-class-deploy-43-5d9bf4b8d7-ws9pk_default,silver-controller-43,0.900000,0,average,1742600665,3834,264,52676,false,0.916727,29.322005,144785,2373,1620031,0
1742600724,silver-class-deploy-18-5dd44b47c5-6xgf9_default,silver-controller-18,0.900000,0,average,1742600379,148275,262,197076,false,0.915676,27.640649,149130,265,1622293,0
1742600727,bronze-class-deploy-63-7d44d578c5-tfp4h_default,bronze-controller-63,0.500000,0,average,1742600651,45795,283,30237,false,0.416944,-295.072929,1028218,6532,739950,0
1742600730,silver-class-deploy-57-6d6dd8c696-lgndz_default,silver-controller-57,0.900000,0,average,1742600334,66594,323,329177,false,0.918873,33.099026,142076,1413,1625225,0
1742600732,bronze-class-deploy-52-c4b45f447-26tvd_default,bronze-controller-52,0.500000,0,average,1742600690,9615,263,33036,false,0.418008,-293.040270,1033282,5843,746340,0
1742600735,bronze-class-deploy-49-6679588cdc-fzv7p_default,bronze-controller-49,0.500000,0,average,1742600656,49254,261,30278,false,0.416682,-298.343636,1037862,5647,745411,0
1742600738,bronze-class-deploy-28-946b5bff6-vttkk_default,bronze-controller-28,0.500000,0,average,1742600654,48434,283,35936,false,0.418377,-292.757958,1036981,5226,749687,0
1742600741,bronze-class-deploy-54-8465ff778f-8g2dw_default,bronze-controller-54,0.500000,0,average,1742600659,49074,281,33099,false,0.417343,-296.753667,1039347,5667,748518,0
1742600744,bronze-class-deploy-12-84c9ffbd8c-twzx6_default,bronze-controller-12,0.500000,0,average,1742600662,48894,263,33137,false,0.418679,-293.852313,1043509,5905,755808,0
1742600747,bronze-class-deploy-37-758bc7cf96-srh45_default,bronze-controller-37,0.500000,0,average,1742600665,48715,263,33075,false,0.417982,-296.007194,1043638,5710,753601,0
1742600749,bronze-class-deploy-40-79cf7d59cd-7kl97_default,bronze-controller-40,0.500000,0,average,1742600668,48535,183,33155,false,0.417331,-298.638915,1046383,5244,753217,0
1742600752,bronze-class-deploy-9-6f75c4867-5lzrh_default,bronze-controller-9,0.500000,0,average,1742600674,45275,262,33177,false,0.419530,-292.102422,1047086,5576,760803,0
1742600755,bronze-class-deploy-17-dd67c9dc4-pl5tj_default,bronze-controller-17,0.500000,0,average,1742600671,53875,183,30356,false,0.417709,-298.742150,1049851,6213,757571,0
1742600758,bronze-class-deploy-7-6fc7b776fc-5hxwt_default,bronze-controller-7,0.500000,0,average,1742600679,43095,263,35736,false,0.420098,-290.778098,1048797,5513,763772,0
1742600761,silver-class-deploy-18-5dd44b47c5-kdv42_default,silver-controller-18,0.900000,0,average,1742600724,3614,261,33378,false,0.915270,27.446456,152744,527,1655671,0
1742600763,bronze-class-deploy-26-7f9d9f4558-5gkp9_default,bronze-controller-26,0.500000,0,average,1742600682,51315,281,30317,false,0.417007,-302.657047,1056240,5913,759743,0
1742600766,bronze-class-deploy-59-77b6864776-h57nx_default,bronze-controller-59,0.500000,0,average,1742600685,45515,260,35958,false,0.419671,-291.791076,1047332,5737,761540,0
1742600769,bronze-class-deploy-33-68477d8f4d-l8tg8_default,bronze-controller-33,0.500000,0,average,1742600688,48135,283,33236,false,0.419396,-294.181757,1053195,5469,764721,0
1742600772,bronze-class-deploy-62-598b487446-zxmdr_default,bronze-controller-62,0.500000,0,average,1742600693,45954,260,33239,false,0.418899,-295.624893,1052302,5885,762818,0
1742600775,bronze-class-deploy-3-775f4fbdd9-zm7w9_default,bronze-controller-3,0.500000,0,average,1742600696,45775,261,33258,false,0.418866,-297.921201,1060726,5357,768406,0
1742600778,bronze-class-deploy-60-bd9f5c94d-gqzcq_default,bronze-controller-60,0.500000,0,average,1742600699,45635,183,33296,false,0.419363,-295.477910,1056859,6044,767678,0
1742600780,silver-class-deploy-46-6dfc7c9ccd-5znzj_default,silver-controller-46,0.900000,0,average,1742600608,37834,241,134858,false,0.915138,27.395048,152782,2083,1670067,0
1742600783,silver-class-deploy-21-7bf557854c-cxhm8_default,silver-controller-21,0.900000,0,average,1742600602,37914,261,143578,false,0.915624,28.424437,152207,2533,1679222,0
1742600786,bronze-class-deploy-56-6455fc5c5f-q98ht_default,bronze-controller-56,0.500000,0,average,1742600707,46115,182,33196,false,0.419566,-295.630485,1060846,5042,770477,0
1742600789,bronze-class-deploy-30-56698788c5-zcfw9_default,bronze-controller-30,0.500000,0,average,1742600704,54494,223,30356,false,0.417748,-303.833613,1069108,5451,770963,0
1742600792,bronze-class-deploy-1-7bfd84fb59-j9nsl_default,bronze-controller-1,0.500000,0,average,1742600713,48574,101,30557,false,0.417876,-304.536567,1073241,5274,774208,0
1742600795,bronze-class-deploy-45-79d9bb8755-g7zcq_default,bronze-controller-45,0.500000,0,average,1742600710,48695,323,36056,false,0.419572,-297.429484,1066663,5681,775163,0
1742600797,bronze-class-deploy-23-654ffb5cc5-vpbll_default,bronze-controller-23,0.500000,0,average,1742600718,49135,262,30496,false,0.416806,-309.132969,1077356,5346,773802,0
1742600800,silver-class-deploy-18-5dd44b47c5-48gss_default,silver-controller-18,0.900000,0,average,1742600761,3235,263,36196,false,0.915198,27.897943,155979,790,1691889,0
1742600803,bronze-class-deploy-5-d8d757dd7-g577f_default,bronze-controller-5,0.500000,0,average,1742600716,53954,264,33175,false,0.417034,-309.529754,1080979,5657,777343,0
1742600805,bronze-class-deploy-63-7d44d578c5-lvr6w_default,bronze-controller-63,0.500000,0,average,1742600727,45774,262,32817,false,0.416911,-308.293168,1073993,6794,772767,0
1742600808,bronze-class-deploy-35-86448c4f4b-db8v5_default,bronze-controller-35,0.500000,0,average,1742600702,73595,260,32839,false,0.416811,-310.238870,1080829,5781,776612,0
1742600812,bronze-class-deploy-49-6679588cdc-glt5n_default,bronze-controller-49,0.500000,0,average,1742600735,43415,281,33458,false,0.417390,-308.563497,1081277,5929,778889,0
1742600814,silver-class-deploy-46-6dfc7c9ccd-grdbq_default,silver-controller-46,0.900000,0,average,1742600780,1314,184,33475,false,0.915928,29.397942,154097,2268,1703542,0
1742600817,bronze-class-deploy-54-8465ff778f-tp2w5_default,bronze-controller-54,0.500000,0,average,1742600741,43135,283,33335,false,0.418046,-306.818783,1082482,5951,781873,0
1742600820,bronze-class-deploy-28-946b5bff6-cww8k_default,bronze-controller-28,0.500000,0,average,1742600738,51675,323,30198,false,0.416141,-314.561603,1088656,5549,779885,0
1742600823,bronze-class-deploy-52-c4b45f447-xr7tf_default,bronze-controller-52,0.500000,0,average,1742600732,57475,220,33758,false,0.415633,-316.957441,1090758,6064,780118,0
1742600826,bronze-class-deploy-12-84c9ffbd8c-k6mfd_default,bronze-controller-12,0.500000,0,average,1742600744,51374,263,30597,false,0.416648,-314.893746,1094883,6169,786406,0
1742600829,bronze-class-deploy-37-758bc7cf96-6g6cc_default,bronze-controller-37,0.500000,0,average,1742600746,46554,283,36216,false,0.418785,-306.609409,1090193,5994,789838,0
1742600831,bronze-class-deploy-40-79cf7d59cd-fk47q_default,bronze-controller-40,0.500000,0,average,1742600749,49194,262,33458,false,0.416731,-314.618285,1095578,5506,786696,0
1742600834,bronze-class-deploy-17-dd67c9dc4-424zz_default,bronze-controller-17,0.500000,0,average,1742600755,46014,184,33535,false,0.417836,-311.383469,1095866,6397,791126,0
1742600837,silver-class-deploy-64-99f5f94fd-4qk28_default,silver-controller-64,0.900000,0,average,1742600642,21155,243,174476,false,0.914967,27.856749,157413,2305,1718597,0
1742600837,silver-class-deploy-47-5bf947bd4c-t2slp_default,silver-controller-47,0.900000,0,average,1742600648,40894,241,148778,false,0.916298,30.453060,155297,2265,1724867,0
1742600840,bronze-class-deploy-26-7f9d9f4558-xkpbd_default,bronze-controller-26,0.500000,0,average,1742600763,46335,263,31056,false,0.416315,-318.178837,1102575,6176,790820,0
1742600843,bronze-class-deploy-7-6fc7b776fc-xm48f_default,bronze-controller-7,0.500000,0,average,1742600758,51575,320,33619,false,0.418893,-309.038095,1100372,5834,797411,0
1742600846,silver-class-deploy-32-84b675c847-f6nx5_default,silver-controller-32,0.900000,0,average,1742600676,17974,283,152016,false,0.914765,27.751247,158739,2821,1733904,0
1742600849,bronze-class-deploy-59-77b6864776-q7886_default,bronze-controller-59,0.500000,0,average,1742600766,49354,282,33436,false,0.418926,-307.972245,1096687,6020,794997,0
1742600851,bronze-class-deploy-9-6f75c4867-f2j2d_default,bronze-controller-9,0.500000,0,average,1742600752,68675,223,30796,false,0.413771,-330.184102,1115761,5799,791619,0
1742600854,bronze-class-deploy-33-68477d8f4d-8r54g_default,bronze-controller-33,0.500000,0,average,1742600769,51875,323,32955,false,0.417951,-313.428338,1105070,5793,797677,0
1742600857,bronze-class-deploy-62-598b487446-97ljc_default,bronze-controller-62,0.500000,0,average,1742600772,51755,263,33017,false,0.417539,-314.607069,1104057,6149,795855,0
1742600859,bronze-class-deploy-3-775f4fbdd9-9ll99_default,bronze-controller-3,0.500000,0,average,1742600775,51574,281,32958,false,0.417529,-316.820579,1112301,5639,801365,0
1742600863,bronze-class-deploy-60-bd9f5c94d-9jxb6_default,bronze-controller-60,0.500000,0,average,1742600778,51394,262,33478,false,0.418202,-313.655806,1108253,6306,801157,0
1742600865,bronze-class-deploy-30-56698788c5-mfwg4_default,bronze-controller-30,0.500000,0,average,1742600789,43214,261,33158,false,0.418349,-314.132695,1112323,5713,804141,0
1742600868,bronze-class-deploy-1-7bfd84fb59-8sbcs_default,bronze-controller-1,0.500000,0,average,1742600792,43074,183,33216,false,0.418535,-314.555202,1116316,5457,807446,0
1742600871,bronze-class-deploy-23-654ffb5cc5-d8wlg_default,bronze-controller-23,0.500000,0,average,1742600797,41336,122,33216,false,0.417889,-317.371043,1118692,5469,807018,0
1742600874,silver-class-deploy-64-99f5f94fd-hdbrt_default,silver-controller-64,0.900000,0,average,1742600837,3994,261,33258,false,0.914410,27.351145,161408,2566,1751856,0
1742600877,bronze-class-deploy-5-d8d757dd7-lz92d_default,bronze-controller-5,0.500000,0,average,1742600803,40974,182,33197,false,0.418169,-317.468506,1121954,5840,810560,0
1742600880,silver-class-deploy-18-5dd44b47c5-2n4j8_default,silver-controller-18,0.900000,0,average,1742600800,6235,262,73737,false,0.915357,29.412538,162215,1053,1765645,0
1742600883,bronze-class-deploy-63-7d44d578c5-mr9v5_default,bronze-controller-63,0.500000,0,average,1742600805,44454,103,33517,false,0.417417,-319.308225,1118448,6898,806304,0
1742600885,bronze-class-deploy-49-6679588cdc-2nxkf_default,bronze-controller-49,0.500000,0,average,1742600812,42635,243,30976,false,0.417468,-320.464875,1123912,6172,809866,0
1742600888,silver-class-deploy-57-6d6dd8c696-tzldc_default,silver-controller-57,0.900000,0,average,1742600730,17374,263,140996,false,0.916400,31.329439,159451,1676,1766241,0
1742600891,silver-class-deploy-51-7f7f588b74-jnzvm_default,silver-controller-51,0.900000,0,average,1742600473,49235,252,368945,false,0.914323,27.430155,163806,1847,1767830,0
1742600894,bronze-class-deploy-45-79d9bb8755-kqh4b_default,bronze-controller-45,0.500000,0,average,1742600794,66434,262,33698,false,0.415247,-330.428926,1133098,5944,808861,0
1742600894,bronze-class-deploy-35-86448c4f4b-tg8s2_default,bronze-controller-35,0.500000,0,average,1742600808,52674,323,33436,false,0.415488,-329.784849,1133503,6104,810068,0
1742600897,silver-class-deploy-27-7fd4cb7f5c-vtdrc_default,silver-controller-27,0.900000,0,average,1742600242,29555,283,625576,false,0.934334,66.560392,126093,1661,1817770,0
1742600900,bronze-class-deploy-59-77b6864776-9ljn7_default,bronze-controller-59,0.500000,0,average,1742600848,49754,283,2016,false,0.408775,-355.994922,1146442,6304,797014,0
1742600902,bronze-class-deploy-52-c4b45f447-zbzfc_default,bronze-controller-52,0.500000,0,average,1742600823,45935,222,33617,false,0.415868,-329.496634,1136693,6286,813735,0
1742600905,bronze-class-deploy-54-8465ff778f-w9lg4_default,bronze-controller-54,0.500000,0,average,1742600817,55015,263,33116,false,0.416087,-328.981246,1137497,6215,814990,0
1742600908,bronze-class-deploy-56-6455fc5c5f-q7ltn_default,bronze-controller-56,0.500000,0,average,1742600786,83134,324,38575,false,0.413125,-340.498197,1143980,5366,809073,0
1742600911,bronze-class-deploy-40-79cf7d59cd-l7k9c_default,bronze-controller-40,0.500000,0,average,1742600831,46735,263,33196,false,0.416617,-328.421434,1142314,5770,819893,0
1742600913,bronze-class-deploy-12-84c9ffbd8c-2ztrq_default,bronze-controller-12,0.500000,0,average,1742600826,54554,264,33156,false,0.414883,-336.536922,1149438,6433,819582,0
1742600916,bronze-class-deploy-9-6f75c4867-mz2hd_default,bronze-controller-9,0.500000,0,average,1742600851,32375,263,33197,false,0.416781,-329.626023,1148137,6062,824816,0
1742600919,bronze-class-deploy-26-7f9d9f4558-b6dwv_default,bronze-controller-26,0.500000,0,average,1742600840,46195,183,33256,false,0.416373,-331.278427,1148771,6359,824097,0
1742600922,bronze-class-deploy-37-758bc7cf96-ql4r9_default,bronze-controller-37,0.500000,0,average,1742600829,59934,283,33256,false,0.415816,-333.551075,1150127,6277,823116,0
1742600925,bronze-class-deploy-17-dd67c9dc4-ft2cv_default,bronze-controller-17,0.500000,0,average,1742600834,57634,183,33457,false,0.415478,-335.741117,1153501,6580,824584,0
1742600928,bronze-class-deploy-7-6fc7b776fc-ck7kf_default,bronze-controller-7,0.500000,0,average,1742600843,51894,283,32916,false,0.417520,-328.301575,1152267,6117,830328,0
1742600930,bronze-class-deploy-28-946b5bff6-v76tp_default,bronze-controller-28,0.500000,0,average,1742600820,45994,264,64596,false,0.425448,-296.207506,1134651,5813,844499,0
1742600933,silver-class-deploy-51-7f7f588b74-qh5z7_default,silver-controller-51,0.900000,0,average,1742600891,795,281,41598,false,0.915630,30.620965,164601,2129,1809448,0
1742600936,silver-class-deploy-64-99f5f94fd-44fmb_default,silver-controller-64,0.900000,0,average,1742600874,914,183,61396,false,0.916560,32.511126,162323,2750,1813272,0
1742600939,bronze-class-deploy-33-68477d8f4d-mxmkr_default,bronze-controller-33,0.500000,0,average,1742600854,54414,244,30636,false,0.415443,-337.429429,1159484,6037,828334,0
1742600942,bronze-class-deploy-62-598b487446-9wxss_default,bronze-controller-62,0.500000,0,average,1742600856,52615,322,33156,false,0.416144,-334.372189,1156672,6472,829030,0
1742600944,bronze-class-deploy-3-775f4fbdd9-pktxq_default,bronze-controller-3,0.500000,0,average,1742600859,52494,284,33135,false,0.416170,-336.444954,1164795,5923,834521,0
1742600947,bronze-class-deploy-59-77b6864776-tmcvh_default,bronze-controller-59,0.500000,0,average,1742600899,15315,283,33115,false,0.415382,-338.478317,1161757,6587,830130,0
1742600950,bronze-class-deploy-60-bd9f5c94d-6swzv_default,bronze-controller-60,0.500000,0,average,1742600863,54135,263,33215,false,0.416492,-334.839418,1162389,6570,834373,0
1742600953,bronze-class-deploy-30-56698788c5-g67lf_default,bronze-controller-30,0.500000,0,average,1742600865,54954,261,33219,false,0.416476,-336.109519,1167277,5974,837381,0
1742600956,silver-class-deploy-47-5bf947bd4c-z9kld_default,silver-controller-47,0.900000,0,average,1742600837,9714,180,109619,false,0.916352,32.513063,165012,2446,1834487,0
1742600956,bronze-class-deploy-1-7bfd84fb59-mcsg2_default,bronze-controller-1,0.500000,0,average,1742600868,54775,282,33496,false,0.416773,-336.099347,1171091,5740,840962,0
1742600959,bronze-class-deploy-23-654ffb5cc5-vswd6_default,bronze-controller-23,0.500000,0,average,1742600871,54595,284,33615,false,0.416228,-338.617085,1173287,5754,840654,0
1742600962,bronze-class-deploy-5-d8d757dd7-skrg6_default,bronze-controller-5,0.500000,0,average,1742600877,51415,181,33717,false,0.417202,-335.345042,1173369,6021,844278,0
1742600965,silver-class-deploy-32-84b675c847-vdnsp_default,silver-controller-32,0.900000,0,average,1742600846,11414,223,107776,false,0.914041,28.056722,170153,3045,1841700,0
1742600965,bronze-class-deploy-63-7d44d578c5-ckg8x_default,bronze-controller-63,0.500000,0,average,1742600882,49154,261,34038,false,0.417022,-334.685803,1167603,7159,840342,0
1742600968,bronze-class-deploy-35-86448c4f4b-g6m9r_default,bronze-controller-35,0.500000,0,average,1742600894,42794,263,31337,false,0.415699,-341.506445,1176298,6368,841405,0
1742600971,bronze-class-deploy-45-79d9bb8755-zq7z2_default,bronze-controller-45,0.500000,0,average,1742600894,39975,281,36957,false,0.417664,-333.728693,1173073,6225,845819,0
1742600973,bronze-class-deploy-56-6455fc5c5f-dhcc8_default,bronze-controller-56,0.500000,0,average,1742600907,35474,183,31296,false,0.414926,-344.839358,1179455,5550,840388,0
1742600976,bronze-class-deploy-49-6679588cdc-s5jv7_default,bronze-controller-49,0.500000,0,average,1742600885,54615,283,36837,false,0.416755,-338.507792,1178527,6455,846723,0
1742600979,silver-class-deploy-24-74886c7d7d-wj55m_default,silver-controller-24,0.900000,0,average,1742600557,40454,324,381776,false,0.915997,32.220221,168316,2108,1858371,0
1742600982,bronze-class-deploy-52-c4b45f447-khrm9_default,bronze-controller-52,0.500000,0,average,1742600902,48935,283,31117,false,0.414743,-347.598753,1185628,6570,844852,0
1742600985,bronze-class-deploy-12-84c9ffbd8c-wk4kt_default,bronze-controller-12,0.500000,0,average,1742600913,40794,183,31176,false,0.415495,-346.316337,1190233,6617,850779,0
1742600987,bronze-class-deploy-54-8465ff778f-74fgw_default,bronze-controller-54,0.500000,0,average,1742600905,43115,262,39316,false,0.418491,-333.042246,1180612,6477,854307,0
1742600990,bronze-class-deploy-40-79cf7d59cd-lfzsf_default,bronze-controller-40,0.500000,0,average,1742600911,45974,283,33597,false,0.416778,-341.083423,1188288,6053,853491,0
1742600994,silver-class-deploy-39-7db65c5cf6-xjk8z_default,silver-controller-39,0.900000,0,average,1742600239,18434,181,736398,false,0.941936,85.382776,115995,2545,1923006,0
1742600994,bronze-class-deploy-9-6f75c4867-hvltp_default,bronze-controller-9,0.500000,0,average,1742600916,43794,264,33995,false,0.417493,-339.689954,1191931,6327,858812,0
1742600997,silver-class-deploy-43-5d9bf4b8d7-8s225_default,silver-controller-43,0.900000,0,average,1742600721,29394,183,246776,false,0.913515,27.385872,174180,2557,1866827,0
1742600997,bronze-class-deploy-26-7f9d9f4558-sgtgt_default,bronze-controller-26,0.500000,0,average,1742600919,43654,183,34556,false,0.417309,-340.537674,1192426,6543,858673,0
1742601000,bronze-class-deploy-17-dd67c9dc4-6k452_default,bronze-controller-17,0.500000,0,average,1742600925,43694,281,31198,false,0.415466,-348.500600,1197196,6861,855802,0
1742601002,bronze-class-deploy-37-758bc7cf96-kfpjk_default,bronze-controller-37,0.500000,0,average,1742600922,43875,283,36835,false,0.417348,-340.874903,1194003,6561,859952,0
1742601005,bronze-class-deploy-7-6fc7b776fc-4zc4j_default,bronze-controller-7,0.500000,0,average,1742600928,43515,183,34236,false,0.418347,-337.741872,1195782,6301,864584,0
1742601008,bronze-class-deploy-3-775f4fbdd9-25mvj_default,bronze-controller-3,0.500000,0,average,1742600944,33115,183,31416,false,0.418336,-338.324502,1197911,6106,865937,0
1742601011,bronze-class-deploy-33-68477d8f4d-8l86t_default,bronze-controller-33,0.500000,0,average,1742600939,35255,263,37056,false,0.418791,-335.872484,1194740,6300,865410,0
1742601014,bronze-class-deploy-59-77b6864776-tbq6c_default,bronze-controller-59,0.500000,0,average,1742600947,35755,262,31296,false,0.417002,-343.178562,1197512,6850,861448,0
1742601017,silver-class-deploy-57-6d6dd8c696-dfd48_default,silver-controller-57,0.900000,0,average,1742600888,15074,204,113836,false,0.914219,28.973080,174525,1880,1880078,0
1742601019,bronze-class-deploy-62-598b487446-v4qmz_default,bronze-controller-62,0.500000,0,average,1742600942,46094,220,31639,false,0.415763,-349.026071,1202767,6692,860691,0
1742601022,bronze-class-deploy-60-bd9f5c94d-w47qx_default,bronze-controller-60,0.500000,0,average,1742600950,38295,324,34135,false,0.418345,-339.306593,1200684,6895,868528,0
1742601025,bronze-class-deploy-30-56698788c5-wb5gw_default,bronze-controller-30,0.500000,0,average,1742600953,38214,203,34176,false,0.418375,-340.329701,1205492,6177,871578,0
1742601028,bronze-class-deploy-1-7bfd84fb59-7xhzl_default,bronze-controller-1,0.500000,0,average,1742600956,38474,264,33615,false,0.418435,-341.201936,1209566,6004,874600,0
1742601031,bronze-class-deploy-23-654ffb5cc5-qk5bj_default,bronze-controller-23,0.500000,0,average,1742600959,38814,123,33256,false,0.417761,-344.295061,1212102,5877,873911,0
1742601034,silver-class-deploy-43-5d9bf4b8d7-ntrnl_default,silver-controller-43,0.900000,0,average,1742600997,3474,263,33317,false,0.913259,27.351117,177655,2820,1900144,0
1742601036,bronze-class-deploy-5-d8d757dd7-7mj65_default,bronze-controller-5,0.500000,0,average,1742600962,41414,285,33095,false,0.418103,-343.950916,1214784,6307,877373,0
1742601039,bronze-class-deploy-35-86448c4f4b-chl95_default,bronze-controller-35,0.500000,0,average,1742600968,38235,260,32718,false,0.417186,-347.284686,1214533,6629,874124,0
1742601042,bronze-class-deploy-56-6455fc5c5f-nm6gg_default,bronze-controller-56,0.500000,0,average,1742600973,36054,282,32757,false,0.416878,-348.422332,1215510,5833,873146,0
1742601045,bronze-class-deploy-63-7d44d578c5-nshms_default,bronze-controller-63,0.500000,0,average,1742600965,46874,183,33436,false,0.416959,-348.305162,1214477,7343,873778,0
1742601048,bronze-class-deploy-28-946b5bff6-chj8f_default,bronze-controller-28,0.500000,0,average,1742600930,84614,263,33436,false,0.417413,-347.650699,1219266,6077,877936,0
1742601051,bronze-class-deploy-52-c4b45f447-2f9jm_default,bronze-controller-52,0.500000,0,average,1742600982,35434,263,33416,false,0.417005,-349.860977,1221063,6833,878289,0
1742601053,bronze-class-deploy-45-79d9bb8755-k4xw8_default,bronze-controller-45,0.500000,0,average,1742600971,49254,281,33418,false,0.417081,-349.847602,1222328,6507,879238,0
1742601056,bronze-class-deploy-49-6679588cdc-8smf8_default,bronze-controller-49,0.500000,0,average,1742600976,47075,261,33439,false,0.416654,-352.384712,1225602,6716,880183,0
1742601059,bronze-class-deploy-12-84c9ffbd8c-wjphl_default,bronze-controller-12,0.500000,0,average,1742600985,40934,181,33457,false,0.416660,-353.972422,1231167,6798,884237,0
1742601062,silver-class-deploy-51-7f7f588b74-f4z2f_default,silver-controller-51,0.900000,0,average,1742600933,12214,261,116918,false,0.914889,31.084832,176816,2390,1926367,0
1742601065,bronze-class-deploy-17-dd67c9dc4-rb7x8_default,bronze-controller-17,0.500000,0,average,1742601000,31575,261,33358,false,0.418418,-346.979473,1228771,7123,889160,0
1742601068,bronze-class-deploy-40-79cf7d59cd-pqdl9_default,bronze-controller-40,0.500000,0,average,1742600990,44394,201,33459,false,0.417219,-352.199626,1232683,6254,886969,0
1742601071,silver-class-deploy-18-5dd44b47c5-928l7_default,silver-controller-18,0.900000,0,average,1742600880,17994,243,172876,false,0.914386,30.282350,180210,1296,1938542,0
1742601071,silver-class-deploy-64-99f5f94fd-ntwjk_default,silver-controller-64,0.900000,0,average,1742600936,17954,242,116957,false,0.913286,27.830807,180277,2992,1930230,0
1742601074,bronze-class-deploy-54-8465ff778f-sglfd_default,bronze-controller-54,0.500000,0,average,1742600987,55714,223,31156,false,0.416011,-357.802548,1236327,6700,885483,0
1742601076,bronze-class-deploy-26-7f9d9f4558-gfcbq_default,bronze-controller-26,0.500000,0,average,1742600997,45915,321,33658,false,0.417458,-353.117849,1238341,6864,892332,0
1742601079,bronze-class-deploy-9-6f75c4867-sdv75_default,bronze-controller-9,0.500000,0,average,1742600993,52794,263,33655,false,0.416310,-359.072459,1244726,6590,892489,0
1742601082,bronze-class-deploy-37-758bc7cf96-rwfzz_default,bronze-controller-37,0.500000,0,average,1742601002,46614,261,33558,false,0.417343,-354.192633,1240617,6823,893510,0
1742601085,bronze-class-deploy-7-6fc7b776fc-6zmwl_default,bronze-controller-7,0.500000,0,average,1742601005,46434,263,33557,false,0.418339,-350.883213,1242217,6564,898141,0
1742601088,bronze-class-deploy-3-775f4fbdd9-6tsp2_default,bronze-controller-3,0.500000,0,average,1742601008,46255,263,33597,false,0.418375,-351.245775,1244166,6370,899535,0
1742601091,bronze-class-deploy-59-77b6864776-8pvbw_default,bronze-controller-59,0.500000,0,average,1742601014,45895,282,30916,false,0.416428,-358.439967,1243407,7133,892365,0
1742601091,bronze-class-deploy-62-598b487446-2kltg_default,bronze-controller-62,0.500000,0,average,1742601019,38075,263,33795,false,0.417539,-353.568781,1240842,6956,894487,0
1742601094,silver-class-deploy-43-5d9bf4b8d7-pzsrc_default,silver-controller-43,0.900000,0,average,1742601034,5615,261,54138,false,0.912946,27.476174,183270,3081,1954302,0
1742601096,bronze-class-deploy-49-6679588cdc-sbjdd_default,bronze-controller-49,0.500000,0,average,1742601056,38415,182,2076,false,0.409748,-388.903284,1264017,6899,882260,0
1742601099,bronze-class-deploy-60-bd9f5c94d-p5rbn_default,bronze-controller-60,0.500000,0,average,1742601022,43534,283,33597,false,0.418912,-349.508870,1244218,7178,902145,0
1742601102,bronze-class-deploy-23-654ffb5cc5-ldvrt_default,bronze-controller-23,0.500000,0,average,1742601031,40575,281,30198,false,0.417999,-354.955035,1252677,6159,904109,0
1742601104,bronze-class-deploy-30-56698788c5-gmtbx_default,bronze-controller-30,0.500000,0,average,1742601025,43395,202,36037,false,0.419632,-347.888825,1248888,6380,907616,0
1742601107,bronze-class-deploy-1-7bfd84fb59-fhdsp_default,bronze-controller-1,0.500000,0,average,1742601028,46395,261,32898,false,0.418260,-354.940211,1255961,6266,907519,0
1742601110,bronze-class-deploy-35-86448c4f4b-cr8g4_default,bronze-controller-35,0.500000,0,average,1742601039,38214,283,33236,false,0.418719,-352.527089,1252748,6913,907381,0
1742601113,bronze-class-deploy-5-d8d757dd7-j5rqs_default,bronze-controller-5,0.500000,0,average,1742601036,44034,184,33356,false,0.418526,-354.811483,1258818,6491,910730,0
1742601116,bronze-class-deploy-56-6455fc5c5f-p65wt_default,bronze-controller-56,0.500000,0,average,1742601041,41775,263,33336,false,0.417766,-357.104727,1257285,6097,906504,0
1742601119,bronze-class-deploy-63-7d44d578c5-b2795_default,bronze-controller-63,0.500000,0,average,1742601045,40594,261,33358,false,0.418071,-355.802960,1255072,7605,907137,0
1742601122,bronze-class-deploy-28-946b5bff6-h84vv_default,bronze-controller-28,0.500000,0,average,1742601048,40454,181,33378,false,0.418554,-354.905199,1259720,6259,911315,0
1742601124,bronze-class-deploy-33-68477d8f4d-s9c6l_default,bronze-controller-33,0.500000,0,average,1742601011,51714,262,61877,false,0.425302,-325.972464,1246454,6563,927288,0
1742601127,silver-class-deploy-57-6d6dd8c696-rvl7d_default,silver-controller-57,0.900000,0,average,1742601017,11675,261,98718,false,0.913092,28.105003,186201,2142,1978816,0
1742601130,silver-class-deploy-24-74886c7d7d-cvb84_default,silver-controller-24,0.900000,0,average,1742600979,15714,321,135458,false,0.914479,31.324784,184031,2430,1993830,0
1742601133,silver-class-deploy-32-84b675c847-787nn_default,silver-controller-32,0.900000,0,average,1742600965,14855,260,153078,false,0.913739,29.758087,185009,3305,1994779,0
1742601135,silver-class-deploy-46-6dfc7c9ccd-pgjvq_default,silver-controller-46,0.900000,0,average,1742600814,21235,322,300396,false,0.918453,40.026688,175332,2591,2003939,0
1742601138,bronze-class-deploy-45-79d9bb8755-d9bfk_default,bronze-controller-45,0.500000,0,average,1742601053,54975,221,30198,false,0.414611,-374.844705,1277303,6728,909436,0
1742601140,bronze-class-deploy-12-84c9ffbd8c-fdwkx_default,bronze-controller-12,0.500000,0,average,1742601059,49174,324,32455,false,0.415898,-370.997756,1280342,7123,916713,0
1742601143,bronze-class-deploy-49-6679588cdc-hvtc8_default,bronze-controller-49,0.500000,0,average,1742601096,15054,263,32516,false,0.415622,-371.684661,1279072,7163,914798,0
1742601147,bronze-class-deploy-40-79cf7d59cd-xtrqx_default,bronze-controller-40,0.500000,0,average,1742601067,46875,283,33596,false,0.417176,-365.763587,1279558,6537,920566,0
1742601150,bronze-class-deploy-54-8465ff778f-c8f4r_default,bronze-controller-54,0.500000,0,average,1742601073,43694,264,33575,false,0.416609,-368.185794,1280022,6965,919059,0
1742601153,bronze-class-deploy-17-dd67c9dc4-h5fbg_default,bronze-controller-17,0.500000,0,average,1742601065,54514,284,33556,false,0.416881,-368.203720,1283286,7407,922736,0
1742601156,bronze-class-deploy-9-6f75c4867-hpjmw_default,bronze-controller-9,0.500000,0,average,1742601079,43334,261,33558,false,0.416963,-369.091540,1288061,6852,926067,0
1742601158,bronze-class-deploy-26-7f9d9f4558-ql97g_default,bronze-controller-26,0.500000,0,average,1742601076,49154,283,33357,false,0.416920,-369.179400,1287495,7147,925710,0
1742601161,bronze-class-deploy-59-77b6864776-78n9l_default,bronze-controller-59,0.500000,0,average,1742601091,39794,182,31017,false,0.417084,-367.395943,1283202,7315,923382,0
1742601165,bronze-class-deploy-37-758bc7cf96-df66b_default,bronze-controller-37,0.500000,0,average,1742601082,45977,281,36835,false,0.418318,-363.595353,1286595,7104,930367,0
1742601165,bronze-class-deploy-7-6fc7b776fc-r4wg5_default,bronze-controller-7,0.500000,0,average,1742601085,48535,283,31316,false,0.417353,-368.366914,1290753,6847,929478,0
1742601168,bronze-class-deploy-52-c4b45f447-n844h_default,bronze-controller-52,0.500000,0,average,1742601051,53954,263,62837,false,0.423318,-341.221024,1275018,7096,941147,0
1742601170,silver-class-deploy-43-5d9bf4b8d7-kbzg2_default,silver-controller-43,0.900000,0,average,1742601093,6734,181,70898,false,0.912883,28.347291,190005,3263,2025221,0
1742601173,silver-class-deploy-39-7db65c5cf6-bztnb_default,silver-controller-39,0.900000,0,average,1742600993,75554,242,104840,false,0.912547,27.648778,191549,2787,2027847,0
1742601176,bronze-class-deploy-23-654ffb5cc5-sx29t_default,bronze-controller-23,0.500000,0,average,1742601101,43894,322,31397,false,0.417906,-367.778134,1296572,6482,935507,0
1742601176,bronze-class-deploy-62-598b487446-s27bg_default,bronze-controller-62,0.500000,0,average,1742601091,53494,424,31735,false,0.415736,-375.736608,1294336,7380,926244,0
1742601179,silver-class-deploy-27-7fd4cb7f5c-ft5kz_default,silver-controller-27,0.900000,0,average,1742600897,65814,281,216538,false,0.912999,28.721972,191908,1942,2034308,0
1742601182,bronze-class-deploy-3-775f4fbdd9-jzhvf_default,bronze-controller-3,0.500000,0,average,1742601088,60114,182,33757,false,0.415883,-377.782544,1304281,6552,933293,0
1742601184,silver-class-deploy-21-7bf557854c-skmkm_default,silver-controller-21,0.900000,0,average,1742600783,29455,261,372138,false,0.917499,38.890994,181663,2794,2051361,0
1742601188,bronze-class-deploy-1-7bfd84fb59-tpbrq_default,bronze-controller-1,0.500000,0,average,1742601107,46755,280,34379,false,0.418411,-367.579184,1302716,6546,941918,0
1742601191,bronze-class-deploy-30-56698788c5-2hg4g_default,bronze-controller-30,0.500000,0,average,1742601104,55414,323,31496,false,0.417366,-372.114412,1304302,6704,939132,0
1742601193,bronze-class-deploy-35-86448c4f4b-6f265_default,bronze-controller-35,0.500000,0,average,1742601110,52337,200,31437,false,0.417069,-373.606476,1305085,7113,938838,0
1742601196,bronze-class-deploy-60-bd9f5c94d-hwzz4_default,bronze-controller-60,0.500000,0,average,1742601099,60214,225,37354,false,0.417313,-372.573497,1304433,7404,939519,0
1742601199,bronze-class-deploy-5-d8d757dd7-6vm6s_default,bronze-controller-5,0.500000,0,average,1742601113,52554,264,33795,false,0.417442,-373.835216,1311373,6755,944526,0
1742601202,bronze-class-deploy-56-6455fc5c5f-wv8cj_default,bronze-controller-56,0.500000,0,average,1742601116,52375,183,33875,false,0.416781,-375.766748,1309661,6280,940399,0
1742601205,bronze-class-deploy-63-7d44d578c5-n76w6_default,bronze-controller-63,0.500000,0,average,1742601119,54815,183,31256,false,0.415942,-379.542135,1309887,7788,938393,0
1742601208,bronze-class-deploy-45-79d9bb8755-6mx8g_default,bronze-controller-45,0.500000,0,average,1742601138,33115,260,36698,false,0.417993,-371.503597,1310419,6989,946154,0
1742601210,bronze-class-deploy-28-946b5bff6-692mv_default,bronze-controller-28,0.500000,0,average,1742601121,56154,262,33417,false,0.416714,-377.884151,1315875,6521,944753,0
1742601213,silver-class-deploy-39-7db65c5cf6-fs6rz_default,silver-controller-39,0.900000,0,average,1742601173,974,324,39376,false,0.913545,30.410481,192524,3111,2067223,0
1742601216,bronze-class-deploy-49-6679588cdc-gmj8v_default,bronze-controller-49,0.500000,0,average,1742601143,42834,22,30717,false,0.415688,-383.797253,1321907,7185,945535,0
1742601219,silver-class-deploy-24-74886c7d7d-hfffb_default,silver-controller-24,0.900000,0,average,1742601130,11394,264,77656,false,0.912707,28.595453,195425,2694,2071487,0
1742601222,bronze-class-deploy-40-79cf7d59cd-j6dds_default,bronze-controller-40,0.500000,0,average,1742601147,44535,182,30376,false,0.416764,-380.083436,1324094,6720,950962,0
1742601224,bronze-class-deploy-12-84c9ffbd8c-562jb_default,bronze-controller-12,0.500000,0,average,1742601140,48714,263,35956,false,0.416179,-383.999486,1329056,7386,952690,0
1742601227,bronze-class-deploy-54-8465ff778f-64zv4_default,bronze-controller-54,0.500000,0,average,1742601150,44274,283,33217,false,0.416971,-379.507201,1324296,7249,952297,0
1742601230,bronze-class-deploy-17-dd67c9dc4-qmkjb_default,bronze-controller-17,0.500000,0,average,1742601153,44094,263,33196,false,0.417263,-379.347062,1327381,7671,955952,0
1742601233,bronze-class-deploy-26-7f9d9f4558-dcfmz_default,bronze-controller-26,0.500000,0,average,1742601158,44735,262,30417,false,0.416479,-383.740967,1332230,7409,956146,0
1742601236,silver-class-deploy-27-7fd4cb7f5c-6942g_default,silver-controller-27,0.900000,0,average,1742601179,6594,283,50516,false,0.912175,27.578598,198502,2226,2084825,0
1742601236,bronze-class-deploy-9-6f75c4867-xnrjm_default,bronze-controller-9,0.500000,0,average,1742601156,43914,264,36255,false,0.418144,-377.015358,1331976,7117,962323,0
1742601239,bronze-class-deploy-59-77b6864776-mk4lj_default,bronze-controller-59,0.500000,0,average,1742601161,44554,261,33399,false,0.417423,-378.812637,1327757,7576,956782,0
1742601242,bronze-class-deploy-7-6fc7b776fc-gb6vv_default,bronze-controller-7,0.500000,0,average,1742601165,43414,183,33556,false,0.417947,-378.386096,1334167,7030,963054,0
1742601244,bronze-class-deploy-62-598b487446-sz5j7_default,bronze-controller-62,0.500000,0,average,1742601176,38054,282,30417,false,0.416535,-383.656091,1332391,7662,956661,0
1742601247,silver-class-deploy-19-7cc4c5b78-428gk_default,silver-controller-19,0.900000,0,average,1742600169,35295,243,1043136,false,0.947193,108.075106,120575,569,2172959,0
1742601250,bronze-class-deploy-37-758bc7cf96-772tj_default,bronze-controller-37,0.500000,0,average,1742601165,54614,283,30616,false,0.416086,-387.877164,1341209,7388,960984,0
1742601253,bronze-class-deploy-3-775f4fbdd9-d92dn_default,bronze-controller-3,0.500000,0,average,1742601181,41434,264,30616,false,0.416121,-388.846231,1345715,6816,963929,0
1742601256,bronze-class-deploy-33-68477d8f4d-v2bx5_default,bronze-controller-33,0.500000,0,average,1742601124,92875,202,39036,false,0.417884,-380.013155,1339330,6766,966324,0
1742601258,bronze-class-deploy-23-654ffb5cc5-vx9pq_default,bronze-controller-23,0.500000,0,average,1742601176,49255,261,33457,false,0.417381,-383.839820,1345828,6743,968964,0
1742601261,bronze-class-deploy-35-86448c4f4b-2zjnt_default,bronze-controller-35,0.500000,0,average,1742601193,37895,263,30638,false,0.417908,-381.127404,1342981,7377,969476,0
1742601264,bronze-class-deploy-30-56698788c5-xvqzt_default,bronze-controller-30,0.500000,0,average,1742601191,37074,289,36250,false,0.419744,-373.230416,1341377,6994,975382,0
1742601267,bronze-class-deploy-1-7bfd84fb59-4zfjv_default,bronze-controller-1,0.500000,0,average,1742601188,45755,183,33476,false,0.418517,-380.039943,1348472,6730,975394,0
1742601270,silver-class-deploy-47-5bf947bd4c-6tqd8_default,silver-controller-47,0.900000,0,average,1742600956,35374,321,278538,false,0.912289,28.232258,200387,2768,2113026,0
1742601273,bronze-class-deploy-60-bd9f5c94d-r5f49_default,bronze-controller-60,0.500000,0,average,1742601196,46455,183,30436,false,0.416570,-388.773270,1350888,7588,969956,0
1742601275,silver-class-deploy-27-7fd4cb7f5c-7sn7x_default,silver-controller-27,0.900000,0,average,1742601236,3634,281,35899,false,0.911995,27.642758,202137,2507,2120745,0
1742601278,bronze-class-deploy-5-d8d757dd7-zltbh_default,bronze-controller-5,0.500000,0,average,1742601199,46175,263,33196,false,0.417422,-387.078166,1357548,7018,977722,0
1742601278,bronze-class-deploy-63-7d44d578c5-xm7fx_default,bronze-controller-63,0.500000,0,average,1742601205,42995,263,30415,false,0.415844,-392.385068,1352883,8052,968809,0
1742601281,silver-class-deploy-18-5dd44b47c5-29jwt_default,silver-controller-18,0.900000,0,average,1742601071,23574,283,186756,false,0.911886,27.475726,203784,1579,2125298,0
1742601284,silver-class-deploy-46-6dfc7c9ccd-r7q6g_default,silver-controller-46,0.900000,0,average,1742601135,27494,283,121796,false,0.911771,27.204114,202827,2875,2125756,0
1742601284,bronze-class-deploy-52-c4b45f447-4k4kb_default,bronze-controller-52,0.500000,0,average,1742601167,83815,263,33616,false,0.416400,-391.663556,1358833,7359,974783,0
1742601287,bronze-class-deploy-56-6455fc5c5f-7lj88_default,bronze-controller-56,0.500000,0,average,1742601202,51634,264,33715,false,0.415941,-393.951309,1361295,6544,974114,0
1742601290,bronze-class-deploy-49-6679588cdc-4xmz7_default,bronze-controller-49,0.500000,0,average,1742601216,43275,262,30755,false,0.415634,-396.580753,1365182,7448,976290,0
1742601292,bronze-class-deploy-28-946b5bff6-ccpkn_default,bronze-controller-28,0.500000,0,average,1742601210,46455,262,36156,false,0.417409,-388.425585,1362330,6783,980931,0
1742601296,bronze-class-deploy-45-79d9bb8755-7ncq6_default,bronze-controller-45,0.500000,0,average,1742601207,55095,261,33698,false,0.416495,-393.162109,1365514,7250,979853,0
1742601298,bronze-class-deploy-12-84c9ffbd8c-jw4ln_default,bronze-controller-12,0.500000,0,average,1742601224,40914,283,33655,false,0.417243,-391.522789,1369971,7670,986366,0
1742601301,bronze-class-deploy-40-79cf7d59cd-5j8rx_default,bronze-controller-40,0.500000,0,average,1742601222,45735,263,33676,false,0.416968,-392.386767,1369829,6983,984659,0
1742601304,bronze-class-deploy-54-8465ff778f-wkd48_default,bronze-controller-54,0.500000,0,average,1742601227,43555,263,33676,false,0.417549,-389.649559,1367852,7512,985974,0
1742601307,bronze-class-deploy-17-dd67c9dc4-4jxzl_default,bronze-controller-17,0.500000,0,average,1742601230,45995,202,31136,false,0.416790,-394.387682,1373376,7873,987108,0
1742601310,bronze-class-deploy-26-7f9d9f4558-wskqj_default,bronze-controller-26,0.500000,0,average,1742601233,40375,181,36578,false,0.418356,-387.716194,1372605,7590,992725,0
1742601312,bronze-class-deploy-59-77b6864776-9v6lb_default,bronze-controller-59,0.500000,0,average,1742601239,42875,183,30916,false,0.417439,-390.952271,1370632,7759,987698,0
1742601315,silver-class-deploy-18-5dd44b47c5-b8vj5_default,silver-controller-18,0.900000,0,average,1742601281,1034,283,33457,false,0.912624,29.628106,204819,1863,2158756,0
1742601318,bronze-class-deploy-62-598b487446-vbbkl_default,bronze-controller-62,0.500000,0,average,1742601244,43935,261,30318,false,0.416236,-397.513345,1376326,7923,987001,0
1742601321,silver-class-deploy-46-6dfc7c9ccd-t8w8b_default,silver-controller-46,0.900000,0,average,1742601284,1115,261,35878,false,0.912578,29.553237,203942,3136,2161655,0
1742601323,bronze-class-deploy-9-6f75c4867-cdwn4_default,bronze-controller-9,0.500000,0,average,1742601236,57274,223,30137,false,0.415420,-404.375199,1389250,7340,992461,0
1742601326,bronze-class-deploy-37-758bc7cf96-qkzfv_default,bronze-controller-37,0.500000,0,average,1742601250,43474,321,32458,false,0.416392,-399.217553,1384684,7709,993442,0
1742601329,bronze-class-deploy-7-6fc7b776fc-j4mrb_default,bronze-controller-7,0.500000,0,average,1742601242,54355,261,32517,false,0.416316,-400.485343,1388522,7291,995572,0
1742601333,bronze-class-deploy-3-775f4fbdd9-zhbl6_default,bronze-controller-3,0.500000,0,average,1742601253,46174,261,33658,false,0.416264,-401.604706,1391890,7078,997608,0
1742601335,bronze-class-deploy-33-68477d8f4d-d2djn_default,bronze-controller-33,0.500000,0,average,1742601256,48814,263,30856,false,0.416825,-398.214702,1388145,7029,997202,0
1742601338,bronze-class-deploy-23-654ffb5cc5-wzn2s_default,bronze-controller-23,0.500000,0,average,1742601258,43994,283,36457,false,0.418534,-391.642591,1389822,7027,1005441,0
1742601341,bronze-class-deploy-60-bd9f5c94d-f797h_default,bronze-controller-60,0.500000,0,average,1742601272,38455,262,30855,false,0.417352,-396.636242,1389344,7851,1000812,0
1742601344,bronze-class-deploy-35-86448c4f4b-5mdbq_default,bronze-controller-35,0.500000,0,average,1742601261,46634,263,36496,false,0.418592,-391.529981,1389615,7641,1005973,0
1742601347,bronze-class-deploy-63-7d44d578c5-xxvrv_default,bronze-controller-63,0.500000,0,average,1742601278,35274,263,33596,false,0.417864,-394.327041,1388157,8315,1002406,0
1742601349,bronze-class-deploy-1-7bfd84fb59-7zxrk_default,bronze-controller-1,0.500000,0,average,1742601267,49094,184,33636,false,0.418081,-395.660906,1397566,6914,1009050,0
1742601352,bronze-class-deploy-30-56698788c5-2b92q_default,bronze-controller-30,0.500000,0,average,1742601264,54835,263,33675,false,0.418258,-394.653806,1396212,7257,1009058,0
1742601355,silver-class-deploy-27-7fd4cb7f5c-zgstt_default,silver-controller-27,0.900000,0,average,1742601275,1154,161,79558,false,0.914406,34.421866,203292,2669,2200303,0
1742601355,silver-class-deploy-47-5bf947bd4c-r4rtp_default,silver-controller-47,0.900000,0,average,1742601270,9094,264,76556,false,0.911530,27.464148,209482,3032,2189602,0
1742601358,silver-class-deploy-21-7bf557854c-cgwnn_default,silver-controller-21,0.900000,0,average,1742601184,27155,261,147438,false,0.912110,28.959480,208818,3056,2198819,0
1742601361,bronze-class-deploy-52-c4b45f447-wv57w_default,bronze-controller-52,0.500000,0,average,1742601284,46234,321,31120,false,0.415904,-407.062153,1405068,7681,1005943,0
1742601364,bronze-class-deploy-5-d8d757dd7-x9z87_default,bronze-controller-5,0.500000,0,average,1742601278,55415,283,30856,false,0.415251,-411.921162,1412963,7301,1008579,0
1742601367,bronze-class-deploy-56-6455fc5c5f-rv8dc_default,bronze-controller-56,0.500000,0,average,1742601287,43534,323,36536,false,0.417224,-401.255851,1404830,6868,1010672,0
1742601370,bronze-class-deploy-45-79d9bb8755-csvg5_default,bronze-controller-45,0.500000,0,average,1742601295,44055,263,30836,false,0.416303,-406.644833,1409569,7514,1010689,0
1742601373,bronze-class-deploy-49-6679588cdc-wcznj_default,bronze-controller-49,0.500000,0,average,1742601290,46234,283,36496,false,0.416458,-406.583089,1411417,7732,1012808,0
1742601375,bronze-class-deploy-28-946b5bff6-fh7lv_default,bronze-controller-28,0.500000,0,average,1742601292,49875,283,33618,false,0.416859,-404.947629,1412206,7066,1014568,0
1742601378,bronze-class-deploy-12-84c9ffbd8c-8vc2w_default,bronze-controller-12,0.500000,0,average,1742601298,46695,182,33836,false,0.417313,-404.541328,1416666,7853,1020224,0
1742601381,bronze-class-deploy-40-79cf7d59cd-w6csr_default,bronze-controller-40,0.500000,0,average,1742601301,46434,263,34076,false,0.417135,-404.989911,1416264,7247,1018755,0
1742601381,bronze-class-deploy-17-dd67c9dc4-5g4gn_default,bronze-controller-17,0.500000,0,average,1742601307,43254,263,31296,false,0.416837,-406.609851,1416631,8137,1018405,0
1742601384,bronze-class-deploy-54-8465ff778f-qsb7r_default,bronze-controller-54,0.500000,0,average,1742601304,49114,182,31437,false,0.416622,-407.488006,1416967,7695,1017431,0
1742601387,silver-class-deploy-24-74886c7d7d-lcjdl_default,silver-controller-24,0.900000,0,average,1742601219,17855,103,150616,false,0.911377,27.506071,213280,2798,2222103,0
1742601390,bronze-class-deploy-62-598b487446-k9wb4_default,bronze-controller-62,0.500000,0,average,1742601318,41275,263,30936,false,0.416556,-408.095311,1417602,8186,1017957,0
1742601390,silver-class-deploy-47-5bf947bd4c-2xttn_default,silver-controller-47,0.900000,0,average,1742601355,1375,262,33876,false,0.912148,29.377403,210857,3295,2223499,0
1742601393,bronze-class-deploy-9-6f75c4867-7vtm7_default,bronze-controller-9,0.500000,0,average,1742601323,39075,262,31078,false,0.416168,-412.613384,1428326,7603,1023561,0
1742601396,silver-class-deploy-46-6dfc7c9ccd-g6wgd_default,silver-controller-46,0.900000,0,average,1742601321,8994,262,65977,false,0.911482,27.819324,212936,3399,2227652,0
1742601399,bronze-class-deploy-26-7f9d9f4558-rzjps_default,bronze-controller-26,0.500000,0,average,1742601310,57755,183,31156,false,0.415876,-414.476661,1430361,7774,1023901,0
1742601401,bronze-class-deploy-59-77b6864776-l2zgr_default,bronze-controller-59,0.500000,0,average,1742601312,52895,282,36716,false,0.417110,-407.413922,1423527,8042,1024415,0
1742601404,silver-class-deploy-39-7db65c5cf6-ttfnx_default,silver-controller-39,0.900000,0,average,1742601213,20914,161,170638,false,0.911711,28.511107,213439,3273,2237862,0
1742601407,bronze-class-deploy-7-6fc7b776fc-4v58d_default,bronze-controller-7,0.500000,0,average,1742601329,44394,261,33898,false,0.416804,-411.223365,1432917,7553,1029491,0
1742601410,bronze-class-deploy-3-775f4fbdd9-699zg_default,bronze-controller-3,0.500000,0,average,1742601333,46055,181,31118,false,0.415831,-416.701225,1437946,7259,1028746,0
1742601413,silver-class-deploy-18-5dd44b47c5-7hxmp_default,silver-controller-18,0.900000,0,average,1742601315,11695,263,86516,false,0.911263,27.515941,216514,2126,2245292,0
1742601413,bronze-class-deploy-37-758bc7cf96-r4zwq_default,bronze-controller-37,0.500000,0,average,1742601326,50194,262,37057,false,0.416646,-412.595173,1434878,7972,1030521,0
1742601416,bronze-class-deploy-33-68477d8f4d-m9zkd_default,bronze-controller-33,0.500000,0,average,1742601335,47235,261,33918,false,0.416818,-411.793627,1435380,7290,1031120,0
1742601419,bronze-class-deploy-23-654ffb5cc5-8j7rj_default,bronze-controller-23,0.500000,0,average,1742601338,49755,180,31298,false,0.417452,-410.258297,1439578,7207,1036760,0
1742601422,bronze-class-deploy-5-d8d757dd7-wcdqr_default,bronze-controller-5,0.500000,0,average,1742601364,26935,282,30837,false,0.417961,-408.283575,1439899,7583,1039436,0
1742601424,bronze-class-deploy-35-86448c4f4b-625xs_default,bronze-controller-35,0.500000,0,average,1742601344,49754,283,30636,false,0.417331,-410.932829,1439370,7924,1036609,0
1742601427,bronze-class-deploy-63-7d44d578c5-722lx_default,bronze-controller-63,0.500000,0,average,1742601347,49574,264,30915,false,0.416724,-413.250356,1437732,8580,1033322,0
1742601430,bronze-class-deploy-60-bd9f5c94d-pmrrh_default,bronze-controller-60,0.500000,0,average,1742601341,44054,262,45277,false,0.420521,-395.675515,1433398,8113,1046090,0
1742601433,silver-class-deploy-24-74886c7d7d-4jtdd_default,silver-controller-24,0.900000,0,average,1742601387,914,243,45575,false,0.912577,31.019817,214195,3042,2267679,0
1742601433,bronze-class-deploy-1-7bfd84fb59-7xnjk_default,bronze-controller-1,0.500000,0,average,1742601349,50394,263,34116,false,0.417554,-412.183542,1447961,7177,1043187,0
1742601436,bronze-class-deploy-52-c4b45f447-v2klm_default,bronze-controller-52,0.500000,0,average,1742601361,41214,263,34215,false,0.417004,-414.307010,1446283,7944,1040177,0
1742601439,bronze-class-deploy-45-79d9bb8755-hf7k5_default,bronze-controller-45,0.500000,0,average,1742601370,37894,261,31378,false,0.417281,-413.403297,1447464,7775,1042088,0
1742601442,bronze-class-deploy-30-56698788c5-qd2tw_default,bronze-controller-30,0.500000,0,average,1742601352,53034,264,37036,false,0.417959,-410.916979,1449247,7521,1046094,0
1742601445,silver-class-deploy-27-7fd4cb7f5c-4fm6v_default,silver-controller-27,0.900000,0,average,1742601355,15495,264,74415,false,0.911185,27.678386,218787,2933,2274719,0
1742601448,silver-class-deploy-43-5d9bf4b8d7-tbq59_default,silver-controller-43,0.900000,0,average,1742601170,12454,221,265598,false,0.917515,43.499181,202460,3484,2290819,0
1742601448,bronze-class-deploy-56-6455fc5c5f-m2q89_default,bronze-controller-56,0.500000,0,average,1742601367,47055,123,34135,false,0.417313,-414.275436,1451885,6992,1044828,0
1742601451,bronze-class-deploy-28-946b5bff6-vphdz_default,bronze-controller-28,0.500000,0,average,1742601375,44655,261,31298,false,0.416675,-418.548412,1456861,7328,1045885,0
1742601453,silver-class-deploy-18-5dd44b47c5-c7fwl_default,silver-controller-18,0.900000,0,average,1742601413,3715,262,36996,false,0.911127,27.632912,220229,2389,2282289,0
1742601456,bronze-class-deploy-49-6679588cdc-pl9qk_default,bronze-controller-49,0.500000,0,average,1742601372,53074,223,31516,false,0.414946,-428.364338,1464491,7956,1044324,0
1742601459,bronze-class-deploy-17-dd67c9dc4-5jvc8_default,bronze-controller-17,0.500000,0,average,1742601381,47075,283,31356,false,0.416260,-422.613991,1463706,8421,1049761,0
1742601462,bronze-class-deploy-12-84c9ffbd8c-v2jvb_default,bronze-controller-12,0.500000,0,average,1742601378,47275,243,37015,false,0.418001,-415.043706,1463942,8096,1057240,0
1742601465,bronze-class-deploy-40-79cf7d59cd-xr24x_default,bronze-controller-40,0.500000,0,average,1742601381,49935,184,34234,false,0.416758,-420.872721,1466199,7431,1052990,0
1742601468,bronze-class-deploy-54-8465ff778f-qcbsb_default,bronze-controller-54,0.500000,0,average,1742601384,50194,283,33977,false,0.416149,-423.970081,1467161,7979,1051428,0
1742601468,bronze-class-deploy-9-6f75c4867-xnzsf_default,bronze-controller-9,0.500000,0,average,1742601393,44015,263,31215,false,0.416092,-425.658410,1472341,7866,1054795,0
1742601471,silver-class-deploy-39-7db65c5cf6-tkn4h_default,silver-controller-39,0.900000,0,average,1742601404,6834,323,60196,false,0.911231,28.084653,220273,3596,2298079,0
1742601474,bronze-class-deploy-62-598b487446-b6jgb_default,bronze-controller-62,0.500000,0,average,1742601390,49834,263,34037,false,0.416157,-424.155948,1467436,8450,1051994,0
1742601476,bronze-class-deploy-3-775f4fbdd9-w2rsq_default,bronze-controller-3,0.500000,0,average,1742601410,35514,182,31278,false,0.417185,-421.097728,1473460,7441,1060044,0
1742601479,bronze-class-deploy-59-77b6864776-n9h4n_default,bronze-controller-59,0.500000,0,average,1742601401,47734,263,30815,false,0.416303,-424.575811,1471262,8306,1055252,0
1742601482,bronze-class-deploy-45-79d9bb8755-mbrgl_default,bronze-controller-45,0.500000,0,average,1742601439,41155,283,2035,false,0.410942,-452.807268,1488620,8059,1044124,0
1742601485,bronze-class-deploy-7-6fc7b776fc-j4h7l_default,bronze-controller-7,0.500000,0,average,1742601407,44555,200,33418,false,0.417132,-422.559591,1477472,7754,1062910,0
1742601487,bronze-class-deploy-26-7f9d9f4558-nmpg9_default,bronze-controller-26,0.500000,0,average,1742601398,44655,282,45037,false,0.418861,-414.377909,1475016,8056,1068939,0
1742601490,bronze-class-deploy-33-68477d8f4d-457d4_default,bronze-controller-33,0.500000,0,average,1742601416,41195,283,33336,false,0.417662,-419.937190,1476575,7574,1064456,0
1742601493,bronze-class-deploy-37-758bc7cf96-xq7mz_default,bronze-controller-37,0.500000,0,average,1742601413,47015,261,33358,false,0.416553,-426.513338,1481893,8233,1063879,0
1742601496,bronze-class-deploy-23-654ffb5cc5-kjfdf_default,bronze-controller-23,0.500000,0,average,1742601419,43834,261,33338,false,0.417847,-421.016688,1483412,7469,1070098,0
1742601499,bronze-class-deploy-5-d8d757dd7-s4wgz_default,bronze-controller-5,0.500000,0,average,1742601421,44694,184,33316,false,0.418209,-419.844381,1484593,7768,1072753,0
1742601501,bronze-class-deploy-35-86448c4f4b-q9s9b_default,bronze-controller-35,0.500000,0,average,1742601424,44915,183,32895,false,0.417471,-423.113333,1484285,8108,1069526,0
1742601504,bronze-class-deploy-63-7d44d578c5-8szcv_default,bronze-controller-63,0.500000,0,average,1742601427,44655,264,32916,false,0.416916,-425.231346,1482387,8844,1066260,0
1742601507,bronze-class-deploy-1-7bfd84fb59-kcmrk_default,bronze-controller-1,0.500000,0,average,1742601433,41474,264,32875,false,0.418223,-421.048044,1489436,7442,1076063,0
1742601510,bronze-class-deploy-52-c4b45f447-c7xld_default,bronze-controller-52,0.500000,0,average,1742601436,41295,262,32896,false,0.417728,-422.948378,1487578,8207,1073094,0
1742601513,silver-class-deploy-18-5dd44b47c5-m7tpx_default,silver-controller-18,0.900000,0,average,1742601453,1375,183,58736,false,0.912609,32.111348,221604,2572,2341046,0
1742601516,silver-class-deploy-19-7cc4c5b78-q94cb_default,silver-controller-19,0.900000,0,average,1742601247,106275,283,162555,false,0.911165,28.406408,226850,853,2335534,0
1742601518,silver-class-deploy-32-84b675c847-gvgpl_default,silver-controller-32,0.900000,0,average,1742601133,17854,264,367815,false,0.919646,50.232392,202864,3570,2362614,0
1742601521,bronze-class-deploy-49-6679588cdc-29rb4_default,bronze-controller-49,0.500000,0,average,1742601456,32295,283,33176,false,0.417228,-427.766868,1496786,8239,1077501,0
1742601524,bronze-class-deploy-45-79d9bb8755-dsdnv_default,bronze-controller-45,0.500000,0,average,1742601482,9115,263,33176,false,0.417020,-428.988842,1497735,8322,1077320,0
1742601527,bronze-class-deploy-30-56698788c5-2f9xt_default,bronze-controller-30,0.500000,0,average,1742601442,51934,263,33096,false,0.416977,-429.999935,1501182,7785,1079211,0
1742601530,bronze-class-deploy-28-946b5bff6-rgq76_default,bronze-controller-28,0.500000,0,average,1742601451,45755,181,33198,false,0.416766,-431.264269,1502616,7509,1079103,0
1742601533,silver-class-deploy-24-74886c7d7d-w74g8_default,silver-controller-24,0.900000,0,average,1742601433,12675,283,87275,false,0.910954,28.080867,226871,3325,2354955,0
1742601533,bronze-class-deploy-56-6455fc5c5f-m4rtk_default,bronze-controller-56,0.500000,0,average,1742601448,51495,284,33495,false,0.416505,-432.561099,1503380,7276,1078323,0
1742601536,bronze-class-deploy-60-bd9f5c94d-28gcs_default,bronze-controller-60,0.500000,0,average,1742601430,72314,261,33598,false,0.416261,-434.653108,1505713,8374,1079689,0
1742601539,bronze-class-deploy-17-dd67c9dc4-xfsfp_default,bronze-controller-17,0.500000,0,average,1742601459,46134,281,33938,false,0.416448,-435.092645,1509840,8702,1083699,0
1742601539,bronze-class-deploy-9-6f75c4867-c6b6w_default,bronze-controller-9,0.500000,0,average,1742601468,39955,261,31177,false,0.416657,-434.697834,1512296,8127,1085973,0
1742601542,bronze-class-deploy-54-8465ff778f-dzpxz_default,bronze-controller-54,0.500000,0,average,1742601468,42775,283,31276,false,0.416280,-435.752660,1509936,8262,1082705,0
1742601545,bronze-class-deploy-40-79cf7d59cd-7kftn_default,bronze-controller-40,0.500000,0,average,1742601465,48594,261,31298,false,0.415950,-438.430548,1514794,7692,1084289,0
1742601548,silver-class-deploy-64-99f5f94fd-pdhw5_default,silver-controller-64,0.900000,0,average,1742601071,20554,263,456395,false,0.921224,54.734944,200831,3256,2386647,0
1742601548,silver-class-deploy-57-6d6dd8c696-5r8m2_default,silver-controller-57,0.900000,0,average,1742601127,18194,323,402735,false,0.920082,51.707778,204395,2465,2381572,0
1742601551,bronze-class-deploy-62-598b487446-wkwr9_default,bronze-controller-62,0.500000,0,average,1742601474,45234,263,31696,false,0.415997,-437.937992,1512671,8713,1083711,0
1742601553,bronze-class-deploy-59-77b6864776-jwpsp_default,bronze-controller-59,0.500000,0,average,1742601479,43055,260,31618,false,0.416465,-436.273431,1514318,8566,1086871,0
1742601556,bronze-class-deploy-12-84c9ffbd8c-5dzbc_default,bronze-controller-12,0.500000,0,average,1742601462,54415,262,40116,false,0.418188,-429.605828,1518357,8359,1097357,0
1742601559,bronze-class-deploy-7-6fc7b776fc-k6x9m_default,bronze-controller-7,0.500000,0,average,1742601485,42615,260,31698,false,0.417358,-433.737184,1520087,8015,1094609,0
1742601562,bronze-class-deploy-37-758bc7cf96-ss8hm_default,bronze-controller-37,0.500000,0,average,1742601493,37474,183,31836,false,0.417654,-432.332097,1519368,8417,1095716,0
1742601565,bronze-class-deploy-3-775f4fbdd9-jxmpl_default,bronze-controller-3,0.500000,0,average,1742601476,48874,203,40216,false,0.418316,-429.938484,1522335,7644,1100280,0
1742601568,bronze-class-deploy-26-7f9d9f4558-fwnwr_default,bronze-controller-26,0.500000,0,average,1742601487,49554,183,31396,false,0.417883,-432.698153,1524571,8240,1100355,0
1742601570,bronze-class-deploy-23-654ffb5cc5-7ttmh_default,bronze-controller-23,0.500000,0,average,1742601496,43814,262,30796,false,0.417666,-434.278001,1527227,7732,1100916,0
1742601573,bronze-class-deploy-33-68477d8f4d-gvmct_default,bronze-controller-33,0.500000,0,average,1742601490,43695,262,39736,false,0.419478,-424.159427,1520270,7837,1104193,0
1742601576,bronze-class-deploy-35-86448c4f4b-gkn8s_default,bronze-controller-35,0.500000,0,average,1742601501,41635,263,33616,false,0.418268,-431.375659,1525920,8371,1103162,0
1742601579,bronze-class-deploy-63-7d44d578c5-g6bj4_default,bronze-controller-63,0.500000,0,average,1742601504,41495,182,33616,false,0.417762,-433.290026,1523882,9026,1099877,0
1742601582,bronze-class-deploy-5-d8d757dd7-9ctpp_default,bronze-controller-5,0.500000,0,average,1742601499,49674,263,33176,false,0.417611,-436.606930,1534268,8031,1105929,0
1742601584,bronze-class-deploy-1-7bfd84fb59-8xqzg_default,bronze-controller-1,0.500000,0,average,1742601507,44534,201,33178,false,0.418451,-432.585733,1533970,7644,1109261,0
1742601587,silver-class-deploy-47-5bf947bd4c-q6w8f_default,silver-controller-47,0.900000,0,average,1742601390,20674,181,176818,false,0.910824,28.292413,231532,3476,2400317,0
1742601590,bronze-class-deploy-49-6679588cdc-tgmbv_default,bronze-controller-49,0.500000,0,average,1742601521,36174,263,33136,false,0.418777,-431.068549,1532961,8502,1110638,0
1742601593,bronze-class-deploy-52-c4b45f447-wz5lf_default,bronze-controller-52,0.500000,0,average,1742601510,49975,281,33138,false,0.417093,-440.047390,1537553,8488,1106252,0
1742601596,bronze-class-deploy-30-56698788c5-llt7j_default,bronze-controller-30,0.500000,0,average,1742601527,38615,263,30335,false,0.417536,-438.523940,1539797,8049,1109566,0
1742601599,bronze-class-deploy-28-946b5bff6-7b4sq_default,bronze-controller-28,0.500000,0,average,1742601530,38435,183,30736,false,0.417455,-439.144291,1541051,7693,1109840,0
1742601599,bronze-class-deploy-45-79d9bb8755-j5std_default,bronze-controller-45,0.500000,0,average,1742601524,38794,264,36335,false,0.418866,-431.692256,1536530,8586,1113676,0
1742601602,silver-class-deploy-21-7bf557854c-pp77z_default,silver-controller-21,0.900000,0,average,1742601358,21214,243,223195,false,0.912128,31.967709,230032,3300,2422035,0
1742601602,silver-class-deploy-51-7f7f588b74-ssvff_default,silver-controller-51,0.900000,0,average,1742601062,26614,163,513916,false,0.922161,58.388034,203431,2554,2440304,0
1742601605,bronze-class-deploy-60-bd9f5c94d-b58zm_default,bronze-controller-60,0.500000,0,average,1742601536,37994,261,31358,false,0.417160,-441.530524,1543708,8636,1111068,0
1742601608,bronze-class-deploy-56-6455fc5c5f-kw8vl_default,bronze-controller-56,0.500000,0,average,1742601533,38175,263,37015,false,0.418603,-433.984748,1541555,7540,1115339,0
1742601611,bronze-class-deploy-9-6f75c4867-r7qqc_default,bronze-controller-9,0.500000,0,average,1742601539,40635,262,31336,false,0.417120,-444.259543,1552932,8390,1117309,0
1742601613,bronze-class-deploy-54-8465ff778f-cpnsk_default,bronze-controller-54,0.500000,0,average,1742601542,40495,181,31318,false,0.416785,-445.108693,1550432,8444,1114023,0
1742601616,bronze-class-deploy-17-dd67c9dc4-rj4db_default,bronze-controller-17,0.500000,0,average,1742601539,37814,264,39716,false,0.419179,-433.455334,1547655,8967,1123416,0
1742601619,bronze-class-deploy-62-598b487446-9ljms_default,bronze-controller-62,0.500000,0,average,1742601551,37054,264,31336,false,0.417035,-443.920455,1549726,8977,1115047,0
1742601622,silver-class-deploy-39-7db65c5cf6-bcxkt_default,silver-controller-39,0.900000,0,average,1742601471,14475,283,136677,false,0.910739,28.467285,234748,3880,2434757,0
1742601625,bronze-class-deploy-59-77b6864776-d7n4b_default,bronze-controller-59,0.500000,0,average,1742601553,40694,283,31277,false,0.416911,-445.955509,1555012,8850,1118168,0
1742601628,bronze-class-deploy-40-79cf7d59cd-8hbxq_default,bronze-controller-40,0.500000,0,average,1742601545,45874,263,36896,false,0.416827,-447.673890,1560669,7956,1121186,0
1742601630,bronze-class-deploy-12-84c9ffbd8c-9g65g_default,bronze-controller-12,0.500000,0,average,1742601556,43814,263,30896,false,0.418019,-442.788262,1562172,8622,1128253,0
1742601633,bronze-class-deploy-7-6fc7b776fc-zfq99_default,bronze-controller-7,0.500000,0,average,1742601559,37554,183,36937,false,0.419501,-434.516073,1557642,8198,1131566,0
1742601636,bronze-class-deploy-37-758bc7cf96-svcs2_default,bronze-controller-37,0.500000,0,average,1742601562,41114,261,33160,false,0.418406,-440.547854,1560483,8678,1128876,0
1742601639,silver-class-deploy-43-5d9bf4b8d7-5pjgv_default,silver-controller-43,0.900000,0,average,1742601448,32395,243,158876,false,0.911250,30.011261,234855,3728,2449696,0
1742601639,bronze-class-deploy-3-775f4fbdd9-p6jph_default,bronze-controller-3,0.500000,0,average,1742601565,40934,263,33356,false,0.419123,-437.760451,1563270,7908,1133658,0
1742601642,bronze-class-deploy-23-654ffb5cc5-w8bwn_default,bronze-controller-23,0.500000,0,average,1742601570,41574,202,30718,false,0.417829,-445.335029,1568802,7934,1131634,0
1742601645,bronze-class-deploy-26-7f9d9f4558-6fvlx_default,bronze-controller-26,0.500000,0,average,1742601568,40755,263,36376,false,0.419371,-437.340809,1565326,8503,1136732,0
1742601648,bronze-class-deploy-35-86448c4f4b-xdpdc_default,bronze-controller-35,0.500000,0,average,1742601576,38315,282,33616,false,0.419527,-436.358330,1564235,8654,1136779,0
1742601650,bronze-class-deploy-5-d8d757dd7-6jkrt_default,bronze-controller-5,0.500000,0,average,1742601582,35134,262,33597,false,0.419376,-438.386480,1569403,8294,1139548,0
1742601653,bronze-class-deploy-63-7d44d578c5-k472k_default,bronze-controller-63,0.500000,0,average,1742601579,40994,203,33657,false,0.418647,-440.809638,1564877,9230,1133554,0
1742601656,silver-class-deploy-32-84b675c847-626fr_default,silver-controller-32,0.900000,0,average,1742601518,36275,262,102099,false,0.910266,27.556745,239139,3832,2464713,0
1742601659,bronze-class-deploy-1-7bfd84fb59-pqxmb_default,bronze-controller-1,0.500000,0,average,1742601584,41634,283,33697,false,0.419209,-440.788611,1575605,7927,1142978,0
1742601659,bronze-class-deploy-33-68477d8f4d-vvl2c_default,bronze-controller-33,0.500000,0,average,1742601573,55454,263,30936,false,0.417487,-448.941699,1575725,8101,1135130,0
1742601662,silver-class-deploy-24-74886c7d7d-nrp4p_default,silver-controller-24,0.900000,0,average,1742601533,12654,241,116798,false,0.910458,28.153545,239526,3567,2471753,0
1742601665,bronze-class-deploy-30-56698788c5-6fkxz_default,bronze-controller-30,0.500000,0,average,1742601596,38014,263,31095,false,0.418317,-445.707134,1577812,8313,1140663,0
1742601667,bronze-class-deploy-52-c4b45f447-jtnrp_default,bronze-controller-52,0.500000,0,average,1742601593,38274,201,36258,false,0.418958,-442.263470,1575828,8690,1142510,0
1742601670,bronze-class-deploy-49-6679588cdc-vckcb_default,bronze-controller-49,0.500000,0,average,1742601590,46874,204,33236,false,0.418631,-444.910061,1579836,8706,1143875,0
1742601673,silver-class-deploy-51-7f7f588b74-z8cpp_default,silver-controller-51,0.900000,0,average,1742601602,37975,263,32976,false,0.910129,27.270360,241406,2817,2473280,0
1742601676,bronze-class-deploy-60-bd9f5c94d-t7h7w_default,bronze-controller-60,0.500000,0,average,1742601605,37874,261,33817,false,0.418554,-445.829423,1581582,8898,1144906,0
1742601679,bronze-class-deploy-28-946b5bff6-xkl8l_default,bronze-controller-28,0.500000,0,average,1742601599,46694,284,33816,false,0.417488,-452.307685,1587746,7977,1143657,0
1742601682,bronze-class-deploy-9-6f75c4867-gdlb6_default,bronze-controller-9,0.500000,0,average,1742601611,37514,263,33816,false,0.418561,-448.201946,1590447,8654,1151146,0
1742601685,bronze-class-deploy-45-79d9bb8755-w6v65_default,bronze-controller-45,0.500000,0,average,1742601599,52334,284,33815,false,0.417995,-450.496912,1588864,8871,1147492,0
1742601688,bronze-class-deploy-54-8465ff778f-qf2jm_default,bronze-controller-54,0.500000,0,average,1742601613,41195,200,33859,false,0.417696,-452.624230,1591627,8644,1147902,0
1742601691,silver-class-deploy-32-84b675c847-l6ps8_default,silver-controller-32,0.900000,0,average,1742601656,975,321,33779,false,0.910941,29.763041,240114,4154,2498492,0
1742601693,bronze-class-deploy-62-598b487446-g6fnj_default,bronze-controller-62,0.500000,0,average,1742601619,41195,283,33376,false,0.417821,-452.022608,1590921,9261,1148424,0
1742601696,bronze-class-deploy-56-6455fc5c5f-wpkxv_default,bronze-controller-56,0.500000,0,average,1742601608,55015,201,33460,false,0.417273,-455.739949,1596571,7741,1148800,0
1742601699,silver-class-deploy-57-6d6dd8c696-6hdz9_default,silver-controller-57,0.900000,0,average,1742601548,37234,181,114118,false,0.910846,29.454203,241630,2647,2495690,0
1742601702,silver-class-deploy-19-7cc4c5b78-v24z8_default,silver-controller-19,0.900000,0,average,1742601516,14635,281,171358,false,0.911759,32.103572,241485,1134,2506893,0
1742601704,bronze-class-deploy-40-79cf7d59cd-gnfr8_default,bronze-controller-40,0.500000,0,average,1742601627,46854,261,30858,false,0.416233,-463.932347,1607524,8218,1152044,0
1742601707,bronze-class-deploy-17-dd67c9dc4-6m98g_default,bronze-controller-17,0.500000,0,average,1742601616,58394,321,32698,false,0.417155,-459.454303,1606049,9289,1156135,0
1742601710,bronze-class-deploy-59-77b6864776-tglrk_default,bronze-controller-59,0.500000,0,average,1742601625,52274,261,32760,false,0.415899,-465.731235,1607287,9112,1150929,0
1742601713,bronze-class-deploy-12-84c9ffbd8c-pts5v_default,bronze-controller-12,0.500000,0,average,1742601630,50094,262,33278,false,0.417414,-459.866599,1612266,8885,1161532,0
1742601716,bronze-class-deploy-37-758bc7cf96-8pfj7_default,bronze-controller-37,0.500000,0,average,1742601636,46915,283,32836,false,0.418172,-454.910488,1607398,8961,1161713,0
1742601718,bronze-class-deploy-23-654ffb5cc5-fpz64_default,bronze-controller-23,0.500000,0,average,1742601642,43734,264,32936,false,0.418113,-456.397676,1612536,8198,1164571,0
1742601721,bronze-class-deploy-7-6fc7b776fc-bvfbx_default,bronze-controller-7,0.500000,0,average,1742601633,55554,261,32698,false,0.417914,-457.613757,1613196,8460,1164285,0
1742601724,bronze-class-deploy-3-775f4fbdd9-ggcv5_default,bronze-controller-3,0.500000,0,average,1742601639,52374,263,32836,false,0.418052,-457.562825,1615644,8172,1166494,0
1742601727,bronze-class-deploy-26-7f9d9f4558-cq7jc_default,bronze-controller-26,0.500000,0,average,1742601645,49194,283,33196,false,0.418843,-453.623814,1614521,8787,1169928,0
1742601730,bronze-class-deploy-33-68477d8f4d-8j7zj_default,bronze-controller-33,0.500000,0,average,1742601659,38014,263,33676,false,0.418795,-453.523746,1613740,8364,1168827,0
1742601733,bronze-class-deploy-5-d8d757dd7-x2jnl_default,bronze-controller-5,0.500000,0,average,1742601650,49835,202,33517,false,0.418836,-454.885962,1619238,8497,1173086,0
1742601736,bronze-class-deploy-35-86448c4f4b-9kpzj_default,bronze-controller-35,0.500000,0,average,1742601648,54574,181,33938,false,0.418358,-457.173879,1618810,8836,1170718,0
1742601739,silver-class-deploy-51-7f7f588b74-c6bc7_default,silver-controller-51,0.900000,0,average,1742601673,1094,323,65116,false,0.911768,32.501559,242501,3141,2538416,0
1742601742,silver-class-deploy-24-74886c7d7d-9fh7k_default,silver-controller-24,0.900000,0,average,1742601662,8754,263,71316,false,0.909805,27.168778,248281,3830,2543089,0
1742601745,bronze-class-deploy-1-7bfd84fb59-flxsh_default,bronze-controller-1,0.500000,0,average,1742601659,51934,223,33996,false,0.418455,-458.949271,1627540,8151,1176975,0
1742601748,silver-class-deploy-47-5bf947bd4c-krrzx_default,silver-controller-47,0.900000,0,average,1742601587,13054,281,147698,false,0.911190,31.056379,244587,3757,2548016,0
1742601750,bronze-class-deploy-30-56698788c5-7mrwk_default,bronze-controller-30,0.500000,0,average,1742601665,51574,284,33996,false,0.417635,-463.570203,1629386,8597,1174659,0
1742601753,silver-class-deploy-18-5dd44b47c5-blbd9_default,silver-controller-18,0.900000,0,average,1742601513,23715,321,216617,false,0.911538,32.133103,245319,2893,2557664,0
1742601756,bronze-class-deploy-28-946b5bff6-nkj5j_default,bronze-controller-28,0.500000,0,average,1742601679,45895,263,31296,false,0.417118,-467.170316,1633641,8240,1174953,0
1742601759,bronze-class-deploy-49-6679588cdc-kk6vb_default,bronze-controller-49,0.500000,0,average,1742601670,51995,281,37078,false,0.418519,-460.088653,1631831,8988,1180973,0
1742601762,bronze-class-deploy-60-bd9f5c94d-bqplf_default,bronze-controller-60,0.500000,0,average,1742601676,52535,322,33356,false,0.417591,-465.312704,1634118,9221,1178283,0
1742601764,bronze-class-deploy-63-7d44d578c5-dv7xc_default,bronze-controller-63,0.500000,0,average,1742601653,80935,223,30836,false,0.412955,-491.130224,1645812,9453,1164391,0
1742601767,bronze-class-deploy-9-6f75c4867-4fvvz_default,bronze-controller-9,0.500000,0,average,1742601682,52135,323,33296,false,0.417649,-467.346655,1642582,8977,1184462,0
1742601770,bronze-class-deploy-45-79d9bb8755-hk49r_default,bronze-controller-45,0.500000,0,average,1742601685,52014,261,33237,false,0.417110,-469.535781,1640879,9132,1180730,0
1742601773,bronze-class-deploy-54-8465ff778f-9drbk_default,bronze-controller-54,0.500000,0,average,1742601688,51835,263,33235,false,0.416846,-471.486955,1643462,8907,1181138,0
1742601776,silver-class-deploy-24-74886c7d7d-x5hcp_default,silver-controller-24,0.900000,0,average,1742601742,734,182,33398,false,0.910576,29.688929,249015,4012,2576508,0
1742601776,bronze-class-deploy-52-c4b45f447-mncbn_default,bronze-controller-52,0.500000,0,average,1742601667,61295,263,47796,false,0.419661,-456.005681,1637123,8954,1190327,0
1742601779,bronze-class-deploy-56-6455fc5c5f-9fs6v_default,bronze-controller-56,0.500000,0,average,1742601696,49554,263,33476,false,0.416830,-472.044109,1646125,8004,1182315,0
1742601782,bronze-class-deploy-40-79cf7d59cd-2ptzt_default,bronze-controller-40,0.500000,0,average,1742601704,44414,183,33596,false,0.416602,-474.931951,1651938,8401,1185642,0
1742601784,bronze-class-deploy-59-77b6864776-zfdjc_default,bronze-controller-59,0.500000,0,average,1742601710,44055,262,30677,false,0.415722,-479.354258,1651342,9375,1181624,0
1742601787,silver-class-deploy-57-6d6dd8c696-5zjw6_default,silver-controller-57,0.900000,0,average,1742601699,8794,264,79775,false,0.910444,29.278270,250425,2911,2575465,0
1742601790,bronze-class-deploy-62-598b487446-589fw_default,bronze-controller-62,0.500000,0,average,1742601693,63874,263,33456,false,0.415253,-482.684205,1654795,9524,1181901,0
1742601793,bronze-class-deploy-12-84c9ffbd8c-cwlxd_default,bronze-controller-12,0.500000,0,average,1742601713,49515,260,30558,false,0.416375,-479.084260,1661782,9145,1192090,0
1742601796,bronze-class-deploy-17-dd67c9dc4-xs7xn_default,bronze-controller-17,0.500000,0,average,1742601707,52695,283,36156,false,0.416800,-476.258231,1658745,9572,1192311,0
1742601799,bronze-class-deploy-37-758bc7cf96-2lnzl_default,bronze-controller-37,0.500000,0,average,1742601715,50334,184,33515,false,0.417609,-471.891169,1657733,9146,1195249,0
1742601801,bronze-class-deploy-7-6fc7b776fc-75fvf_default,bronze-controller-7,0.500000,0,average,1742601721,49814,260,30819,false,0.416876,-476.850622,1663011,8721,1195124,0
1742601804,bronze-class-deploy-23-654ffb5cc5-vdjvn_default,bronze-controller-23,0.500000,0,average,1742601718,50075,183,36456,false,0.418186,-470.178911,1662612,8381,1201047,0
1742601807,bronze-class-deploy-3-775f4fbdd9-675ql_default,bronze-controller-3,0.500000,0,average,1742601724,49675,203,33616,false,0.417607,-473.804872,1665320,8375,1200130,0
1742601810,silver-class-deploy-51-7f7f588b74-dpstl_default,silver-controller-51,0.900000,0,average,1742601739,12155,261,58878,false,0.909623,27.214507,254656,3402,2597295,0
1742601813,bronze-class-deploy-26-7f9d9f4558-tnd6l_default,bronze-controller-26,0.500000,0,average,1742601727,52675,260,33438,false,0.417896,-473.101933,1667196,9047,1203387,0
1742601813,bronze-class-deploy-63-7d44d578c5-2fvxd_default,bronze-controller-63,0.500000,0,average,1742601764,18494,264,30655,false,0.416531,-479.213455,1664307,9717,1195067,0
1742601816,silver-class-deploy-43-5d9bf4b8d7-bjb4p_default,silver-controller-43,0.900000,0,average,1742601639,17815,203,159257,false,0.910453,29.721893,252671,3931,2608954,0
1742601819,bronze-class-deploy-33-68477d8f4d-f5g9j_default,bronze-controller-33,0.500000,0,average,1742601730,55314,261,33518,false,0.417481,-475.562279,1669055,8625,1202365,0
1742601821,bronze-class-deploy-5-d8d757dd7-xmhpp_default,bronze-controller-5,0.500000,0,average,1742601733,55174,181,33557,false,0.417566,-476.664573,1674413,8679,1206662,0
1742601824,silver-class-deploy-39-7db65c5cf6-m79rs_default,silver-controller-39,0.900000,0,average,1742601622,15035,164,187495,false,0.911745,33.542140,249783,4044,2622253,0
1742601827,bronze-class-deploy-1-7bfd84fb59-xnlhr_default,bronze-controller-1,0.500000,0,average,1742601745,48734,283,33496,false,0.418103,-474.451931,1676275,8434,1210492,0
1742601830,bronze-class-deploy-30-56698788c5-tkxsc_default,bronze-controller-30,0.500000,0,average,1742601750,49375,262,30737,false,0.416657,-482.471636,1678762,8860,1205397,0
1742601833,silver-class-deploy-21-7bf557854c-lk9j8_default,silver-controller-21,0.900000,0,average,1742601602,20735,263,210475,false,0.911900,34.116930,250767,3563,2632532,0
1742601833,bronze-class-deploy-35-86448c4f4b-g7css_default,bronze-controller-35,0.500000,0,average,1742601736,60554,263,36696,false,0.416946,-481.276290,1679364,9100,1207434,0
1742601836,bronze-class-deploy-28-946b5bff6-cgnpq_default,bronze-controller-28,0.500000,0,average,1742601756,46195,261,33977,false,0.417266,-479.649619,1679836,8501,1208931,0
1742601839,bronze-class-deploy-60-bd9f5c94d-fhrjd_default,bronze-controller-60,0.500000,0,average,1742601762,43054,201,34018,false,0.418194,-474.549292,1677172,9422,1212301,0
1742601842,bronze-class-deploy-9-6f75c4867-k6l4p_default,bronze-controller-9,0.500000,0,average,1742601767,43574,183,31317,false,0.417640,-479.764762,1686156,9160,1215800,0
1742601844,bronze-class-deploy-49-6679588cdc-qzgt2_default,bronze-controller-49,0.500000,0,average,1742601759,54835,182,30816,false,0.416767,-484.268492,1686667,9170,1211810,0
1742601847,silver-class-deploy-51-7f7f588b74-q7f82_default,silver-controller-51,0.900000,0,average,1742601810,734,322,36597,false,0.910434,29.920741,255391,3725,2633912,0
1742601850,bronze-class-deploy-45-79d9bb8755-dgrwd_default,bronze-controller-45,0.500000,0,average,1742601770,46575,262,33836,false,0.417174,-482.537538,1687455,9395,1214566,0
1742601850,silver-class-deploy-64-99f5f94fd-9fjpt_default,silver-controller-64,0.900000,0,average,1742601548,48714,323,253676,false,0.912517,35.962829,249546,3579,2640324,0
1742601853,bronze-class-deploy-54-8465ff778f-9z9zh_default,bronze-controller-54,0.500000,0,average,1742601773,46394,283,33637,false,0.416901,-484.528351,1689857,9191,1214775,0
1742601856,bronze-class-deploy-59-77b6864776-vpz9v_default,bronze-controller-59,0.500000,0,average,1742601784,38214,262,33638,false,0.416981,-484.172689,1689557,9637,1215282,0
1742601858,bronze-class-deploy-40-79cf7d59cd-5cvjc_default,bronze-controller-40,0.500000,0,average,1742601782,45854,283,30776,false,0.416169,-490.295479,1697793,8685,1216418,0
1742601862,bronze-class-deploy-56-6455fc5c5f-6lgqm_default,bronze-controller-56,0.500000,0,average,1742601779,46034,263,37016,false,0.417614,-481.326497,1692160,8268,1219332,0
1742601865,bronze-class-deploy-62-598b487446-qh8fn_default,bronze-controller-62,0.500000,0,average,1742601790,40714,203,34536,false,0.416353,-489.043209,1695510,9728,1216458,0
1742601865,bronze-class-deploy-12-84c9ffbd8c-g57s2_default,bronze-controller-12,0.500000,0,average,1742601793,40935,261,31298,false,0.416759,-488.961728,1702717,9406,1223409,0
1742601868,silver-class-deploy-27-7fd4cb7f5c-6bv8c_default,silver-controller-27,0.900000,0,average,1742601445,20854,283,402276,false,0.916825,48.880660,239642,3217,2677016,0
1742601871,bronze-class-deploy-52-c4b45f447-6vwnl_default,bronze-controller-52,0.500000,0,average,1742601776,63574,261,31378,false,0.416734,-488.464095,1700698,9215,1221706,0
1742601874,bronze-class-deploy-17-dd67c9dc4-b7j8d_default,bronze-controller-17,0.500000,0,average,1742601796,40754,264,37296,false,0.418384,-479.980984,1699499,9836,1229607,0
1742601874,bronze-class-deploy-7-6fc7b776fc-7v675_default,bronze-controller-7,0.500000,0,average,1742601801,41395,183,31775,false,0.417283,-486.652325,1704406,8905,1226900,0
1742601877,silver-class-deploy-46-6dfc7c9ccd-xgv2m_default,silver-controller-46,0.900000,0,average,1742601396,35095,322,445877,false,0.913939,40.527230,248032,3722,2673549,0
1742601880,bronze-class-deploy-37-758bc7cf96-5kszh_default,bronze-controller-37,0.500000,0,average,1742601798,47135,263,34696,false,0.417749,-484.593584,1704868,9409,1229945,0
1742601882,bronze-class-deploy-3-775f4fbdd9-zfz6f_default,bronze-controller-3,0.500000,0,average,1742601807,40995,202,34737,false,0.418633,-480.264505,1706315,8578,1234867,0
1742601885,bronze-class-deploy-23-654ffb5cc5-4qsl8_default,bronze-controller-23,0.500000,0,average,1742601804,49695,261,31778,false,0.417373,-488.358431,1712307,8643,1232825,0
1742601888,silver-class-deploy-19-7cc4c5b78-sznrl_default,silver-controller-19,0.900000,0,average,1742601702,23134,321,163039,false,0.909375,27.281435,264620,1456,2669932,0
1742601891,bronze-class-deploy-26-7f9d9f4558-2w6xr_default,bronze-controller-26,0.500000,0,average,1742601813,46535,262,31515,false,0.417487,-488.385115,1713732,9310,1234903,0
1742601894,bronze-class-deploy-63-7d44d578c5-dcn4r_default,bronze-controller-63,0.500000,0,average,1742601813,49695,182,31337,false,0.415687,-497.752074,1714002,9900,1226404,0
1742601897,bronze-class-deploy-33-68477d8f4d-jdscr_default,bronze-controller-33,0.500000,0,average,1742601819,40776,319,36940,false,0.418956,-479.720118,1709831,8945,1239305,0
1742601899,bronze-class-deploy-30-56698788c5-z5mz8_default,bronze-controller-30,0.500000,0,average,1742601830,38736,259,30838,false,0.417245,-490.629986,1717498,9120,1236235,0
1742601902,bronze-class-deploy-35-86448c4f4b-7l6g7_default,bronze-controller-35,0.500000,0,average,1742601833,38594,184,30896,false,0.417569,-489.156932,1717959,9284,1238331,0
1742601905,bronze-class-deploy-5-d8d757dd7-tpbm8_default,bronze-controller-5,0.500000,0,average,1742601821,44914,264,39315,false,0.418922,-482.528659,1719328,8943,1245978,0
1742601908,bronze-class-deploy-1-7bfd84fb59-xdt9p_default,bronze-controller-1,0.500000,0,average,1742601827,47774,283,33257,false,0.417858,-489.234469,1724050,8718,1243769,0
1742601911,bronze-class-deploy-28-946b5bff6-55j9b_default,bronze-controller-28,0.500000,0,average,1742601836,41594,262,33278,false,0.417918,-488.208508,1721431,8764,1242230,0
1742601913,bronze-class-deploy-49-6679588cdc-2wrkz_default,bronze-controller-49,0.500000,0,average,1742601844,36414,264,33176,false,0.418131,-487.771094,1723081,9434,1244987,0
1742601916,bronze-class-deploy-9-6f75c4867-5fn86_default,bronze-controller-9,0.500000,0,average,1742601842,41234,263,33156,false,0.418306,-488.088433,1727391,9424,1248976,0
1742601919,bronze-class-deploy-60-bd9f5c94d-bgjxq_default,bronze-controller-60,0.500000,0,average,1742601839,47054,201,33258,false,0.418056,-488.545533,1724227,9624,1245560,0
1742601922,silver-class-deploy-19-7cc4c5b78-jb6d6_default,silver-controller-19,0.900000,0,average,1742601888,874,183,33277,false,0.910066,29.665442,265495,1639,2703209,0
1742601925,bronze-class-deploy-40-79cf7d59cd-96nq4_default,bronze-controller-40,0.500000,0,average,1742601858,33695,261,33198,false,0.417929,-491.033786,1731488,8946,1249637,0
1742601927,bronze-class-deploy-23-654ffb5cc5-zm2sk_default,bronze-controller-23,0.500000,0,average,1742601885,40495,263,2115,false,0.412111,-526.982060,1752802,8906,1234961,0
1742601930,bronze-class-deploy-63-7d44d578c5-z9cn2_default,bronze-controller-63,0.500000,0,average,1742601894,28634,263,7177,false,0.413069,-519.472632,1742636,10163,1233582,0
1742601932,bronze-class-deploy-59-77b6864776-6fhfl_default,bronze-controller-59,0.500000,0,average,1742601856,44155,260,32478,false,0.417124,-496.089735,1733712,9897,1247781,0
1742601935,bronze-class-deploy-62-598b487446-6kdvn_default,bronze-controller-62,0.500000,0,average,1742601865,37975,261,32417,false,0.417356,-494.862099,1733485,9990,1248876,0
1742601938,bronze-class-deploy-12-84c9ffbd8c-hfrgm_default,bronze-controller-12,0.500000,0,average,1742601865,40794,263,32316,false,0.417336,-497.702941,1743511,9670,1255726,0
1742601940,bronze-class-deploy-54-8465ff778f-877b2_default,bronze-controller-54,0.500000,0,average,1742601853,44334,263,43376,false,0.419137,-485.730012,1734191,9454,1258172,0
1742601944,bronze-class-deploy-52-c4b45f447-l79hl_default,bronze-controller-52,0.500000,0,average,1742601871,40434,204,32535,false,0.417417,-496.545981,1741133,9420,1254261,0
1742601946,bronze-class-deploy-7-6fc7b776fc-q5zkj_default,bronze-controller-7,0.500000,0,average,1742601874,40174,263,32516,false,0.417971,-494.574841,1744581,9168,1259416,0
1742601949,bronze-class-deploy-17-dd67c9dc4-57lrp_default,bronze-controller-17,0.500000,0,average,1742601874,42995,283,32536,false,0.418655,-490.723471,1742495,10119,1262144,0
1742601952,bronze-class-deploy-37-758bc7cf96-lrzlq_default,bronze-controller-37,0.500000,0,average,1742601880,39814,281,32538,false,0.418480,-492.132282,1744682,9691,1262503,0
1742601955,bronze-class-deploy-56-6455fc5c5f-w4jxm_default,bronze-controller-56,0.500000,0,average,1742601862,46614,283,46535,false,0.420112,-481.671187,1738775,8552,1265887,0
1742601958,bronze-class-deploy-45-79d9bb8755-rbw49_default,bronze-controller-45,0.500000,0,average,1742601850,44514,261,63419,false,0.423228,-463.894546,1731969,9656,1277986,0
1742601961,silver-class-deploy-43-5d9bf4b8d7-7hw6c_default,silver-controller-43,0.900000,0,average,1742601816,14874,281,129858,false,0.909732,29.064622,267546,4212,2738813,0
1742601963,silver-class-deploy-24-74886c7d7d-pftt5_default,silver-controller-24,0.900000,0,average,1742601776,14916,182,172735,false,0.911139,33.376604,263931,4195,2749244,0
1742601966,silver-class-deploy-18-5dd44b47c5-7xt4l_default,silver-controller-18,0.900000,0,average,1742601753,20834,162,192616,false,0.910843,32.505155,266154,3056,2750303,0
1742601969,bronze-class-deploy-23-654ffb5cc5-s7ndh_default,bronze-controller-23,0.500000,0,average,1742601927,8974,284,33176,false,0.417273,-503.065874,1761777,9190,1268137,0
1742601972,bronze-class-deploy-3-775f4fbdd9-kvjwx_default,bronze-controller-3,0.500000,0,average,1742601882,59395,223,30636,false,0.416282,-509.245445,1765710,8801,1265504,0
1742601975,bronze-class-deploy-26-7f9d9f4558-6pt5m_default,bronze-controller-26,0.500000,0,average,1742601891,50595,323,33196,false,0.416855,-506.108853,1764327,9634,1268099,0
1742601977,bronze-class-deploy-30-56698788c5-hstq7_default,bronze-controller-30,0.500000,0,average,1742601899,45474,261,33158,false,0.417328,-503.188230,1762973,9382,1269414,0
1742601980,bronze-class-deploy-35-86448c4f4b-xplrj_default,bronze-controller-35,0.500000,0,average,1742601902,48114,263,30337,false,0.416737,-507.198251,1766074,9547,1268668,0
1742601983,bronze-class-deploy-63-7d44d578c5-k8vq9_default,bronze-controller-63,0.500000,0,average,1742601930,17295,262,36056,false,0.417648,-500.954416,1759932,10426,1269658,0
1742601986,silver-class-deploy-64-99f5f94fd-lc5md_default,silver-controller-64,0.900000,0,average,1742601850,21755,243,114755,false,0.909206,27.639941,271301,3823,2755080,0
1742601986,bronze-class-deploy-33-68477d8f4d-6s2vm_default,bronze-controller-33,0.500000,0,average,1742601896,56935,283,33575,false,0.417492,-503.363839,1766767,9228,1272881,0
1742601989,bronze-class-deploy-52-c4b45f447-nb42l_default,bronze-controller-52,0.500000,0,average,1742601944,43214,103,2096,false,0.411890,-537.763236,1784348,9523,1256358,0
1742601992,bronze-class-deploy-5-d8d757dd7-kkgz7_default,bronze-controller-5,0.500000,0,average,1742601905,53494,284,33376,false,0.417898,-502.931966,1772822,9227,1279355,0
1742601994,bronze-class-deploy-28-946b5bff6-zz9jx_default,bronze-controller-28,0.500000,0,average,1742601911,50314,281,33359,false,0.417353,-505.446750,1771745,9045,1275589,0
1742601997,bronze-class-deploy-49-6679588cdc-npkw2_default,bronze-controller-49,0.500000,0,average,1742601913,51135,282,33157,false,0.417415,-506.012453,1774217,9716,1278164,0
1742602000,bronze-class-deploy-60-bd9f5c94d-24wqt_default,bronze-controller-60,0.500000,0,average,1742601919,50775,282,30476,false,0.416876,-509.127815,1775003,9907,1276036,0
1742602003,bronze-class-deploy-9-6f75c4867-797kj_default,bronze-controller-9,0.500000,0,average,1742601916,50954,263,36117,false,0.418175,-503.169117,1778346,9688,1285113,0
1742602006,bronze-class-deploy-40-79cf7d59cd-wfjft_default,bronze-controller-40,0.500000,0,average,1742601925,47594,261,33318,false,0.417731,-505.571827,1779083,9208,1282956,0
1742602008,bronze-class-deploy-59-77b6864776-g2pbk_default,bronze-controller-59,0.500000,0,average,1742601932,43454,181,33318,false,0.417525,-506.384703,1777167,10079,1281120,0
1742602011,bronze-class-deploy-1-7bfd84fb59-z4nzm_default,bronze-controller-1,0.500000,0,average,1742601908,47754,184,55876,false,0.421915,-481.295340,1771804,8902,1299645,0
1742602014,bronze-class-deploy-12-84c9ffbd8c-g228c_default,bronze-controller-12,0.500000,0,average,1742601938,43094,283,33257,false,0.417749,-507.824522,1786606,9953,1288984,0
1742602017,bronze-class-deploy-62-598b487446-5w8vz_default,bronze-controller-62,0.500000,0,average,1742601935,48955,182,33196,false,0.416981,-510.779950,1782441,10172,1282094,0
1742602020,silver-class-deploy-19-7cc4c5b78-bk4c5_default,silver-controller-19,0.900000,0,average,1742601922,11234,183,86776,false,0.909223,28.073054,276730,1822,2789986,0
1742602023,silver-class-deploy-51-7f7f588b74-dfwff_default,silver-controller-51,0.900000,0,average,1742601847,15854,283,159876,false,0.910313,31.382741,271245,4008,2793789,0
1742602025,silver-class-deploy-21-7bf557854c-zkwpq_default,silver-controller-21,0.900000,0,average,1742601833,23514,221,169098,false,0.909709,29.665408,274282,3785,2801630,0
1742602028,bronze-class-deploy-7-6fc7b776fc-jq779_default,bronze-controller-7,0.500000,0,average,1742601946,52014,263,30377,false,0.416628,-516.456030,1796596,9432,1289814,0
1742602031,bronze-class-deploy-52-c4b45f447-4tlg6_default,bronze-controller-52,0.500000,0,average,1742601989,6275,203,35995,false,0.417876,-508.224258,1790623,9726,1292375,0
1742602034,bronze-class-deploy-54-8465ff778f-brbdh_default,bronze-controller-54,0.500000,0,average,1742601940,60834,283,33176,false,0.417091,-513.651482,1795026,9738,1291369,0
1742602037,silver-class-deploy-18-5dd44b47c5-n6hsr_default,silver-controller-18,0.900000,0,average,1742601966,12194,262,58938,false,0.908873,27.187975,278349,3318,2809262,0
1742602037,bronze-class-deploy-17-dd67c9dc4-njgjg_default,bronze-controller-17,0.500000,0,average,1742601949,54655,283,33496,false,0.417519,-512.165640,1797150,10402,1295640,0
1742602040,bronze-class-deploy-37-758bc7cf96-l8q5c_default,bronze-controller-37,0.500000,0,average,1742601952,54475,282,33816,false,0.417434,-513.074771,1799158,9974,1296320,0
1742602043,bronze-class-deploy-23-654ffb5cc5-jr55v_default,bronze-controller-23,0.500000,0,average,1742601969,43114,261,30859,false,0.417239,-515.563102,1804891,9451,1299016,0
1742602045,bronze-class-deploy-3-775f4fbdd9-cp686_default,bronze-controller-3,0.500000,0,average,1742601972,37295,283,36295,false,0.418066,-510.510091,1803005,9085,1301820,0
1742602048,bronze-class-deploy-26-7f9d9f4558-z4tsf_default,bronze-controller-26,0.500000,0,average,1742601975,39934,203,33556,false,0.417766,-512.689165,1804262,9837,1301656,0
1742602051,bronze-class-deploy-35-86448c4f4b-4prdv_default,bronze-controller-35,0.500000,0,average,1742601980,37675,280,34038,false,0.418032,-511.115780,1803749,9828,1302707,0
1742602054,bronze-class-deploy-30-56698788c5-whmsp_default,bronze-controller-30,0.500000,0,average,1742601977,46314,263,31076,false,0.416901,-518.690546,1809288,9645,1300490,0
1742602057,bronze-class-deploy-63-7d44d578c5-wt6lg_default,bronze-controller-63,0.500000,0,average,1742601983,43134,283,31435,false,0.417704,-512.937831,1803066,10710,1301094,0
1742602060,bronze-class-deploy-56-6455fc5c5f-26rpm_default,bronze-controller-56,0.500000,0,average,1742601955,65495,263,39917,false,0.418680,-507.491613,1804270,8815,1305825,0
1742602063,bronze-class-deploy-33-68477d8f4d-lgl6s_default,bronze-controller-33,0.500000,0,average,1742601986,42955,260,34199,false,0.418093,-512.380301,1809722,9489,1307081,0
1742602066,bronze-class-deploy-28-946b5bff6-6j54t_default,bronze-controller-28,0.500000,0,average,1742601994,37814,263,34137,false,0.418634,-509.368471,1809560,9309,1309746,0
1742602069,silver-class-deploy-64-99f5f94fd-fslzs_default,silver-controller-64,0.900000,0,average,1742601986,6454,262,76337,false,0.909470,29.227851,277756,4085,2831417,0
1742602071,silver-class-deploy-18-5dd44b47c5-btzx7_default,silver-controller-18,0.900000,0,average,1742602037,1054,284,33496,false,0.909460,29.329672,279403,3602,2842759,0
1742602074,bronze-class-deploy-5-d8d757dd7-5npx6_default,bronze-controller-5,0.500000,0,average,1742601992,48875,260,33558,false,0.417580,-518.509706,1821698,9488,1312914,0
1742602077,silver-class-deploy-39-7db65c5cf6-p24bg_default,silver-controller-39,0.900000,0,average,1742601824,24154,281,229059,false,0.911086,34.453075,273938,4325,2851312,0
1742602080,bronze-class-deploy-45-79d9bb8755-92678_default,bronze-controller-45,0.500000,0,average,1742601958,91554,21,30720,false,0.416532,-524.744378,1823524,9678,1308706,0
1742602083,bronze-class-deploy-49-6679588cdc-hm652_default,bronze-controller-49,0.500000,0,average,1742601997,52314,283,33555,false,0.416654,-525.036743,1826531,10000,1311739,0
1742602086,silver-class-deploy-57-6d6dd8c696-wt5w5_default,silver-controller-57,0.900000,0,average,1742601787,20794,263,278076,false,0.912276,38.133456,271220,3175,2853542,0
1742602086,bronze-class-deploy-60-bd9f5c94d-c6wsc_default,bronze-controller-60,0.500000,0,average,1742602000,55075,222,30876,false,0.415272,-533.549161,1830078,10130,1306913,0
1742602089,bronze-class-deploy-9-6f75c4867-pt6j8_default,bronze-controller-9,0.500000,0,average,1742602003,52274,321,33518,false,0.417390,-522.228859,1830620,10009,1318652,0
1742602091,bronze-class-deploy-40-79cf7d59cd-8qdrp_default,bronze-controller-40,0.500000,0,average,1742602006,52154,283,33556,false,0.416982,-524.453982,1831237,9492,1316513,0
1742602094,bronze-class-deploy-59-77b6864776-kvw99_default,bronze-controller-59,0.500000,0,average,1742602008,52975,183,33596,false,0.416697,-525.925183,1830142,10262,1314736,0
1742602097,bronze-class-deploy-12-84c9ffbd8c-lqcnz_default,bronze-controller-12,0.500000,0,average,1742602014,49715,262,33597,false,0.417334,-524.205142,1836321,10216,1322581,0
1742602100,bronze-class-deploy-62-598b487446-n6g74_default,bronze-controller-62,0.500000,0,average,1742602017,49534,262,33598,false,0.416612,-526.957440,1831975,10434,1315713,0
1742602103,bronze-class-deploy-7-6fc7b776fc-k5twz_default,bronze-controller-7,0.500000,0,average,1742602028,41354,285,33574,false,0.417334,-524.521928,1837950,9717,1323389,0
1742602105,bronze-class-deploy-54-8465ff778f-fdh9r_default,bronze-controller-54,0.500000,0,average,1742602034,38175,290,33509,false,0.418192,-518.608193,1833201,10028,1324879,0
1742602108,bronze-class-deploy-17-dd67c9dc4-jxpkj_default,bronze-controller-17,0.500000,0,average,1742602037,40814,261,30658,false,0.417742,-522.583610,1837964,10664,1326299,0
1742602111,bronze-class-deploy-52-c4b45f447-hfdl8_default,bronze-controller-52,0.500000,0,average,1742602031,43995,282,36336,false,0.418711,-516.166911,1834618,10009,1328711,0
1742602114,bronze-class-deploy-37-758bc7cf96-c7gpd_default,bronze-controller-37,0.500000,0,average,1742602040,40634,263,33876,false,0.418271,-520.096271,1839792,10237,1330196,0
1742602114,bronze-class-deploy-23-654ffb5cc5-zshfm_default,bronze-controller-23,0.500000,0,average,1742602043,40495,202,31117,false,0.417605,-525.122808,1845387,9654,1330153,0
1742602117,silver-class-deploy-21-7bf557854c-zbjp8_default,silver-controller-21,0.900000,0,average,1742602025,9754,320,82659,false,0.909173,28.858063,284037,4105,2884290,0
1742602120,silver-class-deploy-51-7f7f588b74-w9pgh_default,silver-controller-51,0.900000,0,average,1742602022,12595,202,85777,false,0.909063,28.446189,283841,4211,2879566,0
1742602123,bronze-class-deploy-3-775f4fbdd9-vhms5_default,bronze-controller-3,0.500000,0,average,1742602045,44494,261,33639,false,0.418341,-521.606932,1847500,9346,1335480,0
1742602126,bronze-class-deploy-1-7bfd84fb59-dfm8l_default,bronze-controller-1,0.500000,0,average,1742602011,81315,183,33715,false,0.417253,-529.077218,1853119,9085,1333361,0
1742602129,bronze-class-deploy-26-7f9d9f4558-pkc57_default,bronze-controller-26,0.500000,0,average,1742602048,47054,263,33716,false,0.417727,-526.271903,1851317,10101,1335392,0
1742602131,bronze-class-deploy-30-56698788c5-vwqfs_default,bronze-controller-30,0.500000,0,average,1742602054,43874,260,33719,false,0.417299,-529.086766,1853163,9906,1334230,0
1742602134,bronze-class-deploy-63-7d44d578c5-vdlwp_default,bronze-controller-63,0.500000,0,average,1742602057,46554,203,30837,false,0.417211,-528.857754,1849621,10914,1331931,0
1742602137,bronze-class-deploy-35-86448c4f4b-54fc9_default,bronze-controller-35,0.500000,0,average,1742602051,49695,280,36479,false,0.418141,-524.594061,1853444,10109,1339206,0
1742602140,silver-class-deploy-47-5bf947bd4c-796rp_default,silver-controller-47,0.900000,0,average,1742601747,29774,260,363339,false,0.912727,40.358688,274361,4018,2911375,0
1742602143,bronze-class-deploy-33-68477d8f4d-s7fmp_default,bronze-controller-33,0.500000,0,average,1742602063,48974,183,30856,false,0.417283,-530.680604,1858697,9672,1337937,0
1742602145,bronze-class-deploy-56-6455fc5c5f-nkxfm_default,bronze-controller-56,0.500000,0,average,1742602060,55234,262,30478,false,0.416958,-532.510838,1859505,9077,1336304,0
1742602148,bronze-class-deploy-60-bd9f5c94d-dn2gb_default,bronze-controller-60,0.500000,0,average,1742602086,23115,282,39376,false,0.419422,-517.550328,1853194,10412,1346310,0
1742602151,bronze-class-deploy-45-79d9bb8755-2cjfz_default,bronze-controller-45,0.500000,0,average,1742602080,38055,262,33296,false,0.417614,-529.748123,1861580,9940,1342021,0
1742602154,bronze-class-deploy-5-d8d757dd7-grnlq_default,bronze-controller-5,0.500000,0,average,1742602074,46874,263,33316,false,0.417493,-532.332205,1868572,9752,1346230,0
1742602157,bronze-class-deploy-28-946b5bff6-s9fhz_default,bronze-controller-28,0.500000,0,average,1742602066,57694,261,33318,false,0.417119,-533.986374,1867255,9570,1343084,0
1742602160,bronze-class-deploy-49-6679588cdc-85mgb_default,bronze-controller-49,0.500000,0,average,1742602083,43514,263,33277,false,0.417017,-535.538045,1870046,10263,1345016,0
1742602162,bronze-class-deploy-40-79cf7d59cd-8tlbt_default,bronze-controller-40,0.500000,0,average,1742602091,38335,262,33296,false,0.418013,-529.737009,1869573,9755,1349829,0
1742602165,bronze-class-deploy-9-6f75c4867-f6b47_default,bronze-controller-9,0.500000,0,average,1742602089,43194,181,33358,false,0.417801,-532.244966,1873815,10191,1352010,0
1742602168,silver-class-deploy-24-74886c7d7d-57nd2_default,silver-controller-24,0.900000,0,average,1742601963,24294,281,180938,false,0.909180,29.349066,288226,4477,2930182,0
1742602171,bronze-class-deploy-59-77b6864776-92trw_default,bronze-controller-59,0.500000,0,average,1742602094,46694,183,30375,false,0.416135,-542.426416,1876837,10446,1345112,0
1742602173,bronze-class-deploy-12-84c9ffbd8c-ms47p_default,bronze-controller-12,0.500000,0,average,1742602097,46474,261,30257,false,0.416757,-540.684330,1882796,10477,1352839,0
1742602176,silver-class-deploy-32-84b675c847-pnrjr_default,silver-controller-32,0.900000,0,average,1742601690,21135,321,464898,false,0.917710,56.937590,261249,4475,2963391,0
1742602179,bronze-class-deploy-62-598b487446-8mtbs_default,bronze-controller-62,0.500000,0,average,1742602100,46294,264,32576,false,0.416491,-540.939448,1878269,10698,1348289,0
1742602182,bronze-class-deploy-7-6fc7b776fc-x9n2c_default,bronze-controller-7,0.500000,0,average,1742602103,46114,283,32616,false,0.417223,-538.304099,1884065,10000,1356005,0
1742602185,bronze-class-deploy-17-dd67c9dc4-dzdzx_default,bronze-controller-17,0.500000,0,average,1742602108,43934,261,33218,false,0.418012,-533.561008,1881899,10925,1359518,0
1742602188,bronze-class-deploy-54-8465ff778f-754xl_default,bronze-controller-54,0.500000,0,average,1742602105,49754,283,33197,false,0.417700,-535.429764,1882956,10312,1358096,0
1742602191,bronze-class-deploy-23-654ffb5cc5-z2j86_default,bronze-controller-23,0.500000,0,average,1742602114,43574,262,33237,false,0.417931,-535.704109,1888962,9917,1363411,0
1742602193,bronze-class-deploy-37-758bc7cf96-bbgs8_default,bronze-controller-37,0.500000,0,average,1742602114,46395,263,33236,false,0.418215,-533.517914,1886188,10501,1363433,0
1742602196,bronze-class-deploy-1-7bfd84fb59-qcm87_default,bronze-controller-1,0.500000,0,average,1742602126,40074,184,30456,false,0.417544,-538.878736,1893194,9270,1363817,0
1742602199,bronze-class-deploy-52-c4b45f447-kqv7b_default,bronze-controller-52,0.500000,0,average,1742602111,52215,266,36053,false,0.418403,-532.575533,1886833,10276,1364785,0
1742602202,bronze-class-deploy-26-7f9d9f4558-w99l9_default,bronze-controller-26,0.500000,0,average,1742602128,43634,281,30438,false,0.417537,-539.750655,1894951,10383,1365831,0
1742602205,silver-class-deploy-57-6d6dd8c696-z2p5j_default,silver-controller-57,0.900000,0,average,1742602086,20295,180,98578,false,0.909187,29.571331,291515,3356,2952141,0
1742602207,silver-class-deploy-18-5dd44b47c5-qcg6l_default,silver-controller-18,0.900000,0,average,1742602071,12654,163,124076,false,0.909331,30.207424,292058,3766,2966855,0
1742602210,bronze-class-deploy-3-775f4fbdd9-4w275_default,bronze-controller-3,0.500000,0,average,1742602123,53734,243,33718,false,0.417436,-541.865799,1901235,9589,1369199,0
1742602213,bronze-class-deploy-63-7d44d578c5-8tlj9_default,bronze-controller-63,0.500000,0,average,1742602134,48614,264,30676,false,0.416446,-547.039957,1898235,11178,1362628,0
1742602216,silver-class-deploy-43-5d9bf4b8d7-fj75t_default,silver-controller-43,0.900000,0,average,1742601960,24114,321,232178,false,0.909342,30.285013,291660,4534,2970992,0
1742602216,bronze-class-deploy-33-68477d8f4d-tngct_default,bronze-controller-33,0.500000,0,average,1742602142,40854,323,33476,false,0.417991,-538.383935,1899552,9996,1371414,0
1742602219,bronze-class-deploy-30-56698788c5-mf8zg_default,bronze-controller-30,0.500000,0,average,1742602131,54734,261,33719,false,0.416294,-550.363692,1907898,10167,1367950,0
1742602222,bronze-class-deploy-35-86448c4f4b-sb5qm_default,bronze-controller-35,0.500000,0,average,1742602137,51554,264,33715,false,0.417518,-542.697938,1904999,10373,1372922,0
1742602225,bronze-class-deploy-62-598b487446-qllx6_default,bronze-controller-62,0.500000,0,average,1742602179,43874,283,2056,false,0.411259,-583.021749,1922144,10981,1350366,0
1742602227,bronze-class-deploy-45-79d9bb8755-6476n_default,bronze-controller-45,0.500000,0,average,1742602151,43194,261,33478,false,0.418028,-539.706672,1904774,10202,1375519,0
1742602230,bronze-class-deploy-28-946b5bff6-6xv8n_default,bronze-controller-28,0.500000,0,average,1742602157,42834,284,30636,false,0.417080,-546.469250,1910090,9854,1373721,0
1742602233,bronze-class-deploy-49-6679588cdc-v5k2z_default,bronze-controller-49,0.500000,0,average,1742602160,42655,200,30719,false,0.417032,-547.653654,1912702,10464,1375756,0
1742602236,bronze-class-deploy-5-d8d757dd7-kn7bp_default,bronze-controller-5,0.500000,0,average,1742602154,43015,260,39099,false,0.418917,-536.508344,1911587,10013,1385330,0
1742602239,bronze-class-deploy-59-77b6864776-48nbm_default,bronze-controller-59,0.500000,0,average,1742602171,34394,281,33538,false,0.417696,-543.564260,1911232,10727,1378651,0
1742602242,bronze-class-deploy-40-79cf7d59cd-cnt9v_default,bronze-controller-40,0.500000,0,average,1742602162,49075,281,30676,false,0.417177,-548.399707,1918649,10036,1380525,0
1742602244,bronze-class-deploy-60-bd9f5c94d-5r2jg_default,bronze-controller-60,0.500000,0,average,1742602148,60214,261,36379,false,0.418142,-541.627055,1913409,10673,1382709,0
1742602247,bronze-class-deploy-56-6455fc5c5f-95f65_default,bronze-controller-56,0.500000,0,average,1742602145,46375,262,56036,false,0.420960,-523.092854,1905881,9339,1392361,0
1742602250,bronze-class-deploy-9-6f75c4867-2drv2_default,bronze-controller-9,0.500000,0,average,1742602165,52195,281,33018,false,0.416988,-551.703175,1926010,10472,1385029,0
1742602253,bronze-class-deploy-12-84c9ffbd8c-zzrws_default,bronze-controller-12,0.500000,0,average,1742602173,47014,283,32936,false,0.416609,-555.025654,1929811,10761,1385797,0
1742602256,silver-class-deploy-18-5dd44b47c5-wttjz_default,silver-controller-18,0.900000,0,average,1742602207,7014,283,41736,false,0.908470,27.811947,299072,4050,3008611,0
1742602258,silver-class-deploy-51-7f7f588b74-vxgn4_default,silver-controller-51,0.900000,0,average,1742602120,14934,261,123659,false,0.908286,27.135506,298775,4472,3003226,0
1742602261,silver-class-deploy-64-99f5f94fd-v5zdb_default,silver-controller-64,0.900000,0,average,1742602068,18594,263,174816,false,0.909070,29.736575,296351,4349,3006234,0
1742602264,bronze-class-deploy-62-598b487446-hchlp_default,bronze-controller-62,0.500000,0,average,1742602225,6055,262,33317,false,0.416380,-556.022642,1928200,11244,1383683,0
1742602267,bronze-class-deploy-7-6fc7b776fc-298j9_default,bronze-controller-7,0.500000,0,average,1742602181,52874,261,33318,false,0.416402,-558.101097,1936940,10261,1389345,0
1742602270,bronze-class-deploy-54-8465ff778f-sk9tr_default,bronze-controller-54,0.500000,0,average,1742602188,51515,282,30457,false,0.416534,-556.750888,1934471,10594,1388573,0
1742602273,bronze-class-deploy-17-dd67c9dc4-v25tw_default,bronze-controller-17,0.500000,0,average,1742602185,51694,283,36116,false,0.417803,-549.404159,1933594,11209,1395654,0
1742602275,bronze-class-deploy-23-654ffb5cc5-q5q5f_default,bronze-controller-23,0.500000,0,average,1742602190,52335,262,33315,false,0.417157,-554.987436,1941297,10179,1396727,0
1742602278,bronze-class-deploy-1-7bfd84fb59-z5w7h_default,bronze-controller-1,0.500000,0,average,1742602196,49155,263,33257,false,0.417167,-555.040803,1942349,9533,1397074,0
1742602281,bronze-class-deploy-37-758bc7cf96-5txjc_default,bronze-controller-37,0.500000,0,average,1742602193,54975,262,33156,false,0.417077,-555.598703,1941163,10763,1396591,0
1742602284,bronze-class-deploy-26-7f9d9f4558-kx85m_default,bronze-controller-26,0.500000,0,average,1742602202,48795,203,33335,false,0.417226,-555.411842,1943747,10586,1399167,0
1742602287,bronze-class-deploy-63-7d44d578c5-kb5mw_default,bronze-controller-63,0.500000,0,average,1742602213,40534,283,33316,false,0.417176,-554.542062,1938770,11462,1395945,0
1742602289,silver-class-deploy-18-5dd44b47c5-nvjfv_default,silver-controller-18,0.900000,0,average,1742602255,1434,181,33359,false,0.908944,29.698274,300507,4231,3041991,0
1742602292,silver-class-deploy-51-7f7f588b74-btp8g_default,silver-controller-51,0.900000,0,average,1742602258,1374,184,33236,false,0.908775,29.062444,300150,4657,3036481,0
1742602295,bronze-class-deploy-52-c4b45f447-9bdkg_default,bronze-controller-52,0.500000,0,average,1742602199,63115,263,33236,false,0.416262,-562.718499,1949949,10539,1398021,0
1742602298,bronze-class-deploy-30-56698788c5-v7tcp_default,bronze-controller-30,0.500000,0,average,1742602219,48754,283,30396,false,0.415501,-569.006641,1956653,10451,1398346,0
1742602301,bronze-class-deploy-5-d8d757dd7-sj2nl_default,bronze-controller-5,0.500000,0,average,1742602236,62774,283,2057,false,0.411441,-597.490672,1974362,10296,1387407,0
1742602303,bronze-class-deploy-33-68477d8f4d-x2jns_default,bronze-controller-33,0.500000,0,average,1742602216,54574,281,32937,false,0.416876,-560.302826,1954126,10277,1404352,0
1742602306,bronze-class-deploy-35-86448c4f4b-lpbwf_default,bronze-controller-35,0.500000,0,average,1742602222,51394,263,32936,false,0.416811,-561.420128,1956394,10636,1405858,0
1742602309,bronze-class-deploy-28-946b5bff6-n5g97_default,bronze-controller-28,0.500000,0,average,1742602230,46254,181,32978,false,0.417037,-559.925321,1956345,10035,1406699,0
1742602312,bronze-class-deploy-3-775f4fbdd9-cbkdm_default,bronze-controller-3,0.500000,0,average,1742602210,54935,281,47018,false,0.418723,-550.046618,1956170,9870,1416235,0
1742602315,bronze-class-deploy-45-79d9bb8755-wtd7q_default,bronze-controller-45,0.500000,0,average,1742602227,54816,280,32958,false,0.416888,-561.844736,1959591,10482,1408478,0
1742602317,bronze-class-deploy-49-6679588cdc-hl494_default,bronze-controller-49,0.500000,0,average,1742602233,51635,283,32875,false,0.416297,-566.697784,1964337,10747,1408631,0
1742602320,bronze-class-deploy-40-79cf7d59cd-m2t4m_default,bronze-controller-40,0.500000,0,average,1742602241,46455,260,32919,false,0.417087,-562.197184,1965104,10297,1413444,0
1742602323,bronze-class-deploy-59-77b6864776-wnrvq_default,bronze-controller-59,0.500000,0,average,1742602239,51274,263,32877,false,0.416992,-562.224496,1962507,10991,1411529,0
1742602326,bronze-class-deploy-12-84c9ffbd8c-8fvtq_default,bronze-controller-12,0.500000,0,average,1742602253,40094,283,32876,false,0.417303,-562.528210,1969905,11045,1418673,0
1742602329,bronze-class-deploy-9-6f75c4867-kfhrh_default,bronze-controller-9,0.500000,0,average,1742602250,45914,263,32876,false,0.416962,-565.005012,1971925,10736,1417906,0
1742602331,silver-class-deploy-43-5d9bf4b8d7-6bskm_default,silver-controller-43,0.900000,0,average,1742602216,12234,264,103415,false,0.908754,29.376559,303895,4798,3074408,0
1742602334,silver-class-deploy-57-6d6dd8c696-dpsxj_default,silver-controller-57,0.900000,0,average,1742602204,9854,181,120697,false,0.909731,32.615716,301370,3537,3072859,0
1742602337,silver-class-deploy-24-74886c7d7d-5z2rd_default,silver-controller-24,0.900000,0,average,1742602168,11515,261,157758,false,0.910247,34.524475,299741,4738,3087940,0
1742602340,bronze-class-deploy-60-bd9f5c94d-6nrth_default,bronze-controller-60,0.500000,0,average,1742602244,62915,263,33075,false,0.416035,-571.729772,1976324,10937,1415786,0
1742602343,bronze-class-deploy-5-d8d757dd7-4lpb8_default,bronze-controller-5,0.500000,0,average,1742602301,8734,263,33095,false,0.416062,-573.393627,1983096,10560,1420503,0
1742602345,bronze-class-deploy-63-7d44d578c5-svsw8_default,bronze-controller-63,0.500000,0,average,1742602287,56455,262,1996,false,0.410572,-609.242452,1995225,11724,1397962,0
1742602348,bronze-class-deploy-7-6fc7b776fc-jctjv_default,bronze-controller-7,0.500000,0,average,1742602267,48375,203,32896,false,0.416101,-573.781948,1985315,10464,1422242,0
1742602351,bronze-class-deploy-54-8465ff778f-8lsvn_default,bronze-controller-54,0.500000,0,average,1742602270,48115,280,32899,false,0.416255,-572.228939,1982587,10875,1421492,0
1742602353,bronze-class-deploy-23-654ffb5cc5-z55pg_default,bronze-controller-23,0.500000,0,average,1742602275,45934,263,32776,false,0.417108,-568.409912,1987232,10443,1429503,0
1742602356,bronze-class-deploy-17-dd67c9dc4-qmf4m_default,bronze-controller-17,0.500000,0,average,1742602272,51754,281,32898,false,0.417048,-568.541642,1985349,11490,1428553,0
1742602359,bronze-class-deploy-1-7bfd84fb59-6kw4d_default,bronze-controller-1,0.500000,0,average,1742602278,48575,283,32875,false,0.416814,-571.005706,1990924,9817,1429969,0
1742602362,bronze-class-deploy-56-6455fc5c5f-5tx9k_default,bronze-controller-56,0.500000,0,average,1742602247,82394,263,32916,false,0.416364,-572.835971,1988275,9603,1425277,0
1742602365,bronze-class-deploy-37-758bc7cf96-gtf4r_default,bronze-controller-37,0.500000,0,average,1742602281,51214,264,32916,false,0.416416,-574.140558,1992378,11027,1429527,0
1742602368,bronze-class-deploy-26-7f9d9f4558-nqkhc_default,bronze-controller-26,0.500000,0,average,1742602284,51035,282,32816,false,0.416561,-573.913855,1994782,10869,1431984,0
1742602370,bronze-class-deploy-30-56698788c5-pfd48_default,bronze-controller-30,0.500000,0,average,1742602298,39854,183,32916,false,0.416258,-576.127252,1996507,10635,1431263,0
1742602373,bronze-class-deploy-52-c4b45f447-dp2kt_default,bronze-controller-52,0.500000,0,average,1742602295,45595,263,32876,false,0.416292,-575.701054,1995544,10803,1430897,0
1742602376,bronze-class-deploy-62-598b487446-mgj75_default,bronze-controller-62,0.500000,0,average,1742602264,48554,261,63738,false,0.421291,-541.099514,1976754,11506,1447423,0
1742602379,silver-class-deploy-32-84b675c847-6dhv6_default,silver-controller-32,0.900000,0,average,1742602176,47114,243,156377,false,0.908798,29.955141,308364,4718,3119788,0
1742602379,silver-class-deploy-18-5dd44b47c5-zc58p_default,silver-controller-18,0.900000,0,average,1742602289,10015,243,80516,false,0.908364,28.516462,310522,4475,3122508,0
1742602382,silver-class-deploy-47-5bf947bd4c-5xcn7_default,silver-controller-47,0.900000,0,average,1742602140,28815,203,213676,false,0.910444,35.613508,303176,4222,3125072,0
1742602385,bronze-class-deploy-33-68477d8f4d-jv5mr_default,bronze-controller-33,0.500000,0,average,1742602303,51415,283,30796,false,0.415834,-581.205515,2005541,10561,1435149,0
1742602388,bronze-class-deploy-35-86448c4f4b-zgjcx_default,bronze-controller-35,0.500000,0,average,1742602306,51235,261,30778,false,0.415797,-582.118563,2007629,10898,1436656,0
1742602391,bronze-class-deploy-28-946b5bff6-xhl4j_default,bronze-controller-28,0.500000,0,average,1742602309,51054,263,30776,false,0.416039,-580.446784,2007399,10299,1437496,0
1742602393,bronze-class-deploy-63-7d44d578c5-8bnmc_default,bronze-controller-63,0.500000,0,average,1742602345,6596,259,42059,false,0.416938,-574.018861,2001822,11983,1440042,0
1742602396,bronze-class-deploy-49-6679588cdc-f6lh2_default,bronze-controller-49,0.500000,0,average,1742602317,45875,262,33576,false,0.416414,-579.239339,2010212,11010,1442228,0
1742602399,bronze-class-deploy-45-79d9bb8755-cwbpj_default,bronze-controller-45,0.500000,0,average,1742602315,50694,184,33656,false,0.416434,-579.046345,2010285,10666,1442154,0
1742602402,bronze-class-deploy-59-77b6864776-hpg56_default,bronze-controller-59,0.500000,0,average,1742602323,48255,262,30816,false,0.416341,-579.907541,2010762,11254,1442364,0
1742602405,bronze-class-deploy-40-79cf7d59cd-cb4v5_default,bronze-controller-40,0.500000,0,average,1742602320,48435,283,36716,false,0.417399,-574.200009,2013539,10581,1450161,0
1742602405,silver-class-deploy-51-7f7f588b74-ml5mx_default,silver-controller-51,0.900000,0,average,1742602292,12095,263,101118,false,0.908195,28.051659,312245,4920,3137600,0
1742602408,bronze-class-deploy-9-6f75c4867-rnwnq_default,bronze-controller-9,0.500000,0,average,1742602328,48934,183,31416,false,0.416344,-582.685185,2020859,10920,1449343,0
1742602411,bronze-class-deploy-3-775f4fbdd9-dgqrf_default,bronze-controller-3,0.500000,0,average,1742602312,62074,263,36996,false,0.417405,-575.369369,2018245,10134,1453251,0
1742602414,bronze-class-deploy-60-bd9f5c94d-nqjvd_default,bronze-controller-60,0.500000,0,average,1742602340,43014,263,30876,false,0.416046,-584.111003,2019339,11200,1446683,0
1742602416,bronze-class-deploy-5-d8d757dd7-wqw2t_default,bronze-controller-5,0.500000,0,average,1742602343,42835,200,30899,false,0.416105,-585.508419,2025932,10760,1451423,0
1742602419,bronze-class-deploy-7-6fc7b776fc-tlmgk_default,bronze-controller-7,0.500000,0,average,1742602348,40574,263,30936,false,0.416408,-583.684064,2025890,10728,1453178,0
1742602422,bronze-class-deploy-12-84c9ffbd8c-tfc7s_default,bronze-controller-12,0.500000,0,average,1742602326,54194,263,42236,false,0.417846,-574.730435,2024100,11308,1460929,0
1742602425,bronze-class-deploy-54-8465ff778f-5prl7_default,bronze-controller-54,0.500000,0,average,1742602351,40395,283,33716,false,0.417043,-579.191572,2022982,11158,1455208,0
1742602428,bronze-class-deploy-23-654ffb5cc5-hz56h_default,bronze-controller-23,0.500000,0,average,1742602353,41215,260,33539,false,0.417754,-576.326961,2028448,10704,1463063,0
1742602431,bronze-class-deploy-1-7bfd84fb59-5zfrm_default,bronze-controller-1,0.500000,0,average,1742602359,40894,283,31016,false,0.417082,-581.147985,2031819,10101,1461007,0
1742602433,bronze-class-deploy-17-dd67c9dc4-dccwq_default,bronze-controller-17,0.500000,0,average,1742602356,41035,263,36655,false,0.418231,-573.184697,2026384,11754,1465209,0
1742602436,silver-class-deploy-57-6d6dd8c696-7fnwc_default,silver-controller-57,0.900000,0,average,1742602334,14775,260,87699,false,0.908075,27.852810,316145,3798,3160558,0
1742602439,bronze-class-deploy-37-758bc7cf96-f5gvr_default,bronze-controller-37,0.500000,0,average,1742602365,41015,283,33136,false,0.417026,-582.302519,2033393,11311,1462664,0
1742602442,bronze-class-deploy-56-6455fc5c5f-9n6hk_default,bronze-controller-56,0.500000,0,average,1742602362,46834,263,33196,false,0.416296,-586.738835,2035110,9867,1458474,0
1742602445,bronze-class-deploy-30-56698788c5-m5gp6_default,bronze-controller-30,0.500000,0,average,1742602370,41654,263,33276,false,0.416820,-584.770021,2038162,10899,1464539,0
1742602448,bronze-class-deploy-26-7f9d9f4558-lg2mh_default,bronze-controller-26,0.500000,0,average,1742602368,46514,183,33316,false,0.416557,-587.293730,2041296,11052,1465301,0
1742602450,silver-class-deploy-43-5d9bf4b8d7-cbwkx_default,silver-controller-43,0.900000,0,average,1742602331,12694,244,106856,false,0.908181,28.417046,316589,5042,3181264,0
1742602453,silver-class-deploy-64-99f5f94fd-s48mx_default,silver-controller-64,0.900000,0,average,1742602261,17994,182,174457,false,0.908881,30.829135,314346,4531,3180711,0
1742602456,bronze-class-deploy-52-c4b45f447-lcrz8_default,bronze-controller-52,0.500000,0,average,1742602373,50014,283,33176,false,0.415848,-592.804219,2045558,11087,1464093,0
1742602459,bronze-class-deploy-33-68477d8f4d-dg2m9_default,bronze-controller-33,0.500000,0,average,1742602385,43435,222,30636,false,0.415765,-594.206342,2048976,10784,1465805,0
1742602461,bronze-class-deploy-35-86448c4f4b-2ppc2_default,bronze-controller-35,0.500000,0,average,1742602388,40634,321,33039,false,0.416441,-590.036324,2048264,11219,1469696,0
1742602464,bronze-class-deploy-28-946b5bff6-lxs6c_default,bronze-controller-28,0.500000,0,average,1742602390,41515,203,33136,false,0.416604,-589.027720,2048914,10502,1470633,0
1742602467,bronze-class-deploy-49-6679588cdc-mg87g_default,bronze-controller-49,0.500000,0,average,1742602396,38255,263,33156,false,0.417353,-584.581730,2048467,11274,1475405,0
1742602470,bronze-class-deploy-63-7d44d578c5-bq26h_default,bronze-controller-63,0.500000,0,average,1742602393,44035,182,33256,false,0.417209,-584.979115,2045857,12166,1473298,0
1742602473,silver-class-deploy-57-6d6dd8c696-8pcks_default,silver-controller-57,0.900000,0,average,1742602436,3775,260,33559,false,0.907911,27.577731,319920,4059,3194137,0
1742602473,bronze-class-deploy-59-77b6864776-bbmhc_default,bronze-controller-59,0.500000,0,average,1742602402,40674,283,30675,false,0.416585,-590.170735,2051437,11537,1473060,0
1742602476,silver-class-deploy-21-7bf557854c-lkzjt_default,silver-controller-21,0.900000,0,average,1742602117,20954,184,338256,false,0.912430,43.664104,304992,4290,3222566,0
1742602479,bronze-class-deploy-45-79d9bb8755-ww2qn_default,bronze-controller-45,0.500000,0,average,1742602399,46495,260,33478,false,0.416456,-592.304145,2056781,10927,1475653,0
1742602482,bronze-class-deploy-9-6f75c4867-d4p6j_default,bronze-controller-9,0.500000,0,average,1742602408,40314,262,33598,false,0.417107,-589.663817,2061174,11182,1482941,0
1742602485,silver-class-deploy-39-7db65c5cf6-vzddm_default,silver-controller-39,0.900000,0,average,1742602077,35135,343,372796,false,0.911319,39.798418,309073,4669,3224128,0
1742602485,bronze-class-deploy-60-bd9f5c94d-mbzmp_default,bronze-controller-60,0.500000,0,average,1742602414,37134,261,33917,false,0.417246,-587.567091,2056474,11462,1480623,0
1742602488,bronze-class-deploy-40-79cf7d59cd-wn4pr_default,bronze-controller-40,0.500000,0,average,1742602405,51774,281,31179,false,0.416401,-595.057330,2065314,10862,1481360,0
1742602490,bronze-class-deploy-62-598b487446-5d2st_default,bronze-controller-62,0.500000,0,average,1742602376,83595,183,31196,false,0.416439,-593.659420,2060349,11689,1478639,0
1742602493,bronze-class-deploy-5-d8d757dd7-gh2fh_default,bronze-controller-5,0.500000,0,average,1742602416,37954,282,39577,false,0.418127,-584.149229,2063887,11043,1491021,0
1742602496,bronze-class-deploy-3-775f4fbdd9-t9hgl_default,bronze-controller-3,0.500000,0,average,1742602411,54155,262,31216,false,0.416139,-598.550933,2072401,10396,1484488,0
1742602499,bronze-class-deploy-7-6fc7b776fc-b7wcc_default,bronze-controller-7,0.500000,0,average,1742602419,43334,261,36858,false,0.417348,-590.422052,2069224,10990,1490037,0
1742602502,bronze-class-deploy-12-84c9ffbd8c-v49hh_default,bronze-controller-12,0.500000,0,average,1742602422,48834,183,31236,false,0.417206,-592.490907,2072935,11492,1492186,0
1742602505,bronze-class-deploy-54-8465ff778f-84cqr_default,bronze-controller-54,0.500000,0,average,1742602425,42975,263,36776,false,0.418001,-585.634183,2065957,11421,1492004,0
1742602507,bronze-class-deploy-1-7bfd84fb59-k7fb2_default,bronze-controller-1,0.500000,0,average,1742602431,43054,103,33676,false,0.417540,-590.606909,2074873,10204,1494703,0
1742602510,silver-class-deploy-19-7cc4c5b78-hk6kl_default,silver-controller-19,0.900000,0,average,1742602020,26255,222,464496,false,0.914305,50.693087,302985,2045,3254482,0
1742602511,silver-class-deploy-57-6d6dd8c696-vptbh_default,silver-controller-57,0.900000,0,average,1742602473,3715,262,34036,false,0.907777,27.400724,323636,4322,3228175,0
1742602514,bronze-class-deploy-56-6455fc5c5f-jgghg_default,bronze-controller-56,0.500000,0,average,1742602442,37655,283,34336,false,0.417484,-590.342199,2072765,10151,1492810,0
1742602514,bronze-class-deploy-23-654ffb5cc5-7sk42_default,bronze-controller-23,0.500000,0,average,1742602427,55514,183,31616,false,0.416403,-600.387592,2083963,10887,1494699,0
1742602517,bronze-class-deploy-37-758bc7cf96-nrgxh_default,bronze-controller-37,0.500000,0,average,1742602439,46735,261,31458,false,0.416678,-597.820090,2080128,11572,1494143,0
1742602520,bronze-class-deploy-26-7f9d9f4558-9mqf8_default,bronze-controller-26,0.500000,0,average,1742602447,41554,203,31496,false,0.416830,-597.553976,2082851,11256,1496798,0
1742602523,bronze-class-deploy-17-dd67c9dc4-b597k_default,bronze-controller-17,0.500000,0,average,1742602433,58295,281,31498,false,0.416513,-600.264100,2084679,12036,1496707,0
1742602525,bronze-class-deploy-30-56698788c5-7svz2_default,bronze-controller-30,0.500000,0,average,1742602445,49115,260,31538,false,0.416211,-602.607691,2087278,11159,1496078,0
1742602528,silver-class-deploy-51-7f7f588b74-gf549_default,silver-controller-51,0.900000,0,average,1742602405,12254,264,111115,false,0.907868,27.895798,324499,5185,3248716,0
1742602531,bronze-class-deploy-33-68477d8f4d-9hgrc_default,bronze-controller-33,0.500000,0,average,1742602459,40754,283,31356,false,0.416114,-603.888888,2089731,11067,1497162,0
1742602534,bronze-class-deploy-52-c4b45f447-9ckxz_default,bronze-controller-52,0.500000,0,average,1742602456,40934,263,37336,false,0.417148,-596.665618,2086493,11350,1501430,0
1742602534,bronze-class-deploy-35-86448c4f4b-czbql_default,bronze-controller-35,0.500000,0,average,1742602461,41574,181,31818,false,0.416772,-599.952642,2089839,11400,1501535,0
1742602537,bronze-class-deploy-28-946b5bff6-fpsfh_default,bronze-controller-28,0.500000,0,average,1742602464,41314,264,31916,false,0.416964,-598.689968,2090229,10766,1502550,0
1742602540,bronze-class-deploy-49-6679588cdc-ncms7_default,bronze-controller-49,0.500000,0,average,1742602467,41174,183,31956,false,0.417730,-593.981259,2089642,11457,1507362,0
1742602543,silver-class-deploy-57-6d6dd8c696-gdxhr_default,silver-controller-57,0.900000,0,average,1742602510,1515,183,31456,false,0.908156,29.023744,325151,4505,3259651,0
1742602545,bronze-class-deploy-63-7d44d578c5-mc24g_default,bronze-controller-63,0.500000,0,average,1742602470,44934,261,30759,false,0.416954,-599.395356,2090792,12428,1504078,0
1742602548,silver-class-deploy-27-7fd4cb7f5c-pgxwp_default,silver-controller-27,0.900000,0,average,1742601868,62415,283,617996,false,0.915137,54.250660,302057,3500,3295031,0
1742602551,bronze-class-deploy-1-7bfd84fb59-hsj9w_default,bronze-controller-1,0.500000,0,average,1742602507,42015,283,1857,false,0.412965,-631.049940,2116889,10488,1496560,0
1742602551,bronze-class-deploy-12-84c9ffbd8c-t7crr_default,bronze-controller-12,0.500000,0,average,1742602502,41455,280,7519,false,0.413616,-626.687921,2114390,11772,1499725,0
1742602551,bronze-class-deploy-17-dd67c9dc4-dr4kv_default,bronze-controller-17,0.500000,0,average,1742602523,28314,0,0,false,0.413260,-628.553849,2112994,12036,1496727,0
1742602551,bronze-class-deploy-23-654ffb5cc5-fqgg9_default,bronze-controller-23,0.500000,0,average,1742602514,32275,182,4996,false,0.413481,-627.848058,2116238,11070,1499696,0
1742602551,bronze-class-deploy-26-7f9d9f4558-tbtb8_default,bronze-controller-26,0.500000,0,average,1742602520,31515,0,0,false,0.413207,-629.044153,2114366,11256,1496818,0
1742602551,bronze-class-deploy-28-946b5bff6-zmlks_default,bronze-controller-28,0.500000,0,average,1742602537,14654,0,0,false,0.415279,-613.319539,2104883,10766,1502570,0
1742602551,bronze-class-deploy-3-775f4fbdd9-gh9q2_default,bronze-controller-3,0.500000,0,average,1742602496,38994,264,16495,false,0.414289,-621.314376,2111396,10660,1500985,0
1742602551,bronze-class-deploy-30-56698788c5-8j978_default,bronze-controller-30,0.500000,0,average,1742602525,26854,0,0,false,0.413125,-629.456449,2114132,11159,1496078,0
1742602551,bronze-class-deploy-33-68477d8f4d-c6s59_default,bronze-controller-33,0.500000,0,average,1742602531,20915,0,0,false,0.413709,-624.798540,2110647,11067,1497162,0
1742602552,bronze-class-deploy-59-77b6864776-tcjhh_default,bronze-controller-59,0.500000,0,average,1742602473,44754,261,34238,false,0.416927,-600.926931,2096192,11798,1507320,0
1742602554,bronze-class-deploy-35-86448c4f4b-l89pb_default,bronze-controller-35,0.500000,0,average,1742602534,20130,0,0,false,0.414456,-620.077368,2109969,11400,1501535,0
1742602554,bronze-class-deploy-37-758bc7cf96-pxgx9_default,bronze-controller-37,0.500000,0,average,1742602517,37152,0,0,false,0.412405,-634.966671,2117280,11572,1494143,0
1742602554,bronze-class-deploy-40-79cf7d59cd-pk4pz_default,bronze-controller-40,0.500000,0,average,1742602488,38215,180,27781,false,0.416466,-605.651807,2103529,11043,1509161,0
1742602554,bronze-class-deploy-45-79d9bb8755-stvlx_default,bronze-controller-45,0.500000,0,average,1742602479,41575,263,33516,false,0.417046,-600.626157,2098356,11190,1509170,0
1742602554,bronze-class-deploy-49-6679588cdc-ngqvv_default,bronze-controller-49,0.500000,0,average,1742602540,14580,0,0,false,0.416052,-608.536878,2104223,11457,1507382,0
1742602554,bronze-class-deploy-5-d8d757dd7-2gchv_default,bronze-controller-5,0.500000,0,average,1742602493,47635,261,13808,false,0.414821,-618.238001,2111522,11304,1504829,0
1742602554,bronze-class-deploy-52-c4b45f447-hj6x8_default,bronze-controller-52,0.500000,0,average,1742602534,20729,0,0,false,0.414759,-617.389531,2107223,11350,1501431,0
1742602554,bronze-class-deploy-54-8465ff778f-n9v9k_default,bronze-controller-54,0.500000,0,average,1742602504,50755,0,0,false,0.412140,-636.383438,2116712,11421,1492004,0
1742602554,bronze-class-deploy-56-6455fc5c5f-csvnd_default,bronze-controller-56,0.500000,0,average,1742602514,40780,0,0,false,0.412777,-631.117328,2113546,10151,1492810,0
1742602554,bronze-class-deploy-60-bd9f5c94d-c92bv_default,bronze-controller-60,0.500000,0,average,1742602485,46735,200,22868,false,0.415517,-611.632912,2103209,11662,1503492,0
1742602554,bronze-class-deploy-62-598b487446-snbxd_default,bronze-controller-62,0.500000,0,average,1742602490,38954,183,25691,false,0.416081,-607.083740,2099304,11873,1504352,0
1742602554,bronze-class-deploy-63-7d44d578c5-mfhl7_default,bronze-controller-63,0.500000,0,average,1742602545,9879,0,0,false,0.415819,-609.250495,2100671,12428,1504098,0
1742602554,bronze-class-deploy-7-6fc7b776fc-z6kqz_default,bronze-controller-7,0.500000,0,average,1742602499,38815,283,16806,false,0.415548,-612.714382,2108039,11274,1506844,0
1742602554,bronze-class-deploy-9-6f75c4867-dmvr7_default,bronze-controller-9,0.500000,0,average,1742602482,41395,281,31253,false,0.417337,-600.087332,2102569,11463,1514195,0
1742602554,gold-class-deploy-11-85fffb599d-2l52x_default,gold-controller-11,1.000000,0,average,1742598953,455,5,3601495,false,0.999872,-0.466308,455,5,3601495,0
1742602554,gold-class-deploy-16-64c57b76fc-zfpg7_default,gold-controller-16,1.000000,0,average,1742598954,455,2,3600522,false,0.999873,-0.460347,455,2,3600522,0
1742602555,gold-class-deploy-2-58ff5bfb68-wfg75_default,gold-controller-2,1.000000,0,average,1742598952,299,5,3602701,false,0.999916,-0.309393,299,5,3602701,0
1742602555,gold-class-deploy-20-7c6677dd86-46tq5_default,gold-controller-20,1.000000,0,average,1742598955,255,3,3599771,false,0.999928,-0.262559,255,3,3599771,0
1742602555,gold-class-deploy-25-6b95f6d5bc-wj29f_default,gold-controller-25,1.000000,0,average,1742598956,656,7,3598391,false,0.999816,-0.671396,656,7,3598391,0
1742602555,gold-class-deploy-29-79d44d9d47-fk7rk_default,gold-controller-29,1.000000,0,average,1742598957,454,2,3597647,false,0.999873,-0.459487,454,2,3597647,0
1742602555,gold-class-deploy-31-7d9b8cfc48-7nl9p_default,gold-controller-31,1.000000,0,average,1742598957,855,2,3597272,false,0.999761,-0.860995,855,2,3597272,0
1742602555,gold-class-deploy-34-69fd555c65-grhjp_default,gold-controller-34,1.000000,0,average,1742598958,455,4,3596692,false,0.999872,-0.465751,455,4,3596692,0
1742602555,gold-class-deploy-36-6cdc8887dc-nvw96_default,gold-controller-36,1.000000,0,average,1742598958,755,4,3596420,false,0.999789,-0.765609,755,4,3596420,0
1742602555,gold-class-deploy-38-7fb45c457-9xqg6_default,gold-controller-38,1.000000,0,average,1742598958,1004,4,3596346,false,0.999720,-1.013596,1004,4,3596346,0
1742602555,gold-class-deploy-41-557fbbcdf-v4sjh_default,gold-controller-41,1.000000,0,average,1742598960,257,5,3595317,false,0.999927,-0.268301,257,5,3595317,0
1742602555,gold-class-deploy-42-677479d5bb-wq77n_default,gold-controller-42,1.000000,0,average,1742598960,303,4,3595397,false,0.999914,-0.313109,303,4,3595397,0
1742602555,gold-class-deploy-44-5f5ddbf544-smr44_default,gold-controller-44,1.000000,0,average,1742598960,656,5,3595068,false,0.999816,-0.666269,656,5,3595068,0
1742602555,gold-class-deploy-48-788d6d948-nfkl7_default,gold-controller-48,1.000000,0,average,1742598961,754,4,3593996,false,0.999789,-0.763490,754,4,3593996,0
1742602555,gold-class-deploy-50-67c48ff89f-zhwvk_default,gold-controller-50,1.000000,0,average,1742598962,154,2,3593623,false,0.999956,-0.159893,154,2,3593623,0
1742602555,gold-class-deploy-53-58f566cd44-4448c_default,gold-controller-53,1.000000,0,average,1742598962,3374,183,3590246,false,0.999010,-3.741506,3374,183,3590246,0
1742602555,gold-class-deploy-55-65ff84f6cd-v5wfl_default,gold-controller-55,1.000000,0,average,1742598963,5194,263,3587371,false,0.998481,-5.722601,5194,263,3587371,0
1742602555,gold-class-deploy-58-584db6b8f5-t67nw_default,gold-controller-58,1.000000,0,average,1742598963,8854,221,3583804,false,0.997474,-9.298087,8854,221,3583804,0
1742602555,gold-class-deploy-6-6df4d4d67b-mt26h_default,gold-controller-6,1.000000,0,average,1742598952,666,5,3603233,false,0.999814,-0.677374,666,5,3603233,0
1742602555,gold-class-deploy-61-6974d7df9-ddtdr_default,gold-controller-61,1.000000,0,average,1742598964,8054,323,3583552,false,0.997668,-8.701731,8054,323,3583552,0
1742602555,silver-class-deploy-10-6866d9b887-c4bg6_default,silver-controller-10,0.900000,0,average,1742598953,255,8,3602691,false,0.999927,360.023617,255,8,3602691,0
1742602555,silver-class-deploy-13-6d4fc9b4bd-mqvt5_default,silver-controller-13,0.900000,0,average,1742598953,806,3,3602170,false,0.999775,359.485556,806,3,3602170,0
1742602556,silver-class-deploy-14-79f95c48b7-5c29z_default,silver-controller-14,0.900000,0,average,1742598954,157,4,3601842,false,0.999955,360.033086,157,4,3601842,0
1742602556,silver-class-deploy-15-cb96c7dc4-ccqdw_default,silver-controller-15,0.900000,0,average,1742598954,252,4,3601772,false,0.999928,359.940626,252,4,3601772,0
1742602556,silver-class-deploy-18-5dd44b47c5-624t7_default,silver-controller-18,0.900000,0,average,1742602379,23675,203,153176,false,0.906247,22.344779,334198,4679,3275684,0
1742602556,silver-class-deploy-19-7cc4c5b78-vx8gr_default,silver-controller-19,0.900000,0,average,1742602510,46105,0,0,false,0.902614,+Inf,349090,2045,3254483,0
1742602556,silver-class-deploy-21-7bf557854c-c2fsm_default,silver-controller-21,0.900000,0,average,1742602476,35675,281,44174,false,0.904419,15.720332,340667,4571,3266760,0
1742602556,silver-class-deploy-22-8456bfbbc6-lt58b_default,silver-controller-22,0.900000,0,average,1742600045,42354,284,2468516,false,0.966926,241.061216,116457,2799,3486468,0
1742602556,silver-class-deploy-24-74886c7d7d-w24cs_default,silver-controller-24,0.900000,0,average,1742602337,40095,321,178762,false,0.904503,16.023672,339837,5060,3266723,0
1742602556,silver-class-deploy-27-7fd4cb7f5c-ts8pv_default,silver-controller-27,0.900000,0,average,1742602548,8354,0,0,false,0.913018,+Inf,310412,3500,3295051,0
1742602556,silver-class-deploy-32-84b675c847-mzl5g_default,silver-controller-32,0.900000,0,average,1742602379,23834,283,153336,false,0.906601,23.580400,332199,5002,3273125,0
1742602556,silver-class-deploy-39-7db65c5cf6-jn8tn_default,silver-controller-39,0.900000,0,average,1742602485,23334,321,47824,false,0.906521,23.286678,332408,4990,3271953,0
1742602556,silver-class-deploy-4-6bdc57b47d-7lhnh_default,silver-controller-4,0.900000,0,average,1742598952,482,6,3604016,false,0.999864,359.955370,482,6,3604016,0
1742602556,silver-class-deploy-43-5d9bf4b8d7-n2j27_default,silver-controller-43,0.900000,0,average,1742602450,20994,282,85253,false,0.904997,17.793194,337584,5324,3266537,0
1742602556,silver-class-deploy-46-6dfc7c9ccd-9vldq_default,silver-controller-46,0.900000,0,average,1742601877,48735,322,630497,false,0.916554,59.420559,296767,4044,3304046,0
1742602556,silver-class-deploy-47-5bf947bd4c-pf824_default,silver-controller-47,0.900000,0,average,1742602382,38274,181,136124,false,0.904117,14.620183,341451,4403,3261216,0
1742602556,silver-class-deploy-51-7f7f588b74-gj4g8_default,silver-controller-51,0.900000,0,average,1742602528,3895,321,24388,false,0.907430,26.538705,328395,5506,3273124,0
1742602556,silver-class-deploy-57-6d6dd8c696-cmzb8_default,silver-controller-57,0.900000,0,average,1742602543,13627,0,0,false,0.904721,+Inf,338779,4505,3259651,0
1742602556,silver-class-deploy-64-99f5f94fd-k6jlp_default,silver-controller-64,0.900000,0,average,1742602453,29674,281,73699,false,0.903189,11.239150,344020,4813,3254431,0
1742602556,silver-class-deploy-8-5dc4bbd97d-r6wrq_default,silver-controller-8,0.900000,0,average,1742598952,956,16,3603708,false,0.999730,359.479433,956,16,3603708,0
