1742762105,silver-class-deploy-25-646545667-w68q5_default,silver-controller-25,0.900000,0,average,1742762060,3500,43,41804,false,0.915309,30.500595,165838,3333,1828349,0
1742762106,silver-class-deploy-18-5dd44b47c5-vl5ww_default,silver-controller-18,0.900000,0,average,1742762056,5979,203,44485,false,0.913758,27.414136,168366,4090,1827230,0
1742762108,silver-class-deploy-23-5dfcff5b8f-2rbrt_default,silver-controller-23,0.900000,0,average,1742762058,4160,160,46026,false,0.914628,29.167004,167348,3346,1828742,0
1742762108,silver-class-deploy-29-64fbff7759-sj4dm_default,silver-controller-29,0.900000,0,average,1742762058,4300,122,45963,false,0.914716,29.318794,166843,3567,1827754,0
1742762110,silver-class-deploy-12-66b6ffdcc7-z7hv7_default,silver-controller-12,0.900000,0,average,1742762051,6240,103,53324,false,0.914762,29.526088,168305,2578,1833898,0
1742762110,silver-class-deploy-11-76847d46-zcrdc_default,silver-controller-11,0.900000,0,average,1742762055,3921,200,51586,false,0.915187,30.420555,166923,3429,1838218,0
1742762112,silver-class-deploy-4-6bdc57b47d-5pplv_default,silver-controller-4,0.900000,0,average,1742762055,6900,122,50844,false,0.913594,27.187795,169750,3617,1833073,0
1742762115,silver-class-deploy-9-6bb457cd89-m99lz_default,silver-controller-9,0.900000,0,average,1742762044,2176,23,68987,false,0.917027,34.146529,163787,2959,1842917,0
1742762115,silver-class-deploy-14-79f95c48b7-ks47b_default,silver-controller-14,0.900000,0,average,1742762053,1140,161,60945,false,0.916303,32.627176,163964,4038,1839286,0
1742762115,bronze-class-deploy-8-6fff566748-j6r9z_default,bronze-controller-8,0.500000,0,average,1742761936,24458,183,154726,false,0.379547,-482.157704,1239130,2371,759457,0
1742762123,bronze-class-deploy-16-74dd4696ff-dpmq6_default,bronze-controller-16,0.500000,0,average,1742762039,77447,223,6697,false,0.376047,-497.401793,1248307,3258,754300,0
1742762159,bronze-class-deploy-21-7b55589449-nwfgz_default,bronze-controller-21,0.500000,0,average,1742762009,107647,202,42490,false,0.387610,-460.036096,1250076,2955,793101,0
1742762160,bronze-class-deploy-6-c8cc7f9db-7r4n8_default,bronze-controller-6,0.500000,0,average,1742761857,254367,203,48554,false,0.382090,-482.840031,1261717,3148,782142,0
1742761742760132,bronze-class-deploy-21-7b55589449-9bmpj_default,bronze-controller-21,0.500000,0,average,1742760131,828,6,1125,false,0.573949,0.138248,828,6,1125,0
1742760135,bronze-class-deploy-20-5fd9977fb4-lxgf2_default,bronze-controller-20,0.500000,0,average,1742760131,183,5,4226,false,0.957170,2.013355,183,5,4226,0
1742760136,bronze-class-deploy-16-74dd4696ff-4qxj4_default,bronze-controller-16,0.500000,0,average,1742760130,282,4,6629,false,0.958550,3.166993,282,4,6629,0
1742760178,bronze-class-deploy-15-6fb6d4fc68-ffmf8_default,bronze-controller-15,0.500000,0,average,1742760130,182,2,48674,false,0.996215,24.242362,182,2,48674,0
1742760179,bronze-class-deploy-8-6fff566748-hw4fn_default,bronze-controller-8,0.500000,0,average,1742760128,829,4,50792,false,0.983852,24.974698,829,4,50792,0
1742760180,bronze-class-deploy-6-c8cc7f9db-gbfxk_default,bronze-controller-6,0.500000,0,average,1742760128,543,6,52356,false,0.989606,25.896580,543,6,52356,0
1742760182,bronze-class-deploy-3-775f4fbdd9-7mlb5_default,bronze-controller-3,0.500000,0,average,1742760128,265,7,53953,false,0.994966,26.832698,265,7,53953,0
1742760183,bronze-class-deploy-1-7bfd84fb59-mpmzx_default,bronze-controller-1,0.500000,0,average,1742760128,96,5,55404,false,0.998159,27.645093,96,5,55404,0
1742760238,bronze-class-deploy-21-7b55589449-msthd_default,bronze-controller-21,0.500000,0,average,1742760133,56286,60,49545,false,0.469813,-6.545351,57114,67,50671,0
1742760239,bronze-class-deploy-26-7f9d9f4558-27kj4_default,bronze-controller-26,0.500000,0,average,1742760132,55985,101,51511,false,0.478734,-4.678086,55985,101,51511,0
1742760240,bronze-class-deploy-31-77756c9778-8pxm6_default,bronze-controller-31,0.500000,0,average,1742760133,52506,244,55168,false,0.511203,0.964819,52506,244,55168,0
1742760242,bronze-class-deploy-28-946b5bff6-6rmk9_default,bronze-controller-28,0.500000,0,average,1742760132,53386,143,56649,false,0.514159,1.416349,53386,143,56649,0
1742760243,bronze-class-deploy-32-7bb47fdcc7-pc78j_default,bronze-controller-32,0.500000,0,average,1742760133,50966,203,59329,false,0.536921,3.876430,50966,203,59329,0
1742760298,bronze-class-deploy-16-74dd4696ff-jkckj_default,bronze-controller-16,0.500000,0,average,1742760136,112758,101,50072,false,0.333839,-56.497437,113040,105,56702,0
1742760299,bronze-class-deploy-20-5fd9977fb4-59dcp_default,bronze-controller-20,0.500000,0,average,1742760135,113678,123,50874,false,0.325943,-58.934915,113862,128,55121,0
1742760301,bronze-class-deploy-8-6fff566748-ttsdk_default,bronze-controller-8,0.500000,0,average,1742760179,68338,102,53575,false,0.601052,17.493512,69167,106,104368,0
1742760302,bronze-class-deploy-15-6fb6d4fc68-7nhnj_default,bronze-controller-15,0.500000,0,average,1742760178,67939,120,56276,false,0.605971,18.292340,68122,123,104953,0
1742760303,bronze-class-deploy-21-7b55589449-bgncl_default,bronze-controller-21,0.500000,0,average,1742760238,8018,24,57573,false,0.623994,21.478538,65133,92,108244,0
1742760358,bronze-class-deploy-1-7bfd84fb59-pj8gz_default,bronze-controller-1,0.500000,0,average,1742760183,129517,5,46448,false,0.440059,-27.758301,129613,11,101872,0
1742760359,bronze-class-deploy-3-775f4fbdd9-gtg4r_default,bronze-controller-3,0.500000,0,average,1742760182,129516,3,48274,false,0.440646,-27.550291,129782,10,102248,0
1742760361,bronze-class-deploy-6-c8cc7f9db-nwn29_default,bronze-controller-6,0.500000,0,average,1742760180,130140,37,50896,false,0.441335,-27.476950,130684,43,103272,0
1742760362,bronze-class-deploy-20-5fd9977fb4-b64mc_default,bronze-controller-20,0.500000,0,average,1742760299,7217,163,55954,false,0.477897,-10.373682,121079,291,111095,0
1742760363,bronze-class-deploy-26-7f9d9f4558-vpl5t_default,bronze-controller-26,0.500000,0,average,1742760239,66076,124,58433,false,0.473473,-12.435375,122062,226,109966,0
1742760419,bronze-class-deploy-32-7bb47fdcc7-zqsq9_default,bronze-controller-32,0.500000,0,average,1742760243,130157,5,45846,false,0.367140,-76.240810,181123,208,105195,0
1742760419,bronze-class-deploy-28-946b5bff6-lxq6m_default,bronze-controller-28,0.500000,0,average,1742760242,130156,2,47658,false,0.362229,-79.434293,183542,146,104327,0
1742760421,bronze-class-deploy-31-77756c9778-5qddk_default,bronze-controller-31,0.500000,0,average,1742760240,130359,36,50781,false,0.366528,-77.318055,182866,280,105969,0
1742760422,bronze-class-deploy-1-7bfd84fb59-bjt28_default,bronze-controller-1,0.500000,0,average,1742760358,7395,202,56859,false,0.536341,10.683919,137008,214,158734,0
1742760423,bronze-class-deploy-16-74dd4696ff-bx4p4_default,bronze-controller-16,0.500000,0,average,1742760298,66134,142,59560,false,0.393201,-63.241085,179175,248,116265,0
1742760425,silver-class-deploy-23-5dfcff5b8f-wvqvc_default,silver-controller-23,0.900000,0,average,1742760132,82,2,293392,false,0.999709,29.259405,82,2,293392,0
1742760427,silver-class-deploy-25-646545667-4qtfx_default,silver-controller-25,0.900000,0,average,1742760132,532,2,295001,false,0.998188,29.015548,532,2,295001,0
1742760429,silver-class-deploy-18-5dd44b47c5-cp5hs_default,silver-controller-18,0.900000,0,average,1742760130,780,4,298412,false,0.997376,29.129994,780,4,298412,0
1742760430,silver-class-deploy-14-79f95c48b7-jrnt2_default,silver-controller-14,0.900000,0,average,1742760130,27,4,300705,false,0.999895,30.037743,27,4,300705,0
1742760432,silver-class-deploy-12-66b6ffdcc7-fwjpf_default,silver-controller-12,0.900000,0,average,1742760129,531,5,302881,false,0.998231,29.800072,531,5,302881,0
1742760432,silver-class-deploy-11-76847d46-f5d79_default,silver-controller-11,0.900000,0,average,1742760129,334,4,303118,false,0.998883,30.002053,334,4,303118,0
1742760434,silver-class-deploy-10-6866d9b887-bzdnh_default,silver-controller-10,0.900000,0,average,1742760129,183,2,304951,false,0.999389,30.324722,183,2,304951,0
1742760436,bronze-class-deploy-1-7bfd84fb59-zkjtg_default,bronze-controller-1,0.500000,0,average,1742760422,13117,203,1137,false,0.515055,4.569018,150126,417,159891,0
1742760437,bronze-class-deploy-16-74dd4696ff-57kkt_default,bronze-controller-16,0.500000,0,average,1742760423,11897,244,2395,false,0.382537,-73.007459,191072,492,118680,0
1742760438,bronze-class-deploy-15-6fb6d4fc68-b8v8j_default,bronze-controller-15,0.500000,0,average,1742760302,132738,183,3996,false,0.351359,-92.299696,200860,306,108969,0
1742760440,silver-class-deploy-9-6bb457cd89-zfpf9_default,silver-controller-9,0.900000,0,average,1742760128,931,5,311620,false,0.997002,30.313365,931,5,311620,0
1742760441,silver-class-deploy-4-6bdc57b47d-s4c6l_default,silver-controller-4,0.900000,0,average,1742760128,364,5,313587,false,0.998821,31.020386,364,5,313587,0
1742760446,bronze-class-deploy-15-6fb6d4fc68-nj2jh_default,bronze-controller-15,0.500000,0,average,1742760438,5577,101,3277,false,0.351810,-94.680902,206437,408,112266,0
1742760456,bronze-class-deploy-6-c8cc7f9db-jvbb8_default,bronze-controller-6,0.500000,0,average,1742760360,66017,181,30678,false,0.404871,-63.031075,196701,225,133970,0
1742760457,bronze-class-deploy-28-946b5bff6-wwtch_default,bronze-controller-28,0.500000,0,average,1742760419,7177,244,30825,false,0.414247,-56.086260,190719,390,135153,0
1742760458,bronze-class-deploy-32-7bb47fdcc7-xgxn2_default,bronze-controller-32,0.500000,0,average,1742760419,8898,143,30424,false,0.416025,-54.868619,190022,351,135622,0
1742760459,bronze-class-deploy-3-775f4fbdd9-rsb2t_default,bronze-controller-3,0.500000,0,average,1742760359,65239,160,35346,false,0.413460,-57.655762,195022,171,137594,0
1742760461,bronze-class-deploy-31-77756c9778-g78x5_default,bronze-controller-31,0.500000,0,average,1742760421,8537,160,31787,false,0.417983,-54.216564,191404,441,137776,0
1742760463,silver-class-deploy-25-646545667-ghnw4_default,silver-controller-25,0.900000,0,average,1742760427,4077,203,32005,false,0.985487,28.265251,4610,206,327027,0
1742760464,silver-class-deploy-29-64fbff7759-fhtzl_default,silver-controller-29,0.900000,0,average,1742760133,5455,244,326127,false,0.982823,27.238828,5455,244,326127,0
1742760466,silver-class-deploy-14-79f95c48b7-rktrs_default,silver-controller-14,0.900000,0,average,1742760430,5437,163,31225,false,0.983316,28.042361,5464,167,331951,0
1742760475,silver-class-deploy-18-5dd44b47c5-5h5dz_default,silver-controller-18,0.900000,0,average,1742760429,6297,182,40178,false,0.978993,27.228232,7078,187,338611,0
1742760475,silver-class-deploy-12-66b6ffdcc7-n5tgp_default,silver-controller-12,0.900000,0,average,1742760432,5917,103,37643,false,0.981108,28.096842,6448,108,340524,0
1742760477,silver-class-deploy-11-76847d46-6htsl_default,silver-controller-11,0.900000,0,average,1742760432,7219,141,38252,false,0.977942,27.134082,7553,146,341371,0
1742760477,silver-class-deploy-9-6bb457cd89-hv8nh_default,silver-controller-9,0.900000,0,average,1742760440,5957,63,31631,false,0.980134,28.031071,6889,68,343271,0
1742760479,bronze-class-deploy-21-7b55589449-5rxmx_default,bronze-controller-21,0.500000,0,average,1742760303,175113,202,1237,false,0.312784,-131.133670,240247,294,109482,0
1742760484,silver-class-deploy-4-6bdc57b47d-lvpr6_default,silver-controller-4,0.900000,0,average,1742760441,8164,34,35213,false,0.976023,27.149808,8529,40,348821,0
1742760487,silver-class-deploy-23-5dfcff5b8f-bfm8k_default,silver-controller-23,0.900000,0,average,1742760425,7918,143,54111,false,0.977095,27.347199,8000,146,347522,0
1742760487,silver-class-deploy-10-6866d9b887-7gkvl_default,silver-controller-10,0.900000,0,average,1742760434,8236,183,44792,false,0.975983,27.136800,8420,186,349763,0
1742760493,bronze-class-deploy-15-6fb6d4fc68-fqh4z_default,bronze-controller-15,0.500000,0,average,1742760446,14146,123,33062,false,0.396593,-75.892100,220584,531,145330,0
1742760493,bronze-class-deploy-16-74dd4696ff-hbzg7_default,bronze-controller-16,0.500000,0,average,1742760437,24846,141,31384,false,0.409323,-66.614269,215918,633,150065,0
1742760493,bronze-class-deploy-6-c8cc7f9db-vq69g_default,bronze-controller-6,0.500000,0,average,1742760456,5966,163,31323,false,0.448746,-37.856414,202667,388,165297,0
1742760496,silver-class-deploy-29-64fbff7759-kkr6p_default,silver-controller-29,0.900000,0,average,1742760464,1306,263,31142,false,0.980059,28.932743,6762,507,357289,0
1742760498,silver-class-deploy-25-646545667-848xf_default,silver-controller-25,0.900000,0,average,1742760463,2527,201,32444,false,0.979444,29.022983,7137,407,359492,0
1742760500,bronze-class-deploy-20-5fd9977fb4-xnd2p_default,bronze-controller-20,0.500000,0,average,1742760362,105126,203,33423,false,0.389339,-82.287390,226206,495,144538,0
1742760500,bronze-class-deploy-8-6fff566748-vzs6c_default,bronze-controller-8,0.500000,0,average,1742760300,168546,103,32142,false,0.364611,-101.464570,237714,210,136530,0
1742760506,silver-class-deploy-18-5dd44b47c5-j684h_default,silver-controller-18,0.900000,0,average,1742760475,792,7,31053,false,0.978649,29.643845,7870,194,369671,0
1742760508,silver-class-deploy-14-79f95c48b7-lbg2x_default,silver-controller-14,0.900000,0,average,1742760466,2626,164,39561,false,0.977833,29.462355,8090,331,371534,0
1742760509,silver-class-deploy-12-66b6ffdcc7-cmvfl_default,silver-controller-12,0.900000,0,average,1742760475,3272,201,31098,false,0.973717,28.031506,9721,309,371625,0
1742760510,silver-class-deploy-11-76847d46-mbzpk_default,silver-controller-11,0.900000,0,average,1742760477,1453,163,32256,false,0.975672,28.874944,9006,309,373627,0
1742760518,silver-class-deploy-10-6866d9b887-6z9fr_default,silver-controller-10,0.900000,0,average,1742760487,553,103,30377,false,0.976212,29.580559,8973,289,380140,0
1742760518,silver-class-deploy-4-6bdc57b47d-bpwbj_default,silver-controller-4,0.900000,0,average,1742760484,752,104,33178,false,0.975920,29.670718,9281,144,382021,0
1742760519,bronze-class-deploy-6-c8cc7f9db-tbxkk_default,bronze-controller-6,0.500000,0,average,1742760493,25192,23,957,false,0.421431,-62.080871,227860,411,166274,0
1742760520,silver-class-deploy-9-6bb457cd89-p7fgp_default,silver-controller-9,0.900000,0,average,1742760477,5132,63,38176,false,0.969123,27.164256,12022,131,381469,0
1742760520,silver-class-deploy-23-5dfcff5b8f-4tr9d_default,silver-controller-23,0.900000,0,average,1742760487,1853,61,31497,false,0.974140,28.777401,9854,207,379020,0
1742760526,bronze-class-deploy-3-775f4fbdd9-8c4b6_default,bronze-controller-3,0.500000,0,average,1742760459,35152,141,31877,false,0.423752,-61.073543,230175,312,169492,0
1742760526,bronze-class-deploy-32-7bb47fdcc7-xr8tc_default,bronze-controller-32,0.500000,0,average,1742760458,36273,160,31779,false,0.424681,-59.514370,226295,512,167421,0
1742760527,bronze-class-deploy-15-6fb6d4fc68-b7s2h_default,bronze-controller-15,0.500000,0,average,1742760493,3953,63,30495,false,0.438541,-49.386436,224537,595,175845,0
1742760530,silver-class-deploy-29-64fbff7759-4lm66_default,silver-controller-29,0.900000,0,average,1742760496,3452,61,31298,false,0.972999,28.965581,10215,569,388609,0
1742760533,silver-class-deploy-25-646545667-bm2t4_default,silver-controller-25,0.900000,0,average,1742760498,3453,161,31438,false,0.972248,28.909525,10590,568,390950,0
1742760534,bronze-class-deploy-8-6fff566748-48wcx_default,bronze-controller-8,0.500000,0,average,1742760500,1333,163,32816,false,0.414286,-70.167659,239047,373,169346,0
1742760539,bronze-class-deploy-20-5fd9977fb4-mdgl7_default,bronze-controller-20,0.500000,0,average,1742760500,7112,63,32096,false,0.430279,-57.355056,233319,558,176635,0
1742760541,silver-class-deploy-12-66b6ffdcc7-r4nh7_default,silver-controller-12,0.900000,0,average,1742760509,2252,101,30618,false,0.970130,28.976632,11974,411,402264,0
1742760543,silver-class-deploy-14-79f95c48b7-sf6t6_default,silver-controller-14,0.900000,0,average,1742760508,3315,61,31875,false,0.971582,29.622974,11406,393,403409,0
1742760544,silver-class-deploy-11-76847d46-h9p9l_default,silver-controller-11,0.900000,0,average,1742760510,3633,22,30936,false,0.968932,28.699827,12639,332,404584,0
1742760546,silver-class-deploy-18-5dd44b47c5-lkgwl_default,silver-controller-18,0.900000,0,average,1742760506,5173,123,35076,false,0.968045,28.372085,13043,318,404768,0
1742760552,silver-class-deploy-9-6bb457cd89-wn795_default,silver-controller-9,0.900000,0,average,1742760520,713,21,31919,false,0.969764,29.700745,12735,153,413388,0
1742760552,silver-class-deploy-4-6bdc57b47d-zprgx_default,silver-controller-4,0.900000,0,average,1742760518,3755,40,30897,false,0.968974,29.346861,13037,184,412925,0
1742760554,silver-class-deploy-23-5dfcff5b8f-6l6m7_default,silver-controller-23,0.900000,0,average,1742760520,1755,63,32374,false,0.971932,30.379541,11609,270,411395,0
1742760555,bronze-class-deploy-32-7bb47fdcc7-6cg75_default,bronze-controller-32,0.500000,0,average,1742760526,27033,63,2256,false,0.400607,-84.321592,253328,575,169697,0
1742760561,silver-class-deploy-10-6866d9b887-tl7x5_default,silver-controller-10,0.900000,0,average,1742760518,193,43,43615,false,0.978073,33.742596,9166,333,423762,0
1742760561,bronze-class-deploy-21-7b55589449-6zrgs_default,bronze-controller-21,0.500000,0,average,1742760479,50712,23,32237,false,0.327328,-149.603207,290960,317,141738,0
1742760565,silver-class-deploy-29-64fbff7759-mr5fb_default,silver-controller-29,0.900000,0,average,1742760530,5173,140,30399,false,0.963004,27.237392,15388,709,419028,0
1742760569,bronze-class-deploy-31-77756c9778-lf69b_default,bronze-controller-31,0.500000,0,average,1742760461,74292,243,34001,false,0.392073,-94.754764,265696,685,171798,0
1742760569,silver-class-deploy-25-646545667-ph84d_default,silver-controller-25,0.900000,0,average,1742760532,4913,101,32536,false,0.963214,27.660005,15503,670,423507,0
1742760569,bronze-class-deploy-6-c8cc7f9db-r22w6_default,bronze-controller-6,0.500000,0,average,1742760519,16513,200,33843,false,0.449621,-44.952354,244374,612,200137,0
1742760573,bronze-class-deploy-28-946b5bff6-6f29l_default,bronze-controller-28,0.500000,0,average,1742760457,82673,141,33410,false,0.380946,-105.492663,273392,531,168564,0
1742760575,silver-class-deploy-12-66b6ffdcc7-x79wm_default,silver-controller-12,0.900000,0,average,1742760541,3953,103,30528,false,0.963401,28.380431,15927,514,432812,0
1742760576,bronze-class-deploy-15-6fb6d4fc68-p4l4h_default,bronze-controller-15,0.500000,0,average,1742760527,18033,122,31608,false,0.460274,-35.916828,242571,717,207474,0
1742760579,silver-class-deploy-18-5dd44b47c5-h7bhr_default,silver-controller-18,0.900000,0,average,1742760546,1752,101,31391,false,0.966293,29.840398,14795,419,436180,0
1742760579,silver-class-deploy-14-79f95c48b7-cvt6t_default,silver-controller-14,0.900000,0,average,1742760543,4815,60,31408,false,0.963067,28.384913,16221,453,434839,0
1742760580,silver-class-deploy-11-76847d46-6rkc5_default,silver-controller-11,0.900000,0,average,1742760544,3672,123,32728,false,0.963071,28.549466,16312,456,437332,0
1742760587,silver-class-deploy-4-6bdc57b47d-xcsdz_default,silver-controller-4,0.900000,0,average,1742760552,2372,24,33327,false,0.966184,30.526802,15409,208,446253,0
1742760587,silver-class-deploy-9-6bb457cd89-dmhpm_default,silver-controller-9,0.900000,0,average,1742760552,2372,43,33348,false,0.966875,30.859675,15108,196,446737,0
1742760589,bronze-class-deploy-8-6fff566748-w9jzf_default,bronze-controller-8,0.500000,0,average,1742760534,54145,63,1035,false,0.367221,-123.315231,293192,437,170402,0
1742760593,silver-class-deploy-23-5dfcff5b8f-nt52p_default,silver-controller-23,0.900000,0,average,1742760554,4513,22,34946,false,0.964525,29.802230,16123,293,446361,0
1742760593,bronze-class-deploy-21-7b55589449-pkd2j_default,bronze-controller-21,0.500000,0,average,1742760561,1433,101,30952,false,0.371004,-120.171634,292393,419,172711,0
1742760596,silver-class-deploy-29-64fbff7759-j9snw_default,silver-controller-29,0.900000,0,average,1742760565,797,39,30652,false,0.963709,29.577655,16185,748,449680,0
1742760596,silver-class-deploy-10-6866d9b887-6df5d_default,silver-controller-10,0.900000,0,average,1742760561,4797,60,30643,false,0.969372,32.441955,13964,393,454426,0
1742760599,bronze-class-deploy-21-7b55589449-pgf2h_default,bronze-controller-21,0.500000,0,average,1742760593,3621,53,3037,false,0.372178,-120.794770,296014,472,175760,0
1742760600,silver-class-deploy-25-646545667-9fj7k_default,silver-controller-25,0.900000,0,average,1742760569,1069,36,30805,false,0.963358,29.761704,16573,706,454320,0
1742760600,bronze-class-deploy-31-77756c9778-b4bt8_default,bronze-controller-31,0.500000,0,average,1742760569,680,5,31265,false,0.431955,-64.121032,266377,690,203085,0
1742760607,bronze-class-deploy-20-5fd9977fb4-9q9nb_default,bronze-controller-20,0.500000,0,average,1742760539,38004,24,30547,false,0.432473,-64.802846,271324,583,207202,0
1742760607,bronze-class-deploy-28-946b5bff6-wn5p8_default,bronze-controller-28,0.500000,0,average,1742760573,385,21,34384,false,0.425269,-71.452295,273778,553,202989,0
1742760608,silver-class-deploy-12-66b6ffdcc7-mwhv5_default,silver-controller-12,0.900000,0,average,1742760575,2004,44,31922,false,0.961734,29.738361,17932,558,464735,0
1742760611,silver-class-deploy-14-79f95c48b7-46hpc_default,silver-controller-14,0.900000,0,average,1742760579,1904,64,30202,false,0.961453,29.637839,18126,518,465042,0
1742760613,silver-class-deploy-11-76847d46-kh87l_default,silver-controller-11,0.900000,0,average,1742760580,2005,21,31885,false,0.961485,29.926050,18317,477,469217,0
1742760618,silver-class-deploy-18-5dd44b47c5-687lf_default,silver-controller-18,0.900000,0,average,1742760579,4224,61,35345,false,0.960284,29.520829,19020,481,471526,0
1742760618,silver-class-deploy-4-6bdc57b47d-q8hm5_default,silver-controller-4,0.900000,0,average,1742760587,1184,63,30423,false,0.965826,32.442474,16594,271,476677,0
1742760619,bronze-class-deploy-20-5fd9977fb4-p88d5_default,bronze-controller-20,0.500000,0,average,1742760607,11891,23,976,false,0.423138,-75.720374,283216,606,208189,0
1742760622,silver-class-deploy-9-6bb457cd89-b7wg7_default,silver-controller-9,0.900000,0,average,1742760587,3407,2,31760,false,0.962359,30.972497,18515,199,478497,0
1742760622,bronze-class-deploy-15-6fb6d4fc68-n22pd_default,bronze-controller-15,0.500000,0,average,1742760576,12184,41,34084,false,0.485982,-14.031465,254755,759,241579,0
1742760624,silver-class-deploy-23-5dfcff5b8f-hb88w_default,silver-controller-23,0.900000,0,average,1742760593,955,37,30878,false,0.964804,32.000689,17079,330,477250,0
1742760633,bronze-class-deploy-31-77756c9778-pzwxc_default,bronze-controller-31,0.500000,0,average,1742760600,1155,36,32302,false,0.467386,-32.974516,267533,727,235408,0
1742760633,bronze-class-deploy-8-6fff566748-8649w_default,bronze-controller-8,0.500000,0,average,1742760589,4613,4,40213,false,0.413895,-87.705681,297805,442,210616,0
1742760635,silver-class-deploy-10-6866d9b887-q48nk_default,silver-controller-10,0.900000,0,average,1742760596,5494,5,33552,false,0.960899,30.860920,19458,398,487988,0
1742760636,silver-class-deploy-25-646545667-rqwjb_default,silver-controller-25,0.900000,0,average,1742760600,1156,58,35036,false,0.963581,32.180565,17729,765,489357,0
1742760637,silver-class-deploy-29-64fbff7759-w4jmq_default,silver-controller-29,0.900000,0,average,1742760596,2776,38,38737,false,0.961139,30.938344,18961,786,488433,0
1742760643,bronze-class-deploy-28-946b5bff6-xrlhq_default,bronze-controller-28,0.500000,0,average,1742760607,4691,43,31536,false,0.456639,-44.638864,278469,596,234526,0
1742760645,silver-class-deploy-14-79f95c48b7-l5d2l_default,silver-controller-14,0.900000,0,average,1742760611,3291,44,30976,false,0.957569,29.741369,21417,562,496038,0
1742760646,silver-class-deploy-12-66b6ffdcc7-8zqvh_default,silver-controller-12,0.900000,0,average,1742760608,3651,63,35077,false,0.957463,29.909082,21584,621,499832,0
1742760649,bronze-class-deploy-28-946b5bff6-ws27j_default,bronze-controller-28,0.500000,0,average,1742760643,4171,123,1977,false,0.454955,-46.938898,282640,719,236524,0
1742760650,silver-class-deploy-11-76847d46-tq86j_default,silver-controller-11,0.900000,0,average,1742760613,4411,22,33076,false,0.955797,29.252413,22729,500,502314,0
1742760650,silver-class-deploy-18-5dd44b47c5-k9j7b_default,silver-controller-18,0.900000,0,average,1742760618,891,40,31618,false,0.960972,31.848909,19911,522,503144,0
1742760652,bronze-class-deploy-21-7b55589449-kd5vc_default,bronze-controller-21,0.500000,0,average,1742760599,15251,63,38055,false,0.406834,-98.013680,311265,536,213856,0
1742760655,silver-class-deploy-9-6bb457cd89-lg8th_default,silver-controller-9,0.900000,0,average,1742760622,3051,44,30595,false,0.958921,31.248727,21567,243,509134,0
1742760655,bronze-class-deploy-32-7bb47fdcc7-sskk9_default,bronze-controller-32,0.500000,0,average,1742760555,67651,101,32978,false,0.386565,-119.072968,320980,676,202697,0
1742760657,silver-class-deploy-4-6bdc57b47d-g9gzq_default,silver-controller-4,0.900000,0,average,1742760618,7051,24,32638,false,0.955103,29.341600,23645,296,509315,0
1742760657,silver-class-deploy-23-5dfcff5b8f-6h5d8_default,silver-controller-23,0.900000,0,average,1742760624,1051,60,32638,false,0.964948,34.264588,18131,391,509909,0
1742760661,bronze-class-deploy-32-7bb47fdcc7-8mzx5_default,bronze-controller-32,0.500000,0,average,1742760655,5291,123,956,false,0.383750,-123.513047,326272,799,203673,0
1742760667,bronze-class-deploy-21-7b55589449-8xjxs_default,bronze-controller-21,0.500000,0,average,1742760652,4192,162,11616,false,0.416308,-90.741701,315457,699,225493,0
1742760671,silver-class-deploy-10-6866d9b887-m8kdq_default,silver-controller-10,0.900000,0,average,1742760634,6111,123,31097,false,0.952142,28.352955,25570,522,519105,0
1742760674,silver-class-deploy-25-646545667-2ttcf_default,silver-controller-25,0.900000,0,average,1742760636,7933,161,30516,false,0.951343,27.942354,25663,927,519894,0
1742760675,silver-class-deploy-29-64fbff7759-zfsf8_default,silver-controller-29,0.900000,0,average,1742760637,6851,101,31918,false,0.951191,27.878280,25813,888,520371,0
1742760675,bronze-class-deploy-20-5fd9977fb4-v2qx8_default,bronze-controller-20,0.500000,0,average,1742760619,25071,121,31718,false,0.437052,-69.198805,308287,728,239908,0
1742760678,bronze-class-deploy-6-c8cc7f9db-82x6l_default,bronze-controller-6,0.500000,0,average,1742760569,76551,63,33236,false,0.420522,-88.315153,320926,676,233384,0
1742760678,bronze-class-deploy-8-6fff566748-gtjl4_default,bronze-controller-8,0.500000,0,average,1742760633,14091,102,31738,false,0.436835,-70.164899,311897,544,242354,0
1742760680,silver-class-deploy-14-79f95c48b7-9b87d_default,silver-controller-14,0.900000,0,average,1742760645,3316,38,32176,false,0.954234,29.946990,24734,600,528234,0
1742760682,silver-class-deploy-12-66b6ffdcc7-ksh7c_default,silver-controller-12,0.900000,0,average,1742760646,5011,162,31797,false,0.951023,28.425323,26595,783,531650,0
1742760684,silver-class-deploy-11-76847d46-tknct_default,silver-controller-11,0.900000,0,average,1742760650,3132,163,31256,false,0.952640,29.400633,25861,664,533570,0
1742760691,bronze-class-deploy-3-775f4fbdd9-gxm6l_default,bronze-controller-3,0.500000,0,average,1742760526,126991,163,38718,false,0.367959,-149.526778,357166,476,208211,0
1742760691,bronze-class-deploy-16-74dd4696ff-5xpcq_default,bronze-controller-16,0.500000,0,average,1742760493,159912,102,38864,false,0.334095,-187.760343,375831,735,188929,0
1742760693,silver-class-deploy-4-6bdc57b47d-px8dg_default,silver-controller-4,0.900000,0,average,1742760657,3372,100,32638,false,0.951851,29.472754,27017,396,541954,0
1742760694,silver-class-deploy-18-5dd44b47c5-pqml8_default,silver-controller-18,0.900000,0,average,1742760650,6311,163,37876,false,0.952620,29.799800,26223,685,541041,0
1742760702,silver-class-deploy-9-6bb457cd89-z6wpm_default,silver-controller-9,0.900000,0,average,1742760655,8851,100,38354,false,0.946801,27.020484,30418,344,547509,0
1742760708,silver-class-deploy-25-646545667-r92xq_default,silver-controller-25,0.900000,0,average,1742760674,2291,121,31901,false,0.950063,28.960350,27954,1048,551796,0
1742760708,silver-class-deploy-29-64fbff7759-c4b58_default,silver-controller-29,0.900000,0,average,1742760675,1371,63,31885,false,0.951522,29.785102,27185,951,552277,0
1742760713,bronze-class-deploy-32-7bb47fdcc7-bnccg_default,bronze-controller-32,0.500000,0,average,1742760661,18211,101,34210,false,0.407866,-107.594910,344483,901,237903,0
1742760713,bronze-class-deploy-1-7bfd84fb59-7n9zw_default,bronze-controller-1,0.500000,0,average,1742760436,240211,103,37268,false,0.335295,-193.803943,390337,521,197159,0
1742760714,bronze-class-deploy-6-c8cc7f9db-k6tjr_default,bronze-controller-6,0.500000,0,average,1742760678,5311,143,31369,false,0.447380,-62.386855,326237,819,264773,0
1742760715,silver-class-deploy-10-6866d9b887-tqcp9_default,silver-controller-10,0.900000,0,average,1742760671,1371,21,43530,false,0.953426,31.461054,26941,543,562655,0
1742760717,silver-class-deploy-12-66b6ffdcc7-cghk8_default,silver-controller-12,0.900000,0,average,1742760682,4011,102,31049,false,0.947000,27.829812,30607,885,562720,0
1742760718,silver-class-deploy-14-79f95c48b7-bczt4_default,silver-controller-14,0.900000,0,average,1742760680,5932,122,32669,false,0.947004,27.759614,30666,723,560904,0
1742760720,silver-class-deploy-11-76847d46-q9pd7_default,silver-controller-11,0.900000,0,average,1742760684,4372,23,31608,false,0.948129,28.614070,30234,687,565198,0
1742760721,silver-class-deploy-23-5dfcff5b8f-khwvk_default,silver-controller-23,0.900000,0,average,1742760657,13151,22,51589,false,0.946566,27.570651,31282,414,561498,0
1742760728,silver-class-deploy-18-5dd44b47c5-nf6sc_default,silver-controller-18,0.900000,0,average,1742760694,3896,36,30590,false,0.948808,29.326485,30120,722,571651,0
1742760729,bronze-class-deploy-3-775f4fbdd9-5xppc_default,bronze-controller-3,0.500000,0,average,1742760691,4671,63,34028,false,0.400650,-120.228007,361838,539,242240,0
1742760729,silver-class-deploy-4-6bdc57b47d-8vlbq_default,silver-controller-4,0.900000,0,average,1742760693,3811,41,32950,false,0.948420,29.302954,30829,438,574925,0
1742760731,bronze-class-deploy-16-74dd4696ff-5vghg_default,bronze-controller-16,0.500000,0,average,1742760691,998,4,39295,false,0.376748,-149.439092,376829,740,228236,0
1742760733,silver-class-deploy-9-6bb457cd89-j6qwv_default,silver-controller-9,0.900000,0,average,1742760702,308,7,31207,false,0.949033,29.860892,30727,352,578717,0
1742760740,silver-class-deploy-25-646545667-mhg8v_default,silver-controller-25,0.900000,0,average,1742760708,437,4,31872,false,0.951976,31.762410,28391,1053,583682,0
1742760740,silver-class-deploy-29-64fbff7759-k7xr9_default,silver-controller-29,0.900000,0,average,1742760708,437,5,31879,false,0.953357,32.587814,27622,957,584165,0
1742760746,silver-class-deploy-10-6866d9b887-n4qq9_default,silver-controller-10,0.900000,0,average,1742760715,1008,38,30265,false,0.954093,33.554476,27949,582,592980,0
1742760751,bronze-class-deploy-28-946b5bff6-nhsnc_default,bronze-controller-28,0.500000,0,average,1742760649,68523,63,33733,false,0.434355,-81.787280,351164,783,270258,0
1742760753,bronze-class-deploy-1-7bfd84fb59-d8v6d_default,bronze-controller-1,0.500000,0,average,1742760713,726,3,39595,false,0.376792,-154.921527,391064,524,236755,0
1742760755,silver-class-deploy-23-5dfcff5b8f-mz4m6_default,silver-controller-23,0.900000,0,average,1742760721,2163,101,32060,false,0.945881,28.734836,33446,515,593579,0
1742760757,silver-class-deploy-12-66b6ffdcc7-7nncr_default,silver-controller-12,0.900000,0,average,1742760717,3423,123,36782,false,0.944779,28.314413,34031,1009,599523,0
1742760757,silver-class-deploy-11-76847d46-btrfp_default,silver-controller-11,0.900000,0,average,1742760719,4083,123,34128,false,0.944634,28.237959,34317,810,599347,0
1742760760,silver-class-deploy-18-5dd44b47c5-2mcjg_default,silver-controller-18,0.900000,0,average,1742760728,568,37,32252,false,0.950503,32.011072,30688,759,603904,0
1742760760,silver-class-deploy-4-6bdc57b47d-lqg9d_default,silver-controller-4,0.900000,0,average,1742760729,1006,43,30847,false,0.949355,31.445783,31835,481,605792,0
1742760760,bronze-class-deploy-3-775f4fbdd9-vp65r_default,bronze-controller-3,0.500000,0,average,1742760729,1006,61,30889,false,0.429061,-90.401675,362844,601,273130,0
1742760762,silver-class-deploy-14-79f95c48b7-pt4xd_default,silver-controller-14,0.900000,0,average,1742760718,2504,103,41589,false,0.946589,29.571631,33170,826,602513,0
1742760763,bronze-class-deploy-16-74dd4696ff-ff2p5_default,bronze-controller-16,0.500000,0,average,1742760731,405,6,32126,false,0.407872,-117.712108,377234,747,260363,0
1742760772,silver-class-deploy-29-64fbff7759-zxn4g_default,silver-controller-29,0.900000,0,average,1742760740,437,6,31725,false,0.954996,35.372022,28060,963,615899,0
1742760772,silver-class-deploy-25-646545667-4qs8s_default,silver-controller-25,0.900000,0,average,1742760740,437,4,31740,false,0.953685,34.547522,28829,1058,615423,0
1742760777,silver-class-deploy-9-6bb457cd89-h8znr_default,silver-controller-9,0.900000,0,average,1742760733,568,37,43560,false,0.951549,33.672486,31295,389,622278,0
1742760777,silver-class-deploy-10-6866d9b887-gckwt_default,silver-controller-10,0.900000,0,average,1742760746,321,5,30841,false,0.955784,36.350391,28270,588,623823,0
1742760785,bronze-class-deploy-28-946b5bff6-4262c_default,bronze-controller-28,0.500000,0,average,1742760751,338,5,33827,false,0.463282,-48.289771,351502,788,304089,0
1742760785,bronze-class-deploy-1-7bfd84fb59-mcms6_default,bronze-controller-1,0.500000,0,average,1742760753,347,5,31822,false,0.406619,-123.436223,391411,530,268582,0
1742760786,silver-class-deploy-23-5dfcff5b8f-x6hst_default,silver-controller-23,0.900000,0,average,1742760755,344,3,31090,false,0.947934,31.535928,33791,519,624674,0
1742760788,silver-class-deploy-12-66b6ffdcc7-wlvdh_default,silver-controller-12,0.900000,0,average,1742760757,445,7,31165,false,0.946721,31.033027,34476,1017,630701,0
1742760790,silver-class-deploy-11-76847d46-hcf6z_default,silver-controller-11,0.900000,0,average,1742760757,445,4,32726,false,0.946712,31.114543,34762,815,632096,0
1742760795,bronze-class-deploy-16-74dd4696ff-s8csr_default,bronze-controller-16,0.500000,0,average,1742760763,1437,163,30517,false,0.433866,-88.784072,378672,910,290900,0
1742760796,silver-class-deploy-14-79f95c48b7-rmkmk_default,silver-controller-14,0.900000,0,average,1742760762,2657,41,31779,false,0.945313,30.326537,35828,867,634313,0
1742760796,bronze-class-deploy-3-775f4fbdd9-7d4n2_default,bronze-controller-3,0.500000,0,average,1742760760,4577,143,31796,false,0.453087,-63.254164,367422,745,305006,0
1742760797,bronze-class-deploy-21-7b55589449-gs8zs_default,bronze-controller-21,0.500000,0,average,1742760667,97358,103,33375,false,0.384960,-154.810745,412816,803,258888,0
1742760799,silver-class-deploy-4-6bdc57b47d-nqhgn_default,silver-controller-4,0.900000,0,average,1742760760,4657,80,34958,false,0.945330,30.673692,36493,562,640751,0
1742760799,silver-class-deploy-18-5dd44b47c5-ztbch_default,silver-controller-18,0.900000,0,average,1742760760,4657,105,34975,false,0.946362,31.221189,35346,864,638899,0
1742760803,silver-class-deploy-25-646545667-vhznm_default,silver-controller-25,0.900000,0,average,1742760772,295,5,31196,false,0.955396,37.404411,29124,1064,646629,0
1742760803,silver-class-deploy-29-64fbff7759-v847s_default,silver-controller-29,0.900000,0,average,1742760772,295,3,31238,false,0.956654,38.237538,28355,967,647160,0
1742760807,silver-class-deploy-9-6bb457cd89-vw6vm_default,silver-controller-9,0.900000,0,average,1742760777,289,2,30671,false,0.953312,36.479385,31585,392,652949,0
1742760807,silver-class-deploy-10-6866d9b887-d87f7_default,silver-controller-10,0.900000,0,average,1742760777,290,5,30673,false,0.957355,39.157201,28560,593,654505,0
1742760839,bronze-class-deploy-31-77756c9778-wsnwm_default,bronze-controller-31,0.500000,0,average,1742760633,166998,22,39021,false,0.386686,-160.950422,434531,750,274439,0
1742760839,bronze-class-deploy-21-7b55589449-vmmrj_default,bronze-controller-21,0.500000,0,average,1742760797,1298,63,41385,false,0.419831,-114.764217,414114,866,300295,0
1742760841,bronze-class-deploy-3-775f4fbdd9-cvb2r_default,bronze-controller-3,0.500000,0,average,1742760796,2338,64,42663,false,0.484072,-22.970589,369761,809,347690,0
1742760842,bronze-class-deploy-1-7bfd84fb59-6fv8q_default,bronze-controller-1,0.500000,0,average,1742760785,13338,44,43925,false,0.435357,-92.879463,404750,575,312518,0
1742760843,bronze-class-deploy-28-946b5bff6-l9bbv_default,bronze-controller-28,0.500000,0,average,1742760785,3857,23,54766,false,0.501876,1.260252,355360,812,358855,0
1742760844,silver-class-deploy-9-6bb457cd89-cqsn7_default,silver-controller-9,0.900000,0,average,1742760807,975,25,36946,false,0.954378,39.274531,32561,418,689907,0
1742760846,silver-class-deploy-10-6866d9b887-6f456_default,silver-controller-10,0.900000,0,average,1742760807,975,45,38245,false,0.958258,42.063714,29536,639,692758,0
1742760847,silver-class-deploy-25-646545667-nssr4_default,silver-controller-25,0.900000,0,average,1742760803,597,23,43986,false,0.957294,41.251128,29722,1087,690635,0
1742760849,silver-class-deploy-29-64fbff7759-spqmn_default,silver-controller-29,0.900000,0,average,1742760803,597,44,45365,false,0.958526,42.200090,28953,1011,692526,0
1742760851,silver-class-deploy-4-6bdc57b47d-n2grx_default,silver-controller-4,0.900000,0,average,1742760799,998,42,51106,false,0.947809,34.847683,37491,605,691857,0
1742760853,silver-class-deploy-18-5dd44b47c5-pqz7h_default,silver-controller-18,0.900000,0,average,1742760799,998,63,53505,false,0.948920,35.619428,36345,927,692424,0
1742760855,silver-class-deploy-14-79f95c48b7-6xpz4_default,silver-controller-14,0.900000,0,average,1742760796,2338,79,57089,false,0.946457,33.858474,38166,947,691402,0
1742760858,bronze-class-deploy-3-775f4fbdd9-69v4w_default,bronze-controller-3,0.500000,0,average,1742760840,16607,263,1176,false,0.473819,-38.662513,386368,1073,348887,0
1742760859,silver-class-deploy-11-76847d46-5hn9m_default,silver-controller-11,0.900000,0,average,1742760790,5282,36,64309,false,0.944531,32.762198,40045,851,696408,0
1742760859,silver-class-deploy-23-5dfcff5b8f-gjgvc_default,silver-controller-23,0.900000,0,average,1742760786,1477,23,72266,false,0.951128,37.415706,35269,542,696959,0
1742760859,silver-class-deploy-12-66b6ffdcc7-szj9f_default,silver-controller-12,0.900000,0,average,1742760788,857,44,70965,false,0.950688,37.323782,35334,1061,701687,0
1742760862,bronze-class-deploy-28-946b5bff6-dpk48_default,bronze-controller-28,0.500000,0,average,1742760843,17548,243,1255,false,0.490579,-13.927878,372908,1055,360132,0
1742760865,bronze-class-deploy-16-74dd4696ff-mdddg_default,bronze-controller-16,0.500000,0,average,1742760795,65307,263,4816,false,0.399164,-149.534217,443980,1173,295737,0
1742760866,bronze-class-deploy-15-6fb6d4fc68-wq925_default,bronze-controller-15,0.500000,0,average,1742760622,234187,223,10077,false,0.339350,-238.379282,488943,983,251656,0
1742760870,bronze-class-deploy-6-c8cc7f9db-9pk4k_default,bronze-controller-6,0.500000,0,average,1742760714,142387,243,13675,false,0.372206,-191.338423,468625,1063,278469,0
1742760872,bronze-class-deploy-1-7bfd84fb59-9xh7b_default,bronze-controller-1,0.500000,0,average,1742760842,12188,23,18556,false,0.442265,-86.510791,416938,599,331093,0
1742760878,bronze-class-deploy-8-6fff566748-r26bv_default,bronze-controller-8,0.500000,0,average,1742760678,176027,203,24216,false,0.353012,-222.135230,487925,748,266631,0
1742760881,bronze-class-deploy-31-77756c9778-xctqm_default,bronze-controller-31,0.500000,0,average,1742760839,10847,202,31038,false,0.406323,-140.973523,445379,952,305477,0
1742760882,bronze-class-deploy-21-7b55589449-22vvw_default,bronze-controller-21,0.500000,0,average,1742760839,13027,201,30618,false,0.435916,-97.384623,427141,1067,330914,0
1742760887,silver-class-deploy-9-6bb457cd89-nqzrr_default,silver-controller-9,0.900000,0,average,1742760844,12828,163,30696,false,0.940032,30.643934,45389,581,720623,0
1742760889,silver-class-deploy-4-6bdc57b47d-6nvl4_default,silver-controller-4,0.900000,0,average,1742760851,5968,223,31896,false,0.942337,32.453706,43460,828,723774,0
1742760891,bronze-class-deploy-20-5fd9977fb4-xrs22_default,bronze-controller-20,0.500000,0,average,1742760675,177187,203,39515,false,0.364864,-207.086750,485475,932,279424,0
1742760893,silver-class-deploy-18-5dd44b47c5-tkls2_default,silver-controller-18,0.900000,0,average,1742760853,7767,243,32816,false,0.941231,31.679983,44112,1171,725262,0
1742760895,silver-class-deploy-10-6866d9b887-qmgsh_default,silver-controller-10,0.900000,0,average,1742760846,18547,101,30479,false,0.936761,28.325890,48084,740,723257,0
1742760896,silver-class-deploy-14-79f95c48b7-stfnp_default,silver-controller-14,0.900000,0,average,1742760855,5987,244,35155,false,0.941256,31.754770,44154,1191,726578,0
1742760903,bronze-class-deploy-20-5fd9977fb4-9nfbq_default,bronze-controller-20,0.500000,0,average,1742760891,1447,161,11078,false,0.373165,-197.602160,486922,1093,290523,0
1742760905,bronze-class-deploy-32-7bb47fdcc7-nrpzs_default,bronze-controller-32,0.500000,0,average,1742760713,138688,183,53396,false,0.375601,-193.078355,483172,1085,291299,0
1742760912,silver-class-deploy-29-64fbff7759-xpphs_default,silver-controller-29,0.900000,0,average,1742760848,21367,104,42716,false,0.934617,27.147519,50321,1115,735262,0
1742760916,silver-class-deploy-25-646545667-6jmlw_default,silver-controller-25,0.900000,0,average,1742760847,20908,183,48501,false,0.934390,27.113677,50630,1270,739157,0
1742760917,bronze-class-deploy-8-6fff566748-zfn7c_default,bronze-controller-8,0.500000,0,average,1742760878,5147,103,34461,false,0.378741,-192.906164,493072,851,301113,0
1742760920,silver-class-deploy-23-5dfcff5b8f-n6dgx_default,silver-controller-23,0.900000,0,average,1742760859,16228,140,44743,false,0.934274,27.154256,51497,683,741743,0
1742760924,bronze-class-deploy-16-74dd4696ff-4stfb_default,bronze-controller-16,0.500000,0,average,1742760865,24468,122,34802,false,0.413042,-139.303343,468448,1296,330559,0
1742760926,bronze-class-deploy-15-6fb6d4fc68-wbm54_default,bronze-controller-15,0.500000,0,average,1742760866,26249,221,34202,false,0.356318,-230.659680,515192,1205,285858,0
1742760928,silver-class-deploy-10-6866d9b887-q4qbf_default,silver-controller-10,0.900000,0,average,1742760895,1847,203,31182,false,0.936826,29.589879,49931,944,754459,0
1742760929,silver-class-deploy-4-6bdc57b47d-jncdx_default,silver-controller-4,0.900000,0,average,1742760889,7687,181,32544,false,0.935488,28.619559,51147,1010,756338,0
1742760932,silver-class-deploy-11-76847d46-r76hv_default,silver-controller-11,0.900000,0,average,1742760859,12808,102,60922,false,0.933665,27.234199,52853,954,757351,0
1742760932,silver-class-deploy-18-5dd44b47c5-k8dmt_default,silver-controller-18,0.900000,0,average,1742760893,7548,23,32341,false,0.934782,28.104221,51661,1194,757603,0
1742760959,bronze-class-deploy-15-6fb6d4fc68-74tjm_default,bronze-controller-15,0.500000,0,average,1742760926,1033,63,31968,false,0.380515,-199.742505,516225,1268,317867,0
1742760959,bronze-class-deploy-8-6fff566748-kq8n7_default,bronze-controller-8,0.500000,0,average,1742760917,7493,23,35290,false,0.401511,-165.125209,500566,875,336403,0
1742760961,bronze-class-deploy-20-5fd9977fb4-rm2t8_default,bronze-controller-20,0.500000,0,average,1742760903,4888,63,53136,false,0.410782,-149.392886,491810,1157,343679,0
1742760962,silver-class-deploy-4-6bdc57b47d-gtfvk_default,silver-controller-4,0.900000,0,average,1742760929,1518,36,31792,false,0.936198,30.404138,52666,1046,788150,0
1742760963,silver-class-deploy-10-6866d9b887-2zpr6_default,silver-controller-10,0.900000,0,average,1742760928,2518,58,33070,false,0.936440,30.578686,52450,1002,787529,0
1742760965,silver-class-deploy-11-76847d46-q4psc_default,silver-controller-11,0.900000,0,average,1742760932,1173,63,31770,false,0.934795,29.300697,54027,1018,789141,0
1742760966,silver-class-deploy-18-5dd44b47c5-v6bql_default,silver-controller-18,0.900000,0,average,1742760932,3257,37,31293,false,0.933553,28.271563,54919,1232,788896,0
1742760967,silver-class-deploy-23-5dfcff5b8f-ddtpq_default,silver-controller-23,0.900000,0,average,1742760919,1272,24,47570,false,0.936548,30.748610,52770,707,789334,0
1742760970,silver-class-deploy-9-6bb457cd89-47mfd_default,silver-controller-9,0.900000,0,average,1742760887,11207,103,72015,false,0.932605,27.662991,56597,684,792658,0
1742760970,silver-class-deploy-14-79f95c48b7-6j5k8_default,silver-controller-14,0.900000,0,average,1742760896,9507,144,64715,false,0.935015,29.538170,53662,1335,791314,0
1742760970,silver-class-deploy-29-64fbff7759-8sv47_default,silver-controller-29,0.900000,0,average,1742760912,1227,24,57194,false,0.937657,31.744486,51548,1139,792457,0
1742760970,silver-class-deploy-25-646545667-lrsbq_default,silver-controller-25,0.900000,0,average,1742760916,1893,23,52651,false,0.936358,30.660093,52524,1294,791828,0
1742760974,bronze-class-deploy-21-7b55589449-k57mx_default,bronze-controller-21,0.500000,0,average,1742760882,57179,5,35042,false,0.429854,-119.519722,484321,1073,365957,0
1742760985,silver-class-deploy-12-66b6ffdcc7-mlzt6_default,silver-controller-12,0.900000,0,average,1742760859,22567,142,103322,false,0.931606,27.221295,57901,1203,805090,0
1742760996,bronze-class-deploy-15-6fb6d4fc68-4k4jp_default,bronze-controller-15,0.500000,0,average,1742760959,6467,163,30401,false,0.399212,-175.973669,522693,1431,348270,0
1742760999,silver-class-deploy-10-6866d9b887-gcp7p_default,silver-controller-10,0.900000,0,average,1742760963,5367,162,30714,false,0.932764,28.668992,57817,1165,818265,0
1742761000,silver-class-deploy-18-5dd44b47c5-86snk_default,silver-controller-18,0.900000,0,average,1742760966,2507,161,31835,false,0.933127,29.050476,57426,1393,820752,0
1742761002,silver-class-deploy-4-6bdc57b47d-9zb2c_default,silver-controller-4,0.900000,0,average,1742760962,6686,204,33253,false,0.931291,27.521179,59352,1250,821424,0
1742761002,silver-class-deploy-9-6bb457cd89-v5vpj_default,silver-controller-9,0.900000,0,average,1742760970,1567,263,30352,false,0.932988,29.036160,58164,948,823011,0
1742761002,silver-class-deploy-23-5dfcff5b8f-jrl86_default,silver-controller-23,0.900000,0,average,1742760967,4786,23,30433,false,0.933617,29.466408,57557,731,819787,0
1742761007,bronze-class-deploy-32-7bb47fdcc7-kk8sj_default,bronze-controller-32,0.500000,0,average,1742760905,66347,242,35469,false,0.372352,-224.190881,549519,1328,326789,0
1742761007,bronze-class-deploy-16-74dd4696ff-pb5z7_default,bronze-controller-16,0.500000,0,average,1742760924,51067,22,31975,false,0.410400,-158.410069,519516,1318,362534,0
1742761007,bronze-class-deploy-6-c8cc7f9db-xqxfd_default,bronze-controller-6,0.500000,0,average,1742760870,101187,181,35703,false,0.354921,-256.988022,569813,1244,314194,0
1742761007,silver-class-deploy-29-64fbff7759-8rq2f_default,silver-controller-29,0.900000,0,average,1742760970,6647,143,31160,false,0.932647,28.744847,58196,1283,823618,0
1742761009,silver-class-deploy-25-646545667-5gvbd_default,silver-controller-25,0.900000,0,average,1742760970,5247,122,33820,false,0.933115,29.216220,57771,1416,825747,0
1742761010,silver-class-deploy-14-79f95c48b7-vjk8w_default,silver-controller-14,0.900000,0,average,1742760970,4906,204,35239,false,0.932207,28.454388,58568,1540,826554,0
1742761018,silver-class-deploy-11-76847d46-4lb97_default,silver-controller-11,0.900000,0,average,1742760964,4287,121,49729,false,0.933819,30.304801,58314,1139,838891,0
1742761018,silver-class-deploy-12-66b6ffdcc7-588vc_default,silver-controller-12,0.900000,0,average,1742760985,2176,20,30951,false,0.931684,28.344063,60078,1224,836043,0
1742761018,bronze-class-deploy-8-6fff566748-5crqn_default,bronze-controller-8,0.500000,0,average,1742760959,59278,8,514,false,0.375336,-223.889666,559844,883,336918,0
1742761049,bronze-class-deploy-16-74dd4696ff-hr9td_default,bronze-controller-16,0.500000,0,average,1742761007,11280,6,30797,false,0.425021,-138.882379,530797,1324,393341,0
1742761049,bronze-class-deploy-32-7bb47fdcc7-g26k8_default,bronze-controller-32,0.500000,0,average,1742761007,188,5,42693,false,0.401398,-181.657389,549707,1334,369505,0
1742761051,bronze-class-deploy-6-c8cc7f9db-pf585_default,bronze-controller-6,0.500000,0,average,1742761007,186,5,43996,false,0.385391,-213.160585,569999,1250,358202,0
1742761052,bronze-class-deploy-15-6fb6d4fc68-b97c5_default,bronze-controller-15,0.500000,0,average,1742760996,4744,21,51822,false,0.430681,-128.904733,527437,1453,400097,0
1742761053,silver-class-deploy-11-76847d46-z4xhs_default,silver-controller-11,0.900000,0,average,1742761018,2906,36,32965,false,0.933214,30.957397,61220,1175,871874,0
1742761055,silver-class-deploy-12-66b6ffdcc7-6wg82_default,silver-controller-12,0.900000,0,average,1742761018,280,2,37244,false,0.934124,31.820697,60359,1227,873304,0
1742761056,silver-class-deploy-25-646545667-j4zlw_default,silver-controller-25,0.900000,0,average,1742761009,1611,44,46152,false,0.934770,32.346356,59382,1461,871920,0
1742761058,silver-class-deploy-29-64fbff7759-s9llt_default,silver-controller-29,0.900000,0,average,1742761007,3610,20,47616,false,0.932454,30.242153,61807,1303,871234,0
1742761060,silver-class-deploy-14-79f95c48b7-pff8q_default,silver-controller-14,0.900000,0,average,1742761010,611,64,49434,false,0.935114,32.793947,59179,1605,876008,0
1742761060,silver-class-deploy-4-6bdc57b47d-gnr6x_default,silver-controller-4,0.900000,0,average,1742761002,505,22,57619,false,0.934979,32.811149,59858,1273,879043,0
1742761062,silver-class-deploy-9-6bb457cd89-m6ngt_default,silver-controller-9,0.900000,0,average,1742761002,505,39,59502,false,0.936680,34.496983,58670,988,882514,0
1742761062,silver-class-deploy-23-5dfcff5b8f-96f6h_default,silver-controller-23,0.900000,0,average,1742761002,505,61,59520,false,0.937266,34.909320,58062,793,879327,0
1742761064,silver-class-deploy-18-5dd44b47c5-fzdck_default,silver-controller-18,0.900000,0,average,1742761000,744,61,63641,false,0.936840,34.693101,58170,1454,884414,0
1742761064,silver-class-deploy-10-6866d9b887-njrqq_default,silver-controller-10,0.900000,0,average,1742760999,1744,43,63700,false,0.935539,33.433864,59561,1208,881985,0
1742761068,bronze-class-deploy-16-74dd4696ff-867jf_default,bronze-controller-16,0.500000,0,average,1742761049,16608,203,2456,false,0.418954,-153.242301,547405,1527,395800,0
1742761074,bronze-class-deploy-3-775f4fbdd9-hnmb2_default,bronze-controller-3,0.500000,0,average,1742760857,208387,241,8559,false,0.374884,-238.725268,594756,1315,357466,0
1742761075,bronze-class-deploy-20-5fd9977fb4-rrspl_default,bronze-controller-20,0.500000,0,average,1742760960,105227,183,9816,false,0.371381,-244.975093,597038,1340,353516,0
1742761109,bronze-class-deploy-1-7bfd84fb59-29rcn_default,bronze-controller-1,0.500000,0,average,1742760872,190708,182,46228,false,0.382789,-231.165163,607646,782,377342,0
1742761109,bronze-class-deploy-31-77756c9778-r5dcw_default,bronze-controller-31,0.500000,0,average,1742760881,179688,142,49056,false,0.361525,-271.730586,625067,1095,354554,0
1742761111,bronze-class-deploy-6-c8cc7f9db-hnp7g_default,bronze-controller-6,0.500000,0,average,1742761051,7748,160,52358,false,0.414837,-168.695668,577747,1411,410580,0
1742761112,bronze-class-deploy-8-6fff566748-g9rjg_default,bronze-controller-8,0.500000,0,average,1742761018,36328,202,58256,false,0.398200,-202.154876,596172,1086,395194,0
1742761115,bronze-class-deploy-26-7f9d9f4558-qlzkj_default,bronze-controller-26,0.500000,0,average,1742760363,486687,184,265175,false,0.381137,-234.135132,608750,410,375162,0
1742761116,silver-class-deploy-23-5dfcff5b8f-6gsxp_default,silver-controller-23,0.900000,0,average,1742761061,10028,103,45196,false,0.930563,30.309123,68090,897,924545,0
1742761117,silver-class-deploy-14-79f95c48b7-phfql_default,silver-controller-14,0.900000,0,average,1742761060,6927,163,50536,false,0.931743,31.461630,66107,1768,926545,0
1742761119,silver-class-deploy-4-6bdc57b47d-mbx2d_default,silver-controller-4,0.900000,0,average,1742761060,7048,161,51798,false,0.931603,31.497454,66906,1434,930842,0
1742761120,silver-class-deploy-9-6bb457cd89-lx55k_default,silver-controller-9,0.900000,0,average,1742761061,6187,123,53296,false,0.934147,34.142829,64858,1111,935811,0
1742761122,silver-class-deploy-25-646545667-rkj6c_default,silver-controller-25,0.900000,0,average,1742761056,7087,163,58757,false,0.931822,31.693728,66470,1624,930698,0
1742761124,silver-class-deploy-29-64fbff7759-k66k6_default,silver-controller-29,0.900000,0,average,1742761058,4868,241,60898,false,0.931805,31.726158,66675,1544,932153,0
1742761126,silver-class-deploy-11-76847d46-84qxb_default,silver-controller-11,0.900000,0,average,1742761053,5867,163,67016,false,0.932071,32.227733,67088,1338,938912,0
1742761126,silver-class-deploy-12-66b6ffdcc7-qvhmb_default,silver-controller-12,0.900000,0,average,1742761055,5807,161,65118,false,0.932847,32.957026,66167,1388,938442,0
1742761128,silver-class-deploy-18-5dd44b47c5-s48zq_default,silver-controller-18,0.900000,0,average,1742761064,13867,61,50698,false,0.927077,27.227402,72038,1516,935113,0
1742761130,bronze-class-deploy-6-c8cc7f9db-z2btn_default,bronze-controller-6,0.500000,0,average,1742761111,16127,182,2698,false,0.409707,-182.291724,593875,1593,413299,0
1742761131,silver-class-deploy-10-6866d9b887-twpp7_default,silver-controller-10,0.900000,0,average,1742761064,12568,61,54898,false,0.927347,27.557776,72130,1269,936884,0
1742761132,bronze-class-deploy-21-7b55589449-9m2ld_default,bronze-controller-21,0.500000,0,average,1742760974,152668,202,6036,false,0.368228,-266.343381,636989,1276,372013,0
1742761134,bronze-class-deploy-15-6fb6d4fc68-v8fmn_default,bronze-controller-15,0.500000,0,average,1742761052,72387,181,9458,false,0.405105,-192.000692,599825,1634,409576,0
1742761136,bronze-class-deploy-21-7b55589449-hrw4w_default,bronze-controller-21,0.500000,0,average,1742761132,2248,62,2016,false,0.368646,-266.635806,639238,1338,374030,0
1742761169,bronze-class-deploy-26-7f9d9f4558-tc8ts_default,bronze-controller-26,0.500000,0,average,1742761114,8587,202,46337,false,0.405514,-196.583470,617338,612,421520,0
1742761169,bronze-class-deploy-1-7bfd84fb59-q727r_default,bronze-controller-1,0.500000,0,average,1742761109,10407,203,50176,false,0.408500,-191.609319,618054,985,427520,0
1742761171,bronze-class-deploy-20-5fd9977fb4-8q88t_default,bronze-controller-20,0.500000,0,average,1742761075,38267,223,57676,false,0.392336,-225.798359,635306,1564,411192,0
1742761172,bronze-class-deploy-31-77756c9778-hfcth_default,bronze-controller-31,0.500000,0,average,1742761109,4687,244,58516,false,0.395611,-218.136734,629755,1339,413092,0
1742761173,bronze-class-deploy-3-775f4fbdd9-tmhpn_default,bronze-controller-3,0.500000,0,average,1742761074,39468,244,60155,false,0.396449,-218.292128,634224,1559,417621,0
1742761175,silver-class-deploy-10-6866d9b887-ttzpl_default,silver-controller-10,0.900000,0,average,1742761131,847,161,43438,false,0.929453,30.990472,72977,1431,980342,0
1742761176,silver-class-deploy-9-6bb457cd89-548qr_default,silver-controller-9,0.900000,0,average,1742761120,11768,122,44857,false,0.926446,27.925514,76626,1234,980688,0
1742761177,silver-class-deploy-29-64fbff7759-2g75h_default,silver-controller-29,0.900000,0,average,1742761123,6007,161,48818,false,0.929514,31.053765,72683,1706,980992,0
1742761179,silver-class-deploy-25-646545667-5rv4s_default,silver-controller-25,0.900000,0,average,1742761121,6288,203,52256,false,0.929473,31.072934,72758,1828,982974,0
1742761179,silver-class-deploy-18-5dd44b47c5-bpxsq_default,silver-controller-18,0.900000,0,average,1742761128,928,102,50756,false,0.929666,31.374372,72966,1619,985869,0
1742761182,silver-class-deploy-23-5dfcff5b8f-8fb4x_default,silver-controller-23,0.900000,0,average,1742761116,8547,163,57597,false,0.926689,28.224607,76638,1060,982162,0
1742761184,silver-class-deploy-14-79f95c48b7-bnjxj_default,silver-controller-14,0.900000,0,average,1742761117,5747,203,61776,false,0.930493,32.279691,71855,1971,988342,0
1742761184,silver-class-deploy-4-6bdc57b47d-ljgs2_default,silver-controller-4,0.900000,0,average,1742761118,6688,161,59918,false,0.929463,31.322358,73595,1595,990780,0
1742761189,bronze-class-deploy-26-7f9d9f4558-nmfwf_default,bronze-controller-26,0.500000,0,average,1742761169,16267,181,4480,false,0.401736,-208.557421,633606,793,426001,0
1742761191,bronze-class-deploy-31-77756c9778-7wx6n_default,bronze-controller-31,0.500000,0,average,1742761172,10928,242,7916,false,0.395966,-221.381808,640684,1582,421028,0
1742761192,bronze-class-deploy-6-c8cc7f9db-vrvwn_default,bronze-controller-6,0.500000,0,average,1742761129,53688,263,9436,false,0.394297,-226.797070,647563,1856,422755,0
1742761193,silver-class-deploy-11-76847d46-7rqf9_default,silver-controller-11,0.900000,0,average,1742761125,11548,183,57236,false,0.925524,27.386751,78636,1522,996149,0
1742761229,bronze-class-deploy-20-5fd9977fb4-5wvds_default,bronze-controller-20,0.500000,0,average,1742761171,9887,203,48048,false,0.415162,-187.826815,645193,1768,459261,0
1742761229,bronze-class-deploy-15-6fb6d4fc68-kp74d_default,bronze-controller-15,0.500000,0,average,1742761133,47367,103,49455,false,0.414302,-190.015304,647193,1737,459031,0
1742761231,bronze-class-deploy-32-7bb47fdcc7-zk28m_default,bronze-controller-32,0.500000,0,average,1742761049,131447,243,50535,false,0.380895,-262.823417,681155,1577,420041,0
1742761232,bronze-class-deploy-21-7b55589449-bk5mh_default,bronze-controller-21,0.500000,0,average,1742761136,38268,141,58138,false,0.388937,-246.909772,677506,1479,432169,0
1742761233,silver-class-deploy-11-76847d46-j952s_default,silver-controller-11,0.900000,0,average,1742761193,1268,103,39514,false,0.927023,30.105005,79904,1626,1035684,0
1742761235,silver-class-deploy-4-6bdc57b47d-qbx5q_default,silver-controller-4,0.900000,0,average,1742761184,8768,123,42254,false,0.924734,27.545517,82363,1719,1033056,0
1742761237,silver-class-deploy-18-5dd44b47c5-n9rjn_default,silver-controller-18,0.900000,0,average,1742761179,6428,202,51415,false,0.927388,30.541945,79395,1821,1037285,0
1742761238,silver-class-deploy-29-64fbff7759-bcgxb_default,silver-controller-29,0.900000,0,average,1742761177,6368,164,55094,false,0.927556,30.681936,79051,1870,1036105,0
1742761240,silver-class-deploy-9-6bb457cd89-gqgmj_default,silver-controller-9,0.900000,0,average,1742761176,2448,181,61716,false,0.928320,31.726710,79074,1415,1042424,0
1742761240,silver-class-deploy-10-6866d9b887-xvsj8_default,silver-controller-10,0.900000,0,average,1742761175,8148,242,56995,false,0.926081,29.131301,81126,1674,1037357,0
1742761243,silver-class-deploy-23-5dfcff5b8f-v2bwz_default,silver-controller-23,0.900000,0,average,1742761182,7028,61,53957,false,0.924358,27.241482,83666,1122,1036140,0
1742761244,bronze-class-deploy-28-946b5bff6-vxbw7_default,bronze-controller-28,0.500000,0,average,1742760861,319667,241,63797,false,0.379252,-270.052130,692576,1297,423929,0
1742761247,bronze-class-deploy-28-946b5bff6-nbstp_default,bronze-controller-28,0.500000,0,average,1742761244,1146,163,2257,false,0.380070,-269.088734,693723,1460,426207,0
1742761249,silver-class-deploy-14-79f95c48b7-98nnl_default,silver-controller-14,0.900000,0,average,1742761184,11568,62,53416,false,0.924186,27.155811,83424,2034,1041758,0
1742761257,silver-class-deploy-12-66b6ffdcc7-q9768_default,silver-controller-12,0.900000,0,average,1742761125,14127,104,118634,false,0.928185,32.010973,80295,1492,1057077,0
1742761266,silver-class-deploy-4-6bdc57b47d-rtcs2_default,silver-controller-4,0.900000,0,average,1742761235,827,203,30922,false,0.925931,29.706301,83190,1922,1063999,0
1742761266,bronze-class-deploy-6-c8cc7f9db-j6tds_default,bronze-controller-6,0.500000,0,average,1742761192,43668,179,31108,false,0.395661,-239.520293,691231,2036,453884,0
1742761267,silver-class-deploy-25-646545667-5qwkr_default,silver-controller-25,0.900000,0,average,1742761179,12388,103,76361,false,0.924043,27.466411,85146,1931,1059335,0
1742761270,silver-class-deploy-11-76847d46-cn2vp_default,silver-controller-11,0.900000,0,average,1742761233,5966,203,31382,false,0.924055,27.686586,85871,1829,1067087,0
1742761270,bronze-class-deploy-1-7bfd84fb59-c856z_default,bronze-controller-1,0.500000,0,average,1742761169,68427,122,33042,false,0.401144,-227.099765,686482,1108,460583,0
1742761274,silver-class-deploy-18-5dd44b47c5-2l5kw_default,silver-controller-18,0.900000,0,average,1742761236,5686,203,32502,false,0.924707,28.487247,85081,2025,1069808,0
1742761274,silver-class-deploy-23-5dfcff5b8f-qms6f_default,silver-controller-23,0.900000,0,average,1742761242,1447,183,30801,false,0.925073,28.849889,85114,1305,1066961,0
1742761274,bronze-class-deploy-32-7bb47fdcc7-9ndkq_default,bronze-controller-32,0.500000,0,average,1742761231,10467,240,32804,false,0.395065,-240.715857,691622,1818,452865,0
1742761276,silver-class-deploy-10-6866d9b887-7b9s4_default,silver-controller-10,0.900000,0,average,1742761240,5267,260,30864,false,0.923627,27.234107,86393,1935,1068221,0
1742761279,silver-class-deploy-29-64fbff7759-tjsz9_default,silver-controller-29,0.900000,0,average,1742761238,7067,119,34265,false,0.923945,27.640431,86119,1990,1070391,0
1742761279,bronze-class-deploy-8-6fff566748-9qfqw_default,bronze-controller-8,0.500000,0,average,1742761112,129086,180,38224,false,0.373666,-293.183829,725259,1267,433440,0
1742761279,bronze-class-deploy-16-74dd4696ff-sj4mz_default,bronze-controller-16,0.500000,0,average,1742761068,173246,243,38083,false,0.375254,-288.618058,720652,1770,433923,0
1742761281,silver-class-deploy-14-79f95c48b7-ccwm2_default,silver-controller-14,0.900000,0,average,1742761248,1266,144,32101,false,0.925160,29.094537,84690,2178,1073860,0
1742761319,bronze-class-deploy-31-77756c9778-lnfqb_default,bronze-controller-31,0.500000,0,average,1742761190,90112,103,38941,false,0.385734,-272.653902,730796,1686,459969,0
1742761319,bronze-class-deploy-8-6fff566748-2ps9d_default,bronze-controller-8,0.500000,0,average,1742761279,1192,203,39446,false,0.393807,-255.141286,726451,1471,472886,0
1742761321,bronze-class-deploy-6-c8cc7f9db-27vss_default,bronze-controller-6,0.500000,0,average,1742761266,9092,104,45946,false,0.415734,-202.759557,700324,2140,499839,0
1742761322,bronze-class-deploy-32-7bb47fdcc7-jm8qc_default,bronze-controller-32,0.500000,0,average,1742761274,1172,123,47188,false,0.418577,-194.722501,692795,1941,500153,0
1742761323,bronze-class-deploy-28-946b5bff6-7lssw_default,bronze-controller-28,0.500000,0,average,1742761247,20013,7,56781,false,0.403108,-232.300631,713736,1468,483009,0
1742761325,silver-class-deploy-14-79f95c48b7-7q7s6_default,silver-controller-14,0.900000,0,average,1742761281,3917,36,40149,false,0.924619,29.556353,88608,2214,1114029,0
1742761326,silver-class-deploy-29-64fbff7759-w6pcz_default,silver-controller-29,0.900000,0,average,1742761279,3752,80,43569,false,0.923755,28.547978,89872,2071,1113960,0
1742761327,silver-class-deploy-23-5dfcff5b8f-79ffk_default,silver-controller-23,0.900000,0,average,1742761274,2812,103,50847,false,0.925994,31.308463,87926,1408,1117808,0
1742761329,silver-class-deploy-18-5dd44b47c5-drhwg_default,silver-controller-18,0.900000,0,average,1742761274,2733,120,52469,false,0.925789,31.164678,87815,2146,1122277,0
1742761331,silver-class-deploy-11-76847d46-h5f4k_default,silver-controller-11,0.900000,0,average,1742761270,2033,23,59746,false,0.926222,31.813463,87904,1853,1126834,0
1742761331,silver-class-deploy-10-6866d9b887-sz8l4_default,silver-controller-10,0.900000,0,average,1742761276,873,62,54906,false,0.926374,31.885765,87266,1998,1123148,0
1742761335,silver-class-deploy-4-6bdc57b47d-f4ghx_default,silver-controller-4,0.900000,0,average,1742761266,4932,124,64865,false,0.926032,31.641026,88123,2047,1128875,0
1742761337,silver-class-deploy-25-646545667-fzh6s_default,silver-controller-25,0.900000,0,average,1742761267,1172,143,69008,false,0.927353,33.182905,86319,2074,1128364,0
1742761339,silver-class-deploy-9-6bb457cd89-69vpk_default,silver-controller-9,0.900000,0,average,1742761240,10646,101,88494,false,0.925346,30.901303,89721,1517,1130918,0
1742761339,silver-class-deploy-12-66b6ffdcc7-sjmxn_default,silver-controller-12,0.900000,0,average,1742761257,5551,38,76692,false,0.928447,34.653541,85846,1530,1133780,0
1742761342,bronze-class-deploy-20-5fd9977fb4-9dlmk_default,bronze-controller-20,0.500000,0,average,1742761229,108722,144,5076,false,0.380553,-291.618438,753916,1912,464338,0
1742761349,bronze-class-deploy-8-6fff566748-d7kr7_default,bronze-controller-8,0.500000,0,average,1742761319,15382,181,15399,false,0.396419,-255.290415,741834,1652,488306,0
1742761359,bronze-class-deploy-16-74dd4696ff-wvm8n_default,bronze-controller-16,0.500000,0,average,1742761279,49263,143,30977,false,0.375962,-306.949091,769916,1914,465001,0
1742761362,silver-class-deploy-29-64fbff7759-qn7w4_default,silver-controller-29,0.900000,0,average,1742761326,4043,202,31763,false,0.922548,27.899886,93915,2274,1145743,0
1742761364,silver-class-deploy-23-5dfcff5b8f-29qdb_default,silver-controller-23,0.900000,0,average,1742761327,6942,24,30762,false,0.922642,28.118796,94869,1432,1148590,0
1742761364,bronze-class-deploy-1-7bfd84fb59-gvxrr_default,bronze-controller-1,0.500000,0,average,1742761270,63783,221,30764,false,0.395320,-260.329156,750265,1330,491368,0
1742761366,bronze-class-deploy-31-77756c9778-tfwc4_default,bronze-controller-31,0.500000,0,average,1742761319,15223,203,32243,false,0.396908,-255.840264,746020,1889,492214,0
1742761368,bronze-class-deploy-26-7f9d9f4558-84786_default,bronze-controller-26,0.500000,0,average,1742761189,144062,344,34902,false,0.371792,-318.075400,777668,1138,460921,0
1742761368,bronze-class-deploy-21-7b55589449-nrlqc_default,bronze-controller-21,0.500000,0,average,1742761232,101382,241,34725,false,0.374272,-313.798448,778889,1721,466913,0
1742761370,silver-class-deploy-10-6866d9b887-qc4rh_default,silver-controller-10,0.900000,0,average,1742761331,6842,241,32405,false,0.923038,28.743684,94109,2240,1155553,0
1742761371,silver-class-deploy-4-6bdc57b47d-v5x4m_default,silver-controller-4,0.900000,0,average,1742761335,5782,162,30905,false,0.923470,29.380635,93905,2209,1159802,0
1742761373,silver-class-deploy-9-6bb457cd89-xzccv_default,silver-controller-9,0.900000,0,average,1742761339,3022,24,31423,false,0.924969,31.303674,92743,1541,1162342,0
1742761375,silver-class-deploy-14-79f95c48b7-ktt4z_default,silver-controller-14,0.900000,0,average,1742761325,5202,243,44623,false,0.923287,29.112513,93811,2458,1158674,0
1742761375,silver-class-deploy-18-5dd44b47c5-fmp9s_default,silver-controller-18,0.900000,0,average,1742761329,5522,204,40382,false,0.923958,30.045938,93337,2350,1162679,0
1742761376,silver-class-deploy-25-646545667-95s5z_default,silver-controller-25,0.900000,0,average,1742761337,8763,100,30946,false,0.922601,28.301717,95082,2175,1159330,0
1742761385,silver-class-deploy-11-76847d46-4lxpm_default,silver-controller-11,0.900000,0,average,1742761331,9662,143,44379,false,0.921651,27.422893,97567,1996,1171213,0
1742761394,silver-class-deploy-29-64fbff7759-dfbv7_default,silver-controller-29,0.900000,0,average,1742761361,1309,122,31767,false,0.923442,29.788373,95225,2397,1177532,0
1742761394,silver-class-deploy-12-66b6ffdcc7-2wscd_default,silver-controller-12,0.900000,0,average,1742761339,12423,103,42674,false,0.921727,27.645826,98269,1634,1176455,0
1742761394,bronze-class-deploy-31-77756c9778-btbhv_default,bronze-controller-31,0.500000,0,average,1742761366,28324,5,252,false,0.388175,-283.886894,774344,1894,492487,0
1742761400,bronze-class-deploy-16-74dd4696ff-f8ndf_default,bronze-controller-16,0.500000,0,average,1742761359,9970,162,30868,false,0.388058,-286.210906,779886,2077,495875,0
1742761400,bronze-class-deploy-21-7b55589449-gfrgv_default,bronze-controller-21,0.500000,0,average,1742761368,1109,163,30768,false,0.388946,-284.307265,779999,1884,497682,0
1742761401,bronze-class-deploy-26-7f9d9f4558-72p6c_default,bronze-controller-26,0.500000,0,average,1742761368,890,102,32310,false,0.387446,-286.745859,778559,1241,493231,0
1742761402,bronze-class-deploy-20-5fd9977fb4-lzcjf_default,bronze-controller-20,0.500000,0,average,1742761342,23350,143,37148,false,0.391549,-277.943881,777266,2055,501506,0
1742761404,bronze-class-deploy-8-6fff566748-8fttc_default,bronze-controller-8,0.500000,0,average,1742761349,23189,141,32009,false,0.404253,-246.594968,765024,1794,520335,0
1742761405,silver-class-deploy-10-6866d9b887-t7q96_default,silver-controller-10,0.900000,0,average,1742761370,3810,162,31588,false,0.922077,28.323791,97919,2403,1187142,0
1742761407,silver-class-deploy-4-6bdc57b47d-2kxgs_default,silver-controller-4,0.900000,0,average,1742761371,4489,141,31490,false,0.922026,28.361482,98395,2350,1191312,0
1742761408,silver-class-deploy-23-5dfcff5b8f-9dmdk_default,silver-controller-23,0.900000,0,average,1742761364,3010,202,41229,false,0.922816,29.343671,97879,1635,1189820,0
1742761411,silver-class-deploy-18-5dd44b47c5-nkt77_default,silver-controller-18,0.900000,0,average,1742761375,5410,103,30947,false,0.921841,28.178241,98747,2454,1193627,0
1742761411,silver-class-deploy-9-6bb457cd89-494s2_default,silver-controller-9,0.900000,0,average,1742761373,7570,62,30948,false,0.921312,27.531410,100314,1604,1193311,0
1742761418,silver-class-deploy-25-646545667-mzz2d_default,silver-controller-25,0.900000,0,average,1742761376,3269,101,39511,false,0.922562,29.220546,98352,2276,1198861,0
1742761418,silver-class-deploy-11-76847d46-f9dzf_default,silver-controller-11,0.900000,0,average,1742761385,890,22,32975,false,0.922987,29.902006,98457,2019,1204189,0
1742761425,silver-class-deploy-12-66b6ffdcc7-mbkxj_default,silver-controller-12,0.900000,0,average,1742761394,324,6,31556,false,0.923383,30.509383,98593,1640,1208024,0
1742761425,silver-class-deploy-14-79f95c48b7-6gsh5_default,silver-controller-14,0.900000,0,average,1742761374,6489,121,45283,false,0.921276,27.692544,100300,2580,1203977,0
1742761433,bronze-class-deploy-26-7f9d9f4558-gngps_default,bronze-controller-26,0.500000,0,average,1742761401,2061,43,30787,false,0.401271,-258.028700,780621,1284,524037,0
1742761433,bronze-class-deploy-21-7b55589449-bccvn_default,bronze-controller-21,0.500000,0,average,1742761399,4061,63,30768,false,0.402029,-257.661399,784061,1948,528451,0
1742761434,silver-class-deploy-29-64fbff7759-rjdqh_default,silver-controller-29,0.900000,0,average,1742761394,4748,35,35414,false,0.922145,29.027695,99973,2432,1212948,0
1742761436,bronze-class-deploy-15-6fb6d4fc68-gknvt_default,bronze-controller-15,0.500000,0,average,1742761229,176902,63,30532,false,0.372172,-336.423611,824095,1801,489585,0
1742761438,bronze-class-deploy-16-74dd4696ff-vhc7m_default,bronze-controller-16,0.500000,0,average,1742761399,4022,60,35555,false,0.403379,-254.713759,783908,2138,531452,0
1742761439,bronze-class-deploy-6-c8cc7f9db-9449x_default,bronze-controller-6,0.500000,0,average,1742761321,87901,124,30832,false,0.401679,-259.933133,788226,2265,530691,0
1742761441,silver-class-deploy-4-6bdc57b47d-g7fmr_default,silver-controller-4,0.900000,0,average,1742761407,1982,60,32095,false,0.922494,29.735806,100378,2411,1223427,0
1742761442,silver-class-deploy-10-6866d9b887-tgpjw_default,silver-controller-10,0.900000,0,average,1742761405,3822,100,33515,false,0.921320,28.147087,101741,2503,1220677,0
1742761444,silver-class-deploy-9-6bb457cd89-7lq8h_default,silver-controller-9,0.900000,0,average,1742761411,902,202,32492,false,0.922473,29.784440,101216,1807,1225844,0
1742761450,silver-class-deploy-23-5dfcff5b8f-vjrzw_default,silver-controller-23,0.900000,0,average,1742761408,6321,103,36232,false,0.920465,27.184687,104201,1739,1226071,0
1742761450,silver-class-deploy-25-646545667-w4h5h_default,silver-controller-25,0.900000,0,average,1742761418,1002,4,31689,false,0.923706,31.486436,99355,2281,1230551,0
1742761450,silver-class-deploy-11-76847d46-c6zbf_default,silver-controller-11,0.900000,0,average,1742761418,1002,20,31734,false,0.924108,32.157251,99460,2040,1235928,0
1742761452,silver-class-deploy-18-5dd44b47c5-gswmn_default,silver-controller-18,0.900000,0,average,1742761411,3401,124,37852,false,0.921624,28.791530,102149,2578,1231499,0
1742761454,bronze-class-deploy-1-7bfd84fb59-shzxw_default,bronze-controller-1,0.500000,0,average,1742761364,89738,63,1035,false,0.369174,-349.092322,840003,1393,492404,0
1742761457,silver-class-deploy-14-79f95c48b7-z4d6s_default,silver-controller-14,0.900000,0,average,1742761425,1008,5,31204,false,0.922413,29.904850,101309,2585,1235181,0
1742761457,silver-class-deploy-12-66b6ffdcc7-7vzjp_default,silver-controller-12,0.900000,0,average,1742761425,1644,39,30633,false,0.923974,32.059503,100238,1680,1238665,0
1742761469,bronze-class-deploy-15-6fb6d4fc68-ns6fj_default,bronze-controller-15,0.500000,0,average,1742761436,1238,161,31854,false,0.386623,-305.951805,825333,1962,521459,0
1742761469,silver-class-deploy-29-64fbff7759-t4tlx_default,silver-controller-29,0.900000,0,average,1742761434,3377,123,31884,false,0.921594,29.066374,103351,2555,1244853,0
1742761473,bronze-class-deploy-26-7f9d9f4558-bdvzv_default,bronze-controller-26,0.500000,0,average,1742761433,10097,163,30284,false,0.411683,-237.997465,790718,1447,554330,0
1742761474,bronze-class-deploy-20-5fd9977fb4-zvvmk_default,bronze-controller-20,0.500000,0,average,1742761402,41018,103,31802,false,0.393957,-287.242515,818284,2159,533328,0
1742761476,bronze-class-deploy-6-c8cc7f9db-zxbn6_default,bronze-controller-6,0.500000,0,average,1742761439,4237,63,33083,false,0.414986,-231.127621,792464,2328,563794,0
1742761477,silver-class-deploy-4-6bdc57b47d-mprnb_default,silver-controller-4,0.900000,0,average,1742761441,5037,62,31525,false,0.920836,28.301610,105415,2473,1254972,0
1742761478,silver-class-deploy-9-6bb457cd89-dnhnj_default,silver-controller-9,0.900000,0,average,1742761444,4298,21,30605,false,0.921292,28.961575,105515,1828,1256469,0
1742761480,silver-class-deploy-10-6866d9b887-2f7ck_default,silver-controller-10,0.900000,0,average,1742761442,2818,103,35243,false,0.921381,29.044091,104559,2606,1255941,0
1742761481,silver-class-deploy-23-5dfcff5b8f-khwwp_default,silver-controller-23,0.900000,0,average,1742761450,1198,83,30144,false,0.921359,29.045468,105399,1822,1256216,0
1742761485,silver-class-deploy-18-5dd44b47c5-jg6q8_default,silver-controller-18,0.900000,0,average,1742761452,1778,44,31342,false,0.922192,30.289594,103927,2623,1262862,0
1742761485,silver-class-deploy-25-646545667-h4p4h_default,silver-controller-25,0.900000,0,average,1742761450,3778,63,31362,false,0.922861,31.165908,103134,2345,1261913,0
1742761488,bronze-class-deploy-8-6fff566748-9d6cm_default,bronze-controller-8,0.500000,0,average,1742761404,82744,124,1976,false,0.380694,-327.488020,847769,1918,522312,0
1742761492,silver-class-deploy-11-76847d46-7zckg_default,silver-controller-11,0.900000,0,average,1742761450,7498,103,34743,false,0.920929,28.791648,106958,2143,1270691,0
1742761492,silver-class-deploy-12-66b6ffdcc7-jb49m_default,silver-controller-12,0.900000,0,average,1742761457,4702,59,30642,false,0.922469,30.838670,104941,1739,1269308,0
1742761493,silver-class-deploy-14-79f95c48b7-wjh55_default,silver-controller-14,0.900000,0,average,1742761457,4702,39,31943,false,0.921036,28.836214,106012,2624,1267144,0
1742761497,bronze-class-deploy-31-77756c9778-hfzvh_default,bronze-controller-31,0.500000,0,average,1742761394,100225,122,3337,false,0.361280,-380.897000,874570,2017,495825,0
1742761501,silver-class-deploy-29-64fbff7759-4h9lx_default,silver-controller-29,0.900000,0,average,1742761469,450,36,31659,false,0.923066,31.799000,103801,2592,1276531,0
1742761505,bronze-class-deploy-6-c8cc7f9db-v42fj_default,bronze-controller-6,0.500000,0,average,1742761476,28288,39,937,false,0.406919,-258.493176,820752,2368,564752,0
1742761506,bronze-class-deploy-26-7f9d9f4558-9rsfx_default,bronze-controller-26,0.500000,0,average,1742761473,649,38,32856,false,0.425493,-205.797097,791368,1486,587206,0
1742761514,silver-class-deploy-10-6866d9b887-knfp4_default,silver-controller-10,0.900000,0,average,1742761480,3905,103,30094,false,0.920432,28.447608,108465,2709,1286055,0
1742761514,silver-class-deploy-9-6bb457cd89-tjtwl_default,silver-controller-9,0.900000,0,average,1742761478,3964,121,32299,false,0.920420,28.514136,109479,1949,1288788,0
1742761516,silver-class-deploy-23-5dfcff5b8f-cm6hc_default,silver-controller-23,0.900000,0,average,1742761481,4865,180,30559,false,0.919754,27.557663,110265,2003,1286795,0
1742761520,bronze-class-deploy-28-946b5bff6-2g9h5_default,bronze-controller-28,0.500000,0,average,1742761323,163025,243,34216,false,0.370595,-361.341472,876761,1711,517246,0
1742761520,bronze-class-deploy-1-7bfd84fb59-wp6d9_default,bronze-controller-1,0.500000,0,average,1742761454,32244,183,34175,false,0.376029,-347.330112,872248,1577,526601,0
1742761520,bronze-class-deploy-20-5fd9977fb4-ltzx9_default,bronze-controller-20,0.500000,0,average,1742761474,12665,101,33878,false,0.405036,-266.108533,830949,2261,567228,0
1742761523,silver-class-deploy-25-646545667-55sbd_default,silver-controller-25,0.900000,0,average,1742761485,6065,23,32277,false,0.920636,28.918776,109199,2368,1294211,0
1742761525,silver-class-deploy-18-5dd44b47c5-wlf8q_default,silver-controller-18,0.900000,0,average,1742761485,2887,40,37177,false,0.922330,31.376010,106815,2663,1300059,0
1742761527,silver-class-deploy-11-76847d46-vtlkh_default,silver-controller-11,0.900000,0,average,1742761492,2305,161,33418,false,0.921192,29.912272,109264,2304,1304129,0
1742761527,silver-class-deploy-14-79f95c48b7-79nmj_default,silver-controller-14,0.900000,0,average,1742761493,3705,63,31155,false,0.920320,28.563235,109717,2688,1298320,0
1742761535,silver-class-deploy-12-66b6ffdcc7-b9rl9_default,silver-controller-12,0.900000,0,average,1742761492,7950,38,35056,false,0.919193,27.158169,112891,1778,1304385,0
1742761543,bronze-class-deploy-3-775f4fbdd9-txpg2_default,bronze-controller-3,0.500000,0,average,1742761173,264118,144,106206,false,0.367898,-376.329325,898343,1703,523848,0
1742761543,bronze-class-deploy-31-77756c9778-7bj7t_default,bronze-controller-31,0.500000,0,average,1742761497,14969,37,31472,false,0.371635,-364.405081,889539,2054,527317,0
1742761543,silver-class-deploy-29-64fbff7759-pgrw5_default,silver-controller-29,0.900000,0,average,1742761501,6885,122,35986,false,0.920471,29.089538,110686,2715,1312518,0
1742761547,silver-class-deploy-23-5dfcff5b8f-qqrpq_default,silver-controller-23,0.900000,0,average,1742761516,825,61,30307,false,0.920886,29.792821,111090,2064,1317121,0
1742761548,silver-class-deploy-9-6bb457cd89-z672b_default,silver-controller-9,0.900000,0,average,1742761514,2825,43,31606,false,0.920333,29.094355,112305,1993,1320395,0
1742761548,silver-class-deploy-10-6866d9b887-vhkd4_default,silver-controller-10,0.900000,0,average,1742761514,2825,21,31668,false,0.920362,29.055834,111290,2730,1317725,0
1742761557,silver-class-deploy-25-646545667-9bjnb_default,silver-controller-25,0.900000,0,average,1742761523,2485,162,32263,false,0.920722,29.760978,111684,2531,1326493,0
1742761559,bronze-class-deploy-28-946b5bff6-zj7j6_default,bronze-controller-28,0.500000,0,average,1742761520,3785,103,36025,false,0.385393,-329.185346,880547,1815,553290,0
1742761559,bronze-class-deploy-1-7bfd84fb59-z5k9j_default,bronze-controller-1,0.500000,0,average,1742761520,5365,143,34417,false,0.389509,-318.403204,877613,1721,561039,0
1742761560,silver-class-deploy-4-6bdc57b47d-rpjfq_default,silver-controller-4,0.900000,0,average,1742761477,9387,181,74154,false,0.918804,27.104179,114802,2655,1329146,0
1742761561,silver-class-deploy-14-79f95c48b7-hcl2w_default,silver-controller-14,0.900000,0,average,1742761527,3505,121,31336,false,0.919739,28.432548,113222,2809,1329657,0
1742761562,bronze-class-deploy-15-6fb6d4fc68-vb54j_default,bronze-controller-15,0.500000,0,average,1742761469,53185,83,39733,false,0.389246,-319.477650,878519,2045,561200,0
1742761563,silver-class-deploy-18-5dd44b47c5-q5qm5_default,silver-controller-18,0.900000,0,average,1742761525,5584,104,33234,false,0.920490,29.581186,112400,2767,1333314,0
1742761563,silver-class-deploy-11-76847d46-hl6cd_default,silver-controller-11,0.900000,0,average,1742761527,3645,63,33225,false,0.920642,29.897717,112909,2368,1337355,0
1742761574,bronze-class-deploy-3-775f4fbdd9-wpsnn_default,bronze-controller-3,0.500000,0,average,1742761543,602,5,31314,false,0.381347,-345.599225,898945,1708,555177,0
1742761575,silver-class-deploy-29-64fbff7759-gh7sv_default,silver-controller-29,0.900000,0,average,1742761543,2034,24,30037,false,0.920811,30.245399,112721,2739,1342575,0
1742761577,silver-class-deploy-12-66b6ffdcc7-9kg67_default,silver-controller-12,0.900000,0,average,1742761534,1985,23,41303,false,0.920213,29.484816,114876,1802,1345708,0
1742761578,silver-class-deploy-23-5dfcff5b8f-zwd7g_default,silver-controller-23,0.900000,0,average,1742761547,259,35,31137,false,0.922386,32.644568,111350,2100,1348279,0
1742761582,silver-class-deploy-10-6866d9b887-jk67b_default,silver-controller-10,0.900000,0,average,1742761548,3874,22,30993,false,0.919599,28.649939,115165,2753,1348719,0
1742761583,silver-class-deploy-9-6bb457cd89-vmvw7_default,silver-controller-9,0.900000,0,average,1742761548,3874,42,31095,false,0.919565,28.679429,116179,2035,1351491,0
1742761591,bronze-class-deploy-28-946b5bff6-jvbgq_default,bronze-controller-28,0.500000,0,average,1742761559,1036,2,31213,false,0.398197,-298.986194,881583,1818,584522,0
1742761591,silver-class-deploy-4-6bdc57b47d-bqd2v_default,silver-controller-4,0.900000,0,average,1742761560,767,36,30451,false,0.919978,29.428440,115570,2691,1359598,0
1742761591,silver-class-deploy-25-646545667-v7r62_default,silver-controller-25,0.900000,0,average,1742761557,1021,5,33530,false,0.921883,32.193309,112706,2536,1360029,0
1742761594,bronze-class-deploy-1-7bfd84fb59-xq5cp_default,bronze-controller-1,0.500000,0,average,1742761559,3422,21,31634,false,0.401692,-290.201152,881036,1742,592679,0
1742761594,bronze-class-deploy-15-6fb6d4fc68-v5ths_default,bronze-controller-15,0.500000,0,average,1742761561,1422,43,31651,false,0.401966,-289.288367,879941,2089,592852,0
1742761595,silver-class-deploy-11-76847d46-bdjzf_default,silver-controller-11,0.900000,0,average,1742761563,1047,4,31745,false,0.921687,32.129261,113956,2372,1369108,0
1742761596,silver-class-deploy-18-5dd44b47c5-frf94_default,silver-controller-18,0.900000,0,average,1742761563,1047,7,32902,false,0.921601,31.927053,113447,2775,1366234,0
1742761598,bronze-class-deploy-31-77756c9778-5d8kh_default,bronze-controller-31,0.500000,0,average,1742761543,15021,5,40270,false,0.385017,-339.141196,904560,2060,567601,0
1742761600,silver-class-deploy-14-79f95c48b7-sbfl7_default,silver-controller-14,0.900000,0,average,1742761561,1422,63,37771,false,0.920860,30.873175,114645,2873,1367428,0
1742761609,silver-class-deploy-12-66b6ffdcc7-xsbr7_default,silver-controller-12,0.900000,0,average,1742761577,1554,40,30756,false,0.920873,31.126593,116430,1843,1376465,0
1742761609,silver-class-deploy-23-5dfcff5b8f-xlqsh_default,silver-controller-23,0.900000,0,average,1742761578,554,59,30829,false,0.923610,35.177828,111904,2159,1379128,0
1742761614,silver-class-deploy-10-6866d9b887-hb466_default,silver-controller-10,0.900000,0,average,1742761582,1252,40,31073,false,0.920474,30.597382,116417,2794,1379814,0
1742761614,silver-class-deploy-9-6bb457cd89-797lm_default,silver-controller-9,0.900000,0,average,1742761582,1252,63,31054,false,0.920423,30.601368,117432,2099,1382546,0
1742761614,silver-class-deploy-29-64fbff7759-hk4kb_default,silver-controller-29,0.900000,0,average,1742761575,109,23,39243,false,0.922805,34.052753,112830,2762,1381822,0
1742761615,bronze-class-deploy-15-6fb6d4fc68-qpj48_default,bronze-controller-15,0.500000,0,average,1742761594,20500,7,676,false,0.396726,-309.114522,900441,2096,593528,0
1742761623,silver-class-deploy-4-6bdc57b47d-8cdc5_default,silver-controller-4,0.900000,0,average,1742761591,699,40,31624,false,0.921203,31.927682,116270,2731,1391236,0
1742761623,silver-class-deploy-25-646545667-j96qm_default,silver-controller-25,0.900000,0,average,1742761591,700,62,31611,false,0.923056,34.670965,113406,2599,1391660,0
1742761625,bronze-class-deploy-28-946b5bff6-w2mcz_default,bronze-controller-28,0.500000,0,average,1742761591,3577,42,30748,false,0.409559,-271.842823,885161,1860,615282,0
1742761625,bronze-class-deploy-3-775f4fbdd9-vgf8d_default,bronze-controller-3,0.500000,0,average,1742761574,20537,64,30775,false,0.388769,-335.416198,919482,1772,585957,0
1742761629,bronze-class-deploy-31-77756c9778-xnlr5_default,bronze-controller-31,0.500000,0,average,1742761598,937,161,30262,false,0.397106,-309.958751,905498,2221,597884,0
1742761632,bronze-class-deploy-32-7bb47fdcc7-7hwbd_default,bronze-controller-32,0.500000,0,average,1742761322,276817,143,33431,false,0.354483,-438.233653,969612,2085,533603,0
1742761633,bronze-class-deploy-8-6fff566748-2zzbw_default,bronze-controller-8,0.500000,0,average,1742761488,95252,23,50356,false,0.377344,-372.401626,943021,1941,572669,0
1742761634,silver-class-deploy-11-76847d46-l82cg_default,silver-controller-11,0.900000,0,average,1742761595,7577,63,32210,false,0.918723,28.473777,121534,2436,1401319,0
1742761636,silver-class-deploy-18-5dd44b47c5-mpgz6_default,silver-controller-18,0.900000,0,average,1742761596,6617,43,33610,false,0.919301,29.297369,120064,2818,1399866,0
1742761638,silver-class-deploy-14-79f95c48b7-zrlzc_default,silver-controller-14,0.900000,0,average,1742761600,5882,38,32191,false,0.918954,28.767754,120528,2911,1399640,0
1742761640,silver-class-deploy-23-5dfcff5b8f-kvgnt_default,silver-controller-23,0.900000,0,average,1742761609,611,14,31066,false,0.924788,37.724265,112515,2173,1410197,0
1742761645,silver-class-deploy-9-6bb457cd89-5djns_default,silver-controller-9,0.900000,0,average,1742761614,502,7,30720,false,0.921711,33.217843,117935,2107,1413285,0
1742761647,silver-class-deploy-29-64fbff7759-ptjx4_default,silver-controller-29,0.900000,0,average,1742761614,3243,22,30201,false,0.922359,34.136828,116074,2785,1412036,0
1742761647,silver-class-deploy-10-6866d9b887-whg25_default,silver-controller-10,0.900000,0,average,1742761614,502,8,33321,false,0.921896,33.473476,116920,2802,1413145,0
1742761654,silver-class-deploy-4-6bdc57b47d-8945k_default,silver-controller-4,0.900000,0,average,1742761623,632,20,30843,false,0.922390,34.427518,116902,2752,1422092,0
1742761654,silver-class-deploy-12-66b6ffdcc7-5tdg7_default,silver-controller-12,0.900000,0,average,1742761609,610,4,44890,false,0.922812,35.064396,117041,1847,1421356,0
1742761654,silver-class-deploy-25-646545667-m4s2c_default,silver-controller-25,0.900000,0,average,1742761623,632,42,30841,false,0.924193,37.149852,114039,2642,1422510,0
1742761658,bronze-class-deploy-3-775f4fbdd9-nt8m5_default,bronze-controller-3,0.500000,0,average,1742761625,484,3,32990,false,0.401736,-302.900597,919966,1776,618953,0
1742761659,bronze-class-deploy-31-77756c9778-2s74t_default,bronze-controller-31,0.500000,0,average,1742761629,388,3,30084,false,0.408817,-280.248136,905887,2224,627981,0
1742761667,silver-class-deploy-11-76847d46-twc6f_default,silver-controller-11,0.900000,0,average,1742761634,2892,143,30446,false,0.918522,28.786603,124426,2579,1431785,0
1742761669,bronze-class-deploy-8-6fff566748-frh9w_default,bronze-controller-8,0.500000,0,average,1742761633,5432,103,30954,false,0.388409,-346.962804,948453,2044,603643,0
1742761669,bronze-class-deploy-32-7bb47fdcc7-gdr62_default,bronze-controller-32,0.500000,0,average,1742761632,4631,141,32727,false,0.367088,-410.259523,974244,2226,566351,0
1742761671,silver-class-deploy-14-79f95c48b7-95lhp_default,silver-controller-14,0.900000,0,average,1742761637,4051,101,30334,false,0.918083,28.065146,124579,3013,1429994,0
1742761672,silver-class-deploy-18-5dd44b47c5-hmhb8_default,silver-controller-18,0.900000,0,average,1742761636,4973,121,31040,false,0.917905,27.817198,125038,2939,1430927,0
1742761676,silver-class-deploy-9-6bb457cd89-xkpth_default,silver-controller-9,0.900000,0,average,1742761645,392,39,31060,false,0.923011,35.937704,118328,2146,1444365,0
1742761676,silver-class-deploy-23-5dfcff5b8f-ds26q_default,silver-controller-23,0.900000,0,average,1742761640,5392,63,31039,false,0.923053,35.920180,117908,2237,1441257,0
1742761678,silver-class-deploy-10-6866d9b887-hgwwv_default,silver-controller-10,0.900000,0,average,1742761647,954,41,30999,false,0.922858,35.681025,117874,2843,1444164,0
1742761679,silver-class-deploy-29-64fbff7759-kcrfs_default,silver-controller-29,0.900000,0,average,1742761647,954,61,31059,false,0.923303,36.330104,117029,2846,1443099,0
1742761685,silver-class-deploy-12-66b6ffdcc7-qr7jf_default,silver-controller-12,0.900000,0,average,1742761654,618,8,30888,false,0.923961,37.592492,117659,1855,1452253,0
1742761685,silver-class-deploy-4-6bdc57b47d-m9q74_default,silver-controller-4,0.900000,0,average,1742761654,618,4,30908,false,0.923550,36.962588,117520,2757,1453020,0
1742761687,silver-class-deploy-25-646545667-kxd94_default,silver-controller-25,0.900000,0,average,1742761654,618,8,32869,false,0.925409,39.875765,114657,2650,1455383,0
1742761691,bronze-class-deploy-31-77756c9778-jqctj_default,bronze-controller-31,0.500000,0,average,1742761659,497,5,32002,false,0.420749,-248.737457,906384,2230,659988,0
1742761691,bronze-class-deploy-3-775f4fbdd9-7hbfz_default,bronze-controller-3,0.500000,0,average,1742761658,491,6,33009,false,0.414155,-270.379485,920458,1782,651966,0
1742761698,silver-class-deploy-11-76847d46-sv7gz_default,silver-controller-11,0.900000,0,average,1742761667,497,4,31006,false,0.919821,31.438589,124923,2584,1462795,0
1742761702,bronze-class-deploy-6-c8cc7f9db-57blj_default,bronze-controller-6,0.500000,0,average,1742761505,165413,3,32303,false,0.376550,-391.600420,986166,2371,597055,0
1742761703,silver-class-deploy-18-5dd44b47c5-j2tbt_default,silver-controller-18,0.900000,0,average,1742761672,258,59,31622,false,0.919354,30.696487,125297,2999,1462570,0
1742761705,silver-class-deploy-14-79f95c48b7-qc4q6_default,silver-controller-14,0.900000,0,average,1742761671,1258,40,32901,false,0.919027,30.188789,125838,3053,1462899,0
1742761705,bronze-class-deploy-32-7bb47fdcc7-chkzq_default,bronze-controller-32,0.500000,0,average,1742761669,621,3,35615,false,0.381221,-375.251151,974866,2229,601976,0
1742761708,silver-class-deploy-9-6bb457cd89-8mz2z_default,silver-controller-9,0.900000,0,average,1742761676,719,58,31744,false,0.924095,38.418099,119047,2205,1476171,0
1742761708,silver-class-deploy-23-5dfcff5b8f-sfm8t_default,silver-controller-23,0.900000,0,average,1742761676,719,36,31779,false,0.924153,38.426852,118628,2273,1473115,0
1742761713,silver-class-deploy-10-6866d9b887-47qhv_default,silver-controller-10,0.900000,0,average,1742761678,1185,32,34309,false,0.923810,38.019428,119059,2876,1478494,0
1742761713,silver-class-deploy-29-64fbff7759-mn9tt_default,silver-controller-29,0.900000,0,average,1742761678,1185,12,34331,false,0.924258,38.687662,118214,2859,1477431,0
1742761717,silver-class-deploy-12-66b6ffdcc7-b4d98_default,silver-controller-12,0.900000,0,average,1742761685,635,7,31882,false,0.925103,40.205942,118295,1863,1484155,0
1742761717,silver-class-deploy-25-646545667-ds67p_default,silver-controller-25,0.900000,0,average,1742761687,507,4,30197,false,0.926519,42.437587,115164,2655,1485586,0
1742761724,silver-class-deploy-4-6bdc57b47d-vh77b_default,silver-controller-4,0.900000,0,average,1742761685,635,4,38898,false,0.925028,40.279111,118156,2762,1491922,0
1742761724,bronze-class-deploy-3-775f4fbdd9-5hjsn_default,bronze-controller-3,0.500000,0,average,1742761691,627,4,32911,false,0.425992,-238.076377,921086,1787,684896,0
1742761731,silver-class-deploy-11-76847d46-httft_default,silver-controller-11,0.900000,0,average,1742761698,680,5,32851,false,0.921056,34.110057,125603,2589,1495652,0
1742761734,bronze-class-deploy-6-c8cc7f9db-ljgh9_default,bronze-controller-6,0.500000,0,average,1742761702,820,21,31703,false,0.388570,-360.733253,986986,2393,628760,0
1742761734,silver-class-deploy-18-5dd44b47c5-9x6s8_default,silver-controller-18,0.900000,0,average,1742761703,1006,34,30506,false,0.920282,32.813944,126303,3033,1493095,0
1742761735,bronze-class-deploy-32-7bb47fdcc7-h2mzg_default,bronze-controller-32,0.500000,0,average,1742761705,442,40,30468,false,0.392825,-345.239453,975308,2270,632465,0
1742761737,silver-class-deploy-14-79f95c48b7-jk9l7_default,silver-controller-14,0.900000,0,average,1742761705,442,60,32041,false,0.920340,32.941057,126280,3114,1494941,0
1742761739,silver-class-deploy-23-5dfcff5b8f-v5ccp_default,silver-controller-23,0.900000,0,average,1742761708,649,5,30893,false,0.925222,40.929099,119278,2278,1504018,0
1742761739,silver-class-deploy-9-6bb457cd89-ssmnr_default,silver-controller-9,0.900000,0,average,1742761708,649,4,30905,false,0.925164,40.922882,119697,2210,1507089,0
1742761746,silver-class-deploy-10-6866d9b887-l5dgs_default,silver-controller-10,0.900000,0,average,1742761713,659,6,32892,false,0.924968,40.712087,119719,2883,1511389,0
1742761746,bronze-class-deploy-21-7b55589449-vdj47_default,bronze-controller-21,0.500000,0,average,1742761433,263436,6,50126,false,0.355389,-470.962185,1047497,1954,578588,0
1742761748,silver-class-deploy-12-66b6ffdcc7-mmmqq_default,silver-controller-12,0.900000,0,average,1742761717,885,32,30651,false,0.925987,42.447233,119180,1895,1514812,0
1742761748,silver-class-deploy-25-646545667-cbplw_default,silver-controller-25,0.900000,0,average,1742761717,885,51,30634,false,0.927365,44.659100,116050,2707,1516225,0
1742761755,silver-class-deploy-4-6bdc57b47d-whwmx_default,silver-controller-4,0.900000,0,average,1742761724,664,6,30904,false,0.926060,42.769148,118820,2768,1522832,0
1742761755,bronze-class-deploy-3-775f4fbdd9-qqxr9_default,bronze-controller-3,0.500000,0,average,1742761724,664,3,30914,false,0.436643,-207.824033,921750,1790,715810,0
1742761755,silver-class-deploy-29-64fbff7759-dj45v_default,silver-controller-29,0.900000,0,average,1742761713,659,2,41920,false,0.925821,42.287575,118873,2862,1519366,0
1742761764,silver-class-deploy-11-76847d46-fhxtv_default,silver-controller-11,0.900000,0,average,1742761731,552,2,33007,false,0.922319,36.913291,126156,2592,1528662,0
1742761766,bronze-class-deploy-32-7bb47fdcc7-bqp6n_default,bronze-controller-32,0.500000,0,average,1742761735,1132,62,30380,false,0.403783,-316.030922,976440,2333,662866,0
1742761766,bronze-class-deploy-6-c8cc7f9db-n5b2t_default,bronze-controller-6,0.500000,0,average,1742761734,2132,41,30411,false,0.399323,-332.490325,989118,2434,659173,0
1742761767,silver-class-deploy-18-5dd44b47c5-455k9_default,silver-controller-18,0.900000,0,average,1742761734,837,35,32341,false,0.921354,35.264451,127141,3068,1525439,0
1742761768,silver-class-deploy-14-79f95c48b7-67qk9_default,silver-controller-14,0.900000,0,average,1742761737,558,4,30871,false,0.921512,35.524323,126839,3119,1525816,0
1742761771,bronze-class-deploy-31-77756c9778-rl4ht_default,bronze-controller-31,0.500000,0,average,1742761691,48684,3,31347,false,0.419338,-266.070380,955069,2233,691338,0
1742761773,silver-class-deploy-9-6bb457cd89-j9vnc_default,silver-controller-9,0.900000,0,average,1742761739,684,5,33524,false,0.926288,43.655754,120382,2215,1540616,0
1742761774,silver-class-deploy-23-5dfcff5b8f-52p5k_default,silver-controller-23,0.900000,0,average,1742761739,685,6,34724,false,0.926401,43.782491,119963,2285,1538753,0
1742761778,silver-class-deploy-10-6866d9b887-ksfhc_default,silver-controller-10,0.900000,0,average,1742761746,682,4,31727,false,0.926015,43.269774,120401,2888,1543128,0
1742761778,bronze-class-deploy-21-7b55589449-q9649_default,bronze-controller-21,0.500000,0,average,1742761746,682,5,31766,false,0.367577,-439.869975,1048179,1960,610364,0
1742761779,silver-class-deploy-12-66b6ffdcc7-mmpvs_default,silver-controller-12,0.900000,0,average,1742761748,680,4,31009,false,0.926983,44.933228,119861,1900,1545825,0
1742761780,silver-class-deploy-25-646545667-6zdwn_default,silver-controller-25,0.900000,0,average,1742761748,681,5,32268,false,0.928389,47.270689,116731,2712,1548501,0
1742761786,silver-class-deploy-29-64fbff7759-rjd9z_default,silver-controller-29,0.900000,0,average,1742761755,993,38,30762,false,0.926614,44.437475,119867,2900,1550138,0
1742761786,silver-class-deploy-4-6bdc57b47d-45l7m_default,silver-controller-4,0.900000,0,average,1742761755,993,58,30783,false,0.926837,44.902519,119814,2826,1553623,0
1742761796,silver-class-deploy-11-76847d46-jrscb_default,silver-controller-11,0.900000,0,average,1742761764,683,2,31899,false,0.923411,39.488354,126840,2595,1560565,0
1742761796,bronze-class-deploy-3-775f4fbdd9-fw465_default,bronze-controller-3,0.500000,0,average,1742761755,9683,5,31903,false,0.444819,-185.603281,931433,1795,747716,0
1742761803,bronze-class-deploy-28-946b5bff6-9wf7p_default,bronze-controller-28,0.500000,0,average,1742761625,146715,102,31772,false,0.384951,-386.876669,1031877,1963,647067,0
1742761803,bronze-class-deploy-32-7bb47fdcc7-9fkqk_default,bronze-controller-32,0.500000,0,average,1742761766,5935,163,31498,false,0.413506,-290.615882,982376,2496,694382,0
1742761805,bronze-class-deploy-6-c8cc7f9db-m2jmq_default,bronze-controller-6,0.500000,0,average,1742761766,5795,160,33633,false,0.409871,-304.806698,994913,2595,692815,0
1742761806,silver-class-deploy-18-5dd44b47c5-tv26l_default,silver-controller-18,0.900000,0,average,1742761767,7815,63,31320,false,0.918525,31.308585,134956,3132,1556780,0
1742761807,silver-class-deploy-14-79f95c48b7-lmmkb_default,silver-controller-14,0.900000,0,average,1742761768,6855,43,32499,false,0.919267,32.569124,133695,3162,1558336,0
1742761808,silver-class-deploy-23-5dfcff5b8f-2bsmm_default,silver-controller-23,0.900000,0,average,1742761774,855,86,33956,false,0.927361,46.331810,120819,2371,1572729,0
1742761813,silver-class-deploy-25-646545667-g9kh5_default,silver-controller-25,0.900000,0,average,1742761780,2275,83,31160,false,0.928414,48.265590,119006,2796,1579681,0
1742761813,silver-class-deploy-10-6866d9b887-ktcxf_default,silver-controller-10,0.900000,0,average,1742761778,4275,43,31240,false,0.925024,42.508372,124676,2931,1574368,0
1742761813,silver-class-deploy-12-66b6ffdcc7-7lmh8_default,silver-controller-12,0.900000,0,average,1742761779,3275,62,31300,false,0.926509,45.061122,123136,1963,1577145,0
1742761815,bronze-class-deploy-6-c8cc7f9db-fj8rq_default,bronze-controller-6,0.500000,0,average,1742761805,4738,142,5176,false,0.410492,-304.510954,999652,2738,697994,0
1742761817,silver-class-deploy-9-6bb457cd89-8jtlb_default,silver-controller-9,0.900000,0,average,1742761773,1855,65,42617,false,0.927087,46.190935,122238,2280,1583253,0
1742761817,silver-class-deploy-29-64fbff7759-z7w25_default,silver-controller-29,0.900000,0,average,1742761786,999,38,30560,false,0.927366,46.562612,120867,2938,1580719,0
1742761817,bronze-class-deploy-21-7b55589449-nw2cf_default,bronze-controller-21,0.500000,0,average,1742761778,4235,60,35442,false,0.379832,-408.722313,1052415,2021,645806,0
1742761819,silver-class-deploy-4-6bdc57b47d-gj24f_default,silver-controller-4,0.900000,0,average,1742761786,999,59,32619,false,0.927659,47.214170,120814,2885,1586263,0
1742761821,bronze-class-deploy-26-7f9d9f4558-4hlmd_default,bronze-controller-26,0.500000,0,average,1742761506,313978,123,1016,false,0.346997,-518.880342,1105346,1610,588223,0
1742761825,bronze-class-deploy-21-7b55589449-mcgxk_default,bronze-controller-21,0.500000,0,average,1742761817,1218,100,7059,false,0.382108,-402.962935,1053634,2122,652885,0
1742761829,silver-class-deploy-11-76847d46-rrglp_default,silver-controller-11,0.900000,0,average,1742761796,711,2,33023,false,0.924496,42.151574,127551,2597,1593601,0
1742761829,bronze-class-deploy-3-775f4fbdd9-gc2kc_default,bronze-controller-3,0.500000,0,average,1742761796,711,5,33121,false,0.455359,-153.185855,932145,1801,780846,0
1742761833,bronze-class-deploy-15-6fb6d4fc68-crs42_default,bronze-controller-15,0.500000,0,average,1742761615,215298,163,3016,false,0.347939,-521.543067,1115740,2259,596564,0
1742761840,silver-class-deploy-18-5dd44b47c5-r8xpl_default,silver-controller-18,0.900000,0,average,1742761806,3818,181,30958,false,0.917861,30.804200,138775,3313,1587759,0
1742761842,bronze-class-deploy-1-7bfd84fb59-ggkgp_default,bronze-controller-1,0.500000,0,average,1742761593,216599,160,32538,false,0.362496,-474.425750,1097635,1902,625217,0
1742761843,bronze-class-deploy-28-946b5bff6-94vh5_default,bronze-controller-28,0.500000,0,average,1742761803,723,3,40011,false,0.399083,-347.585593,1032600,1966,687079,0
1742761845,silver-class-deploy-12-66b6ffdcc7-rvjpk_default,silver-controller-12,0.900000,0,average,1742761813,1018,60,30939,false,0.927247,47.193583,124155,2024,1608184,0
1742761846,silver-class-deploy-23-5dfcff5b8f-4gvrm_default,silver-controller-23,0.900000,0,average,1742761808,5978,63,32456,false,0.925491,44.142210,126797,2434,1605206,0
1742761846,silver-class-deploy-10-6866d9b887-fpz9j_default,silver-controller-10,0.900000,0,average,1742761813,1018,45,32474,false,0.925860,44.799358,125694,2976,1606843,0
1742761848,silver-class-deploy-14-79f95c48b7-scgt5_default,silver-controller-14,0.900000,0,average,1742761807,2978,123,38036,false,0.919395,33.582140,136673,3285,1596392,0
1742761849,bronze-class-deploy-31-77756c9778-67t6t_default,bronze-controller-31,0.500000,0,average,1742761770,78797,163,1016,false,0.400532,-343.998251,1033867,2397,692374,0
1742761851,bronze-class-deploy-16-74dd4696ff-bfsmk_default,bronze-controller-16,0.500000,0,average,1742761438,371477,143,41896,false,0.331221,-584.440248,1155386,2282,573348,0
1742761851,bronze-class-deploy-6-c8cc7f9db-kw7fr_default,bronze-controller-6,0.500000,0,average,1742761815,3438,102,33016,false,0.420867,-275.015974,1003091,2841,731030,0
1742761853,silver-class-deploy-9-6bb457cd89-46vqh_default,silver-controller-9,0.900000,0,average,1742761817,3120,62,33414,false,0.926791,46.667181,125359,2343,1616668,0
1742761854,silver-class-deploy-25-646545667-bw5kx_default,silver-controller-25,0.900000,0,average,1742761813,7058,102,34776,false,0.926028,45.297484,126065,2899,1614458,0
1742761856,silver-class-deploy-29-64fbff7759-gclb7_default,silver-controller-29,0.900000,0,average,1742761817,7423,36,31958,false,0.924731,43.047880,128290,2975,1612698,0
1742761857,bronze-class-deploy-6-c8cc7f9db-s5nck_default,bronze-controller-6,0.500000,0,average,1742761851,4258,102,2516,false,0.420657,-276.839158,1007349,2944,733567,0
1742761861,bronze-class-deploy-31-77756c9778-8fkpb_default,bronze-controller-31,0.500000,0,average,1742761849,3218,163,8716,false,0.402762,-338.646363,1037085,2561,701111,0
1742761867,silver-class-deploy-4-6bdc57b47d-8w7cg_default,silver-controller-4,0.900000,0,average,1742761819,13522,36,34978,false,0.921946,38.511708,134336,2922,1621262,0
1742761869,bronze-class-deploy-31-77756c9778-gs2rw_default,bronze-controller-31,0.500000,0,average,1742761861,6898,63,1975,false,0.401841,-343.610568,1043983,2624,703107,0
1742761872,silver-class-deploy-11-76847d46-zpj2h_default,silver-controller-11,0.900000,0,average,1742761829,9778,22,33376,false,0.920795,36.671464,137330,2620,1626998,0
1742761872,bronze-class-deploy-26-7f9d9f4558-dfb96_default,bronze-controller-26,0.500000,0,average,1742761821,9178,143,41955,false,0.360840,-486.226513,1114524,1754,630198,0
1742761873,bronze-class-deploy-26-7f9d9f4558-58f9g_default,bronze-controller-26,0.500000,0,average,1742761872,658,61,1058,false,0.361086,-485.860605,1115183,1815,631277,0
1742761876,bronze-class-deploy-1-7bfd84fb59-7s88s_default,bronze-controller-1,0.500000,0,average,1742761842,558,64,33535,false,0.374523,-441.510183,1098193,1967,658754,0
1742761876,bronze-class-deploy-15-6fb6d4fc68-zvqq6_default,bronze-controller-15,0.500000,0,average,1742761833,12218,61,30998,false,0.357008,-502.822179,1127959,2320,627563,0
1742761878,silver-class-deploy-18-5dd44b47c5-wgd2q_default,silver-controller-18,0.900000,0,average,1742761840,5258,42,32957,false,0.916641,29.332207,144033,3355,1620736,0
1742761879,bronze-class-deploy-28-946b5bff6-pf4s7_default,bronze-controller-28,0.500000,0,average,1742761843,5718,121,30758,false,0.408277,-322.647392,1038318,2088,717858,0
1742761880,silver-class-deploy-14-79f95c48b7-d8g4f_default,silver-controller-14,0.900000,0,average,1742761848,938,121,31798,false,0.920293,35.809192,137611,3407,1628210,0
1742761882,silver-class-deploy-23-5dfcff5b8f-dm89h_default,silver-controller-23,0.900000,0,average,1742761846,3018,63,33355,false,0.925283,44.703932,129816,2498,1638562,0
1742761884,bronze-class-deploy-16-74dd4696ff-m9slb_default,bronze-controller-16,0.500000,0,average,1742761851,1058,181,32658,false,0.343363,-553.025022,1156444,2464,606007,0
1742761888,silver-class-deploy-10-6866d9b887-9bgx6_default,silver-controller-10,0.900000,0,average,1742761846,10718,103,31235,false,0.921526,38.184284,136413,3080,1638099,0
1742761889,bronze-class-deploy-20-5fd9977fb4-pv9q5_default,bronze-controller-20,0.500000,0,average,1742761520,368298,61,1078,false,0.321100,-633.386030,1199248,2322,568307,0
1742761890,silver-class-deploy-29-64fbff7759-lxrgm_default,silver-controller-29,0.900000,0,average,1742761856,878,63,33896,false,0.925677,45.592180,129169,3038,1646614,0
1742761890,silver-class-deploy-12-66b6ffdcc7-6hlx6_default,silver-controller-12,0.900000,0,average,1742761844,12798,121,34018,false,0.921912,38.967690,136953,2145,1642223,0
1742761891,silver-class-deploy-25-646545667-v6ckc_default,silver-controller-25,0.900000,0,average,1742761854,6121,40,30936,false,0.924110,42.848998,132186,2939,1645414,0
1742761895,bronze-class-deploy-20-5fd9977fb4-scztn_default,bronze-controller-20,0.500000,0,average,1742761889,4398,102,1878,false,0.321012,-635.987146,1203646,2424,570205,0
1742761898,bronze-class-deploy-28-946b5bff6-ksh47_default,bronze-controller-28,0.500000,0,average,1742761879,12657,162,6759,false,0.407589,-328.691797,1050976,2251,724638,0
1742761899,silver-class-deploy-9-6bb457cd89-bql88_default,silver-controller-9,0.900000,0,average,1742761853,15981,41,30915,false,0.919765,35.339243,141340,2385,1647583,0
1742761902,bronze-class-deploy-28-946b5bff6-g4gbc_default,bronze-controller-28,0.500000,0,average,1742761898,2198,83,2016,false,0.407743,-328.939503,1053175,2334,726671,0
1742761903,silver-class-deploy-4-6bdc57b47d-xn7b7_default,silver-controller-4,0.900000,0,average,1742761867,5698,62,30797,false,0.920327,36.408766,140035,2985,1652079,0
1742761903,bronze-class-deploy-31-77756c9778-88mgf_default,bronze-controller-31,0.500000,0,average,1742761869,3698,43,30855,false,0.411342,-316.493931,1047682,2668,733963,0
1742761907,bronze-class-deploy-28-946b5bff6-zknpv_default,bronze-controller-28,0.500000,0,average,1742761902,3897,103,1876,false,0.407452,-331.064031,1057073,2438,728548,0
1742761910,bronze-class-deploy-26-7f9d9f4558-md6c8_default,bronze-controller-26,0.500000,0,average,1742761873,3898,203,33255,false,0.372155,-456.711778,1119082,2019,664533,0
1742761916,bronze-class-deploy-20-5fd9977fb4-n2msj_default,bronze-controller-20,0.500000,0,average,1742761895,9298,142,11696,false,0.323744,-633.732686,1212944,2567,581902,0
1742761917,bronze-class-deploy-16-74dd4696ff-5f5cx_default,bronze-controller-16,0.500000,0,average,1742761884,1738,164,31575,false,0.354536,-523.334468,1158183,2628,637602,0
1742761918,bronze-class-deploy-1-7bfd84fb59-v82ss_default,bronze-controller-1,0.500000,0,average,1742761876,5258,101,37518,false,0.386440,-409.332536,1103451,2068,696291,0
1742761920,bronze-class-deploy-15-6fb6d4fc68-nfg9v_default,bronze-controller-15,0.500000,0,average,1742761876,818,101,43898,false,0.372490,-459.823677,1128777,2422,671481,0
1742761922,bronze-class-deploy-21-7b55589449-rp5hf_default,bronze-controller-21,0.500000,0,average,1742761825,66578,101,30738,false,0.378523,-438.885293,1120212,2223,683643,0
1742761923,silver-class-deploy-23-5dfcff5b8f-v7m6t_default,silver-controller-23,0.900000,0,average,1742761882,9798,361,31698,false,0.921405,38.724008,139614,2859,1670281,0
1742761925,silver-class-deploy-14-79f95c48b7-g9qks_default,silver-controller-14,0.900000,0,average,1742761880,8338,43,37615,false,0.917697,32.030301,145950,3450,1665846,0
1742761927,silver-class-deploy-10-6866d9b887-q5t9b_default,silver-controller-10,0.900000,0,average,1742761887,1339,62,38937,false,0.922498,40.818955,137752,3142,1677056,0
1742761928,silver-class-deploy-12-66b6ffdcc7-6x2tc_default,silver-controller-12,0.900000,0,average,1742761890,7659,21,31058,false,0.919359,35.172398,144612,2167,1673380,0
1742761930,silver-class-deploy-18-5dd44b47c5-nsg68_default,silver-controller-18,0.900000,0,average,1742761878,7478,103,45136,false,0.914891,27.023571,151512,3459,1665892,0
1742761934,silver-class-deploy-11-76847d46-9gjtf_default,silver-controller-11,0.900000,0,average,1742761872,13558,201,49037,false,0.915994,29.189693,150888,2822,1676056,0
1742761934,silver-class-deploy-25-646545667-cm9x8_default,silver-controller-25,0.900000,0,average,1742761890,11378,23,33436,false,0.919729,35.936049,143564,2962,1678891,0
1742761936,bronze-class-deploy-8-6fff566748-l9r6j_default,bronze-controller-8,0.500000,0,average,1742761669,266218,143,1057,false,0.331973,-612.257489,1214672,2188,604712,0
1742761939,bronze-class-deploy-21-7b55589449-n799z_default,bronze-controller-21,0.500000,0,average,1742761922,7238,183,10275,false,0.380485,-436.035034,1127450,2407,693919,0
1742761942,silver-class-deploy-9-6bb457cd89-csgnt_default,silver-controller-9,0.900000,0,average,1742761899,11738,103,31176,false,0.915191,27.798477,153078,2488,1678760,0
1742761942,bronze-class-deploy-32-7bb47fdcc7-czk77_default,bronze-controller-32,0.500000,0,average,1742761803,101418,164,37474,false,0.402495,-354.716622,1083795,2661,731867,0
1742761944,silver-class-deploy-29-64fbff7759-jdkmw_default,silver-controller-29,0.900000,0,average,1742761890,20819,160,33078,false,0.916423,30.018292,149988,3199,1679713,0
1742761949,bronze-class-deploy-21-7b55589449-5r5pv_default,bronze-controller-21,0.500000,0,average,1742761939,6479,142,4316,false,0.380569,-438.341798,1133929,2550,698236,0
1742761951,bronze-class-deploy-20-5fd9977fb4-xf5f9_default,bronze-controller-20,0.500000,0,average,1742761916,3457,162,31778,false,0.334851,-605.516429,1216402,2730,613740,0
1742761952,bronze-class-deploy-16-74dd4696ff-q5cz5_default,bronze-controller-16,0.500000,0,average,1742761917,4058,163,31516,false,0.364818,-496.021078,1162241,2792,669139,0
1742761955,bronze-class-deploy-15-6fb6d4fc68-zlgs8_default,bronze-controller-15,0.500000,0,average,1742761920,4578,242,30776,false,0.382026,-433.853376,1133355,2665,702278,0
1742761957,bronze-class-deploy-26-7f9d9f4558-dgf2w_default,bronze-controller-26,0.500000,0,average,1742761910,14458,140,32439,false,0.380311,-438.851260,1133540,2160,696993,0
1742761959,bronze-class-deploy-1-7bfd84fb59-vx96k_default,bronze-controller-1,0.500000,0,average,1742761918,11399,201,30397,false,0.394130,-390.519517,1114851,2270,726710,0
1742761962,silver-class-deploy-18-5dd44b47c5-77p55_default,silver-controller-18,0.900000,0,average,1742761930,1038,120,30919,false,0.915740,29.073106,152551,3580,1696831,0
1742761963,silver-class-deploy-14-79f95c48b7-hnhq6_default,silver-controller-14,0.900000,0,average,1742761925,6118,203,32396,false,0.916006,29.577882,152068,3653,1698243,0
1742761966,silver-class-deploy-23-5dfcff5b8f-wcrwv_default,silver-controller-23,0.900000,0,average,1742761923,12338,162,30637,false,0.916496,30.536531,151953,3022,1700938,0
1742761967,silver-class-deploy-11-76847d46-rdf9d_default,silver-controller-11,0.900000,0,average,1742761934,1478,121,32118,false,0.916656,30.960760,152367,2943,1708176,0
1742761969,silver-class-deploy-12-66b6ffdcc7-xq8lc_default,silver-controller-12,0.900000,0,average,1742761928,10758,23,30816,false,0.915370,28.553725,155371,2190,1704216,0
1742761971,bronze-class-deploy-1-7bfd84fb59-srmff_default,bronze-controller-1,0.500000,0,average,1742761959,9098,180,3599,false,0.393342,-396.181833,1123949,2451,730330,0
1742761973,bronze-class-deploy-32-7bb47fdcc7-8prkz_default,bronze-controller-32,0.500000,0,average,1742761941,27258,204,4575,false,0.398006,-377.585971,1111053,2865,736463,0
1742761974,silver-class-deploy-9-6bb457cd89-p7hsx_default,silver-controller-9,0.900000,0,average,1742761941,1518,103,31676,false,0.915835,29.505473,154597,2591,1710437,0
1742761976,silver-class-deploy-10-6866d9b887-wq4lb_default,silver-controller-10,0.900000,0,average,1742761927,15597,121,33298,false,0.916113,30.002098,153350,3264,1710374,0
1742761977,silver-class-deploy-25-646545667-n64vn_default,silver-controller-25,0.900000,0,average,1742761934,11598,160,31578,false,0.915299,28.510480,155163,3123,1710489,0
1742761978,silver-class-deploy-4-6bdc57b47d-bzpmw_default,silver-controller-4,0.900000,0,average,1742761903,16298,183,59155,false,0.914738,27.487656,156333,3169,1711234,0
1742762009,bronze-class-deploy-15-6fb6d4fc68-lv49m_default,bronze-controller-15,0.500000,0,average,1742761955,7458,163,46669,false,0.395733,-394.786571,1140814,2828,748969,0
1742762010,bronze-class-deploy-21-7b55589449-5fggb_default,bronze-controller-21,0.500000,0,average,1742761949,8498,202,52354,false,0.395935,-394.672790,1142428,2752,750610,0
1742762011,silver-class-deploy-10-6866d9b887-mnzl4_default,silver-controller-10,0.900000,0,average,1742761975,5117,164,31074,false,0.914941,28.353795,158468,3428,1741448,0
1742762012,silver-class-deploy-9-6bb457cd89-fwcff_default,silver-controller-9,0.900000,0,average,1742761974,5998,140,32516,false,0.914322,27.231520,160595,2732,1742973,0
1742762014,silver-class-deploy-25-646545667-7jpkt_default,silver-controller-25,0.900000,0,average,1742761977,3338,63,33875,false,0.915172,28.838828,158502,3186,1744384,0
1742762014,silver-class-deploy-4-6bdc57b47d-gq54w_default,silver-controller-4,0.900000,0,average,1742761978,2259,122,33934,false,0.915114,28.738499,158592,3291,1745189,0
1742762015,silver-class-deploy-11-76847d46-mb57b_default,silver-controller-11,0.900000,0,average,1742761967,7718,123,40954,false,0.914683,27.999577,160085,3066,1749150,0
1742762017,silver-class-deploy-12-66b6ffdcc7-7lpcf_default,silver-controller-12,0.900000,0,average,1742761969,5638,103,42595,false,0.914506,27.644415,161009,2294,1746812,0
1742762019,silver-class-deploy-14-79f95c48b7-fsr6s_default,silver-controller-14,0.900000,0,average,1742761963,6818,101,49736,false,0.914876,28.325679,158887,3754,1747999,0
1742762019,silver-class-deploy-23-5dfcff5b8f-8wq7w_default,silver-controller-23,0.900000,0,average,1742761966,4998,21,48676,false,0.916217,30.890258,156951,3043,1749634,0
1742762021,silver-class-deploy-18-5dd44b47c5-fqx8n_default,silver-controller-18,0.900000,0,average,1742761961,5478,143,54573,false,0.915452,29.468941,158030,3723,1751404,0
1742762022,silver-class-deploy-29-64fbff7759-9xk72_default,silver-controller-29,0.900000,0,average,1742761944,9058,123,69234,false,0.915049,28.679400,159046,3322,1748967,0
1742762039,bronze-class-deploy-16-74dd4696ff-7wtwr_default,bronze-controller-16,0.500000,0,average,1742761952,8618,243,78441,false,0.389072,-426.426507,1170860,3035,747601,0
1742762044,silver-class-deploy-9-6bb457cd89-g2s75_default,silver-controller-9,0.900000,0,average,1742762012,1015,203,30936,false,0.915115,29.225955,161611,2936,1773929,0
1742762050,bronze-class-deploy-26-7f9d9f4558-q7gn2_default,bronze-controller-26,0.500000,0,average,1742761956,63996,100,30249,false,0.377395,-472.677428,1197536,2260,727261,0
1742762050,bronze-class-deploy-15-6fb6d4fc68-gvr2q_default,bronze-controller-15,0.500000,0,average,1742762009,9195,104,32440,false,0.403965,-371.643493,1150009,2932,781411,0
1742762051,silver-class-deploy-12-66b6ffdcc7-2tmng_default,silver-controller-12,0.900000,0,average,1742762017,1056,180,33723,false,0.915407,29.901845,162065,2475,1780554,0
1742762053,silver-class-deploy-14-79f95c48b7-vg7l7_default,silver-controller-14,0.900000,0,average,1742762019,3936,122,30321,false,0.914293,27.704043,162823,3877,1778321,0
1742762055,silver-class-deploy-4-6bdc57b47d-nrjld_default,silver-controller-4,0.900000,0,average,1742762014,4256,203,36999,false,0.914632,28.422982,162849,3495,1782209,0
1742762055,silver-class-deploy-11-76847d46-pl4sb_default,silver-controller-11,0.900000,0,average,1742762015,2916,162,37420,false,0.914876,28.970292,163001,3229,1786590,0
1742762056,silver-class-deploy-18-5dd44b47c5-mn6dg_default,silver-controller-18,0.900000,0,average,1742762021,4356,163,31299,false,0.914687,28.531038,162386,3887,1782724,0
1742762058,silver-class-deploy-29-64fbff7759-brmjp_default,silver-controller-29,0.900000,0,average,1742762022,3495,122,32802,false,0.914781,28.704600,162542,3444,1781790,0
1742762058,silver-class-deploy-23-5dfcff5b8f-2tmqb_default,silver-controller-23,0.900000,0,average,1742762019,6236,142,33081,false,0.914640,28.455675,163187,3185,1782715,0
1742762060,silver-class-deploy-25-646545667-gmj2x_default,silver-controller-25,0.900000,0,average,1742762014,3836,103,42140,false,0.915156,29.506833,162338,3289,1786525,0
1742762061,silver-class-deploy-10-6866d9b887-m6bb2_default,silver-controller-10,0.900000,0,average,1742762011,5216,144,45099,false,0.914394,28.039260,163684,3573,1786567,0
1742762099,bronze-class-deploy-31-77756c9778-m8gz6_default,bronze-controller-31,0.500000,0,average,1742761903,150960,202,45152,false,0.393368,-422.508423,1198643,2870,779116,0
1742762100,bronze-class-deploy-26-7f9d9f4558-86zxw_default,bronze-controller-26,0.500000,0,average,1742762050,3800,180,46146,false,0.391166,-430.513056,1201337,2441,773409,0
1742762101,bronze-class-deploy-1-7bfd84fb59-q9zcm_default,bronze-controller-1,0.500000,0,average,1742761971,79261,5,51160,false,0.393277,-424.263596,1203211,2456,781511,0
1742762102,bronze-class-deploy-20-5fd9977fb4-mf5t8_default,bronze-controller-20,0.500000,0,average,1742761951,3398,101,148208,false,0.383934,-460.806812,1219800,2831,761948,0
1742762104,silver-class-deploy-10-6866d9b887-bzbmq_default,silver-controller-10,0.900000,0,average,1742762061,2500,23,40503,false,0.914976,29.821891,166185,3596,1827091,0
2161,bronze-class-deploy-28-946b5bff6-7fz7w_default,bronze-controller-28,0.500000,0,average,1742761907,204208,180,49978,false,0.381183,-485.457991,1261281,2619,778547,0
1742762162,bronze-class-deploy-31-77756c9778-6r275_default,bronze-controller-31,0.500000,0,average,1742762099,12547,242,50977,false,0.406034,-384.323671,1211190,3113,830095,0
1742762164,bronze-class-deploy-20-5fd9977fb4-sgszs_default,bronze-controller-20,0.500000,0,average,1742762102,7047,201,55117,false,0.399169,-412.921555,1226848,3032,817085,0
1742762165,silver-class-deploy-9-6bb457cd89-rvbw4_default,silver-controller-9,0.900000,0,average,1742762115,10787,21,40077,false,0.913830,28.426734,174575,2981,1882995,0
1742762167,silver-class-deploy-14-79f95c48b7-8qpg9_default,silver-controller-14,0.900000,0,average,1742762115,7428,22,45315,false,0.914831,30.456537,171392,4061,1884621,0
1742762169,silver-class-deploy-11-76847d46-pjkbn_default,silver-controller-11,0.900000,0,average,1742762110,6827,243,51956,false,0.914189,29.250550,173751,3672,1890194,0
1742762170,silver-class-deploy-23-5dfcff5b8f-sbwnm_default,silver-controller-23,0.900000,0,average,1742762108,5587,203,56835,false,0.914413,29.635672,172936,3550,1885578,0
1742762170,silver-class-deploy-12-66b6ffdcc7-8k8zc_default,silver-controller-12,0.900000,0,average,1742762110,6147,181,54338,false,0.914201,29.261039,174453,2759,1888237,0
1742762172,silver-class-deploy-4-6bdc57b47d-bx984_default,silver-controller-4,0.900000,0,average,1742762112,1427,182,58777,false,0.915341,31.616841,171177,3799,1891872,0
1742762173,silver-class-deploy-29-64fbff7759-9hw2m_default,silver-controller-29,0.900000,0,average,1742762108,5767,161,60038,false,0.914570,29.984942,172610,3728,1887793,0
1742762176,silver-class-deploy-25-646545667-vb84x_default,silver-controller-25,0.900000,0,average,1742762105,4427,161,66497,false,0.916002,33.020283,170266,3494,1894867,0
1742762177,silver-class-deploy-10-6866d9b887-lxp2j_default,silver-controller-10,0.900000,0,average,1742762103,6207,242,68196,false,0.914927,30.834095,172393,3839,1895308,0
1742762181,silver-class-deploy-18-5dd44b47c5-6djjj_default,silver-controller-18,0.900000,0,average,1742762106,1128,203,74476,false,0.916267,33.662971,169494,4294,1901726,0
1742762185,bronze-class-deploy-21-7b55589449-4xjfc_default,bronze-controller-21,0.500000,0,average,1742762159,23427,201,3078,false,0.384101,-480.588483,1273503,3157,796181,0
1742762191,bronze-class-deploy-15-6fb6d4fc68-jkmbr_default,bronze-controller-15,0.500000,0,average,1742762050,132347,102,8736,false,0.380695,-495.356261,1282357,3035,790148,0
1742762193,bronze-class-deploy-16-74dd4696ff-bd7k5_default,bronze-controller-16,0.500000,0,average,1742762123,40146,184,30635,false,0.377960,-507.060242,1288454,3443,784975,0
1742762197,bronze-class-deploy-28-946b5bff6-jspdc_default,bronze-controller-28,0.500000,0,average,1742762161,5488,201,30737,false,0.389295,-460.394607,1266769,2821,809304,0
1742762198,bronze-class-deploy-8-6fff566748-7x2t6_default,bronze-controller-8,0.500000,0,average,1742762115,51327,183,32336,false,0.379810,-501.276746,1290457,2555,791852,0
1742762200,silver-class-deploy-9-6bb457cd89-xmv4z_default,silver-controller-9,0.900000,0,average,1742762165,4407,124,30955,false,0.913128,27.444656,178983,3106,1913970,0
1742762205,silver-class-deploy-14-79f95c48b7-tbm8h_default,silver-controller-14,0.900000,0,average,1742762167,5787,142,32337,false,0.913559,28.354015,177180,4204,1916979,0
1742762205,silver-class-deploy-12-66b6ffdcc7-dzjnx_default,silver-controller-12,0.900000,0,average,1742762170,4486,182,30698,false,0.913423,28.126140,178939,2942,1918935,0
1742762207,silver-class-deploy-23-5dfcff5b8f-7stdb_default,silver-controller-23,0.900000,0,average,1742762170,4646,203,32916,false,0.913642,28.559198,177583,3753,1918494,0
1742762209,silver-class-deploy-29-64fbff7759-wzslh_default,silver-controller-29,0.900000,0,average,1742762173,5106,203,31036,false,0.913521,28.308779,177717,3932,1918849,0
1742762209,bronze-class-deploy-26-7f9d9f4558-z9vtd_default,bronze-controller-26,0.500000,0,average,1742762100,74827,240,34319,false,0.387107,-471.267603,1276165,2682,807729,0
1742762211,silver-class-deploy-4-6bdc57b47d-4mt2b_default,silver-controller-4,0.900000,0,average,1742762172,6287,163,32676,false,0.913851,29.078990,177465,3963,1924567,0
1742762214,bronze-class-deploy-28-946b5bff6-gt5hv_default,bronze-controller-28,0.500000,0,average,1742762197,14468,103,3096,false,0.387498,-471.849563,1281237,2924,812420,0
1742762217,bronze-class-deploy-32-7bb47fdcc7-w97w6_default,bronze-controller-32,0.500000,0,average,1742761972,199166,223,45996,false,0.373352,-530.984370,1310220,3089,782460,0
1742762218,silver-class-deploy-10-6866d9b887-hcxgj_default,silver-controller-10,0.900000,0,average,1742762177,7786,21,33899,false,0.912912,27.200137,180180,3860,1929227,0
1742762249,bronze-class-deploy-8-6fff566748-8xc9r_default,bronze-controller-8,0.500000,0,average,1742762198,8407,163,42793,false,0.390716,-467.035574,1298864,2718,834666,0
1742762250,bronze-class-deploy-1-7bfd84fb59-dxqvc_default,bronze-controller-1,0.500000,0,average,1742762101,105107,183,43775,false,0.386332,-485.760867,1308318,2639,825307,0
1742762251,bronze-class-deploy-15-6fb6d4fc68-4lsq6_default,bronze-controller-15,0.500000,0,average,1742762191,15267,163,44934,false,0.390980,-465.833683,1297624,3198,835103,0
1742762252,bronze-class-deploy-16-74dd4696ff-rtt64_default,bronze-controller-16,0.500000,0,average,1742762193,6227,102,53335,false,0.392369,-460.052774,1294681,3546,838311,0
1742762254,silver-class-deploy-10-6866d9b887-vwszt_default,silver-controller-10,0.900000,0,average,1742762218,987,123,34894,false,0.913855,29.691163,181167,3983,1964141,0
1742762255,silver-class-deploy-4-6bdc57b47d-nflvd_default,silver-controller-4,0.900000,0,average,1742762211,5167,63,39135,false,0.913197,28.287709,182632,4026,1963724,0
1742762257,silver-class-deploy-29-64fbff7759-ps6l6_default,silver-controller-29,0.900000,0,average,1742762209,4646,61,43336,false,0.913263,28.405364,182364,3993,1962187,0
1742762258,silver-class-deploy-14-79f95c48b7-6gcvz_default,silver-controller-14,0.900000,0,average,1742762205,4887,103,48594,false,0.913393,28.723608,182067,4307,1965594,0
1742762260,silver-class-deploy-23-5dfcff5b8f-57mht_default,silver-controller-23,0.900000,0,average,1742762207,6686,43,46274,false,0.912643,27.132125,184269,3797,1964790,0
1742762263,silver-class-deploy-25-646545667-g2922_default,silver-controller-25,0.900000,0,average,1742762176,12127,63,74833,false,0.913738,29.533775,182394,3558,1969722,0
1742762263,silver-class-deploy-18-5dd44b47c5-v7lwg_default,silver-controller-18,0.900000,0,average,1742762181,11707,101,70275,false,0.913980,30.064281,181201,4395,1972021,0
1742762263,silver-class-deploy-9-6bb457cd89-v9qxd_default,silver-controller-9,0.900000,0,average,1742762200,1767,122,61235,false,0.914793,31.867515,180750,3228,1975225,0
1742762263,silver-class-deploy-12-66b6ffdcc7-54r2d_default,silver-controller-12,0.900000,0,average,1742762205,3047,161,54956,false,0.914269,30.731614,181987,3103,1973892,0
1742762263,bronze-class-deploy-3-775f4fbdd9-xf7tw_default,bronze-controller-3,0.500000,0,average,1742761829,398550,5,35690,false,0.379954,-516.047301,1330695,1807,816537,0
1742762267,bronze-class-deploy-8-6fff566748-tfzxf_default,bronze-controller-8,0.500000,0,average,1742762249,15906,162,2356,false,0.388468,-480.749645,1314771,2881,837022,0
1742762268,bronze-class-deploy-15-6fb6d4fc68-vsv7q_default,bronze-controller-15,0.500000,0,average,1742762251,14045,221,3258,false,0.389316,-476.826123,1311669,3420,838381,0
1742762269,bronze-class-deploy-26-7f9d9f4558-lzv44_default,bronze-controller-26,0.500000,0,average,1742762209,55505,244,4936,false,0.378472,-522.065817,1331670,2926,812685,0
1742762271,silver-class-deploy-11-76847d46-frs2l_default,silver-controller-11,0.900000,0,average,1742762168,10027,121,93177,false,0.913600,29.435968,183778,3794,1983391,0
1742762276,bronze-class-deploy-26-7f9d9f4558-bfbpg_default,bronze-controller-26,0.500000,0,average,1742762269,4085,201,3217,false,0.378652,-523.117908,1335756,3128,815923,0
1742762309,bronze-class-deploy-3-775f4fbdd9-9fnrs_default,bronze-controller-3,0.500000,0,average,1742762262,2725,204,44449,false,0.392023,-474.433145,1333420,2011,861085,0
1742762310,bronze-class-deploy-21-7b55589449-bprxc_default,bronze-controller-21,0.500000,0,average,1742762185,79225,303,45596,false,0.382980,-514.527562,1352729,3460,841777,0
1742762311,bronze-class-deploy-1-7bfd84fb59-l4h4w_default,bronze-controller-1,0.500000,0,average,1742762249,11525,202,50676,false,0.398415,-446.816709,1319844,2842,875983,0
1742762312,bronze-class-deploy-28-946b5bff6-9zp2q_default,bronze-controller-28,0.500000,0,average,1742762214,43465,163,55115,false,0.395179,-460.345105,1324703,3087,867555,0
1742762314,bronze-class-deploy-32-7bb47fdcc7-bn85m_default,bronze-controller-32,0.500000,0,average,1742762217,38806,202,58015,false,0.383290,-511.980081,1349026,3292,840476,0
1742762315,silver-class-deploy-18-5dd44b47c5-pd2pb_default,silver-controller-18,0.900000,0,average,1742762262,8025,123,45315,false,0.912375,27.261351,189227,4519,2017338,0
1742762317,silver-class-deploy-25-646545667-4ztfh_default,silver-controller-25,0.900000,0,average,1742762262,3224,164,51675,false,0.914353,31.648805,185619,3723,2021397,0
1742762319,silver-class-deploy-23-5dfcff5b8f-zljrs_default,silver-controller-23,0.900000,0,average,1742762259,2045,203,58035,false,0.914007,30.910830,186315,4001,2022845,0
1742762320,silver-class-deploy-4-6bdc57b47d-8cvzt_default,silver-controller-4,0.900000,0,average,1742762255,5905,163,59736,false,0.913037,28.799842,188538,4189,2023479,0
1742762322,silver-class-deploy-12-66b6ffdcc7-p5sjh_default,silver-controller-12,0.900000,0,average,1742762262,9585,180,51157,false,0.912223,27.055005,191573,3284,2025050,0
1742762324,silver-class-deploy-10-6866d9b887-s9h4g_default,silver-controller-10,0.900000,0,average,1742762253,7686,242,63957,false,0.913074,28.949674,188854,4226,2028119,0
1742762324,silver-class-deploy-14-79f95c48b7-mpmvr_default,silver-controller-14,0.900000,0,average,1742762258,3365,263,63295,false,0.914371,31.785356,185433,4571,2028909,0
1742762324,silver-class-deploy-29-64fbff7759-jt4q9_default,silver-controller-29,0.900000,0,average,1742762256,5225,163,63595,false,0.913532,29.915134,187589,4157,2025802,0
1742762326,silver-class-deploy-9-6bb457cd89-wt9vd_default,silver-controller-9,0.900000,0,average,1742762262,11005,101,53857,false,0.912289,27.258412,191756,3329,2029103,0
1742762329,bronze-class-deploy-31-77756c9778-dkj7b_default,bronze-controller-31,0.500000,0,average,1742762162,163664,160,3598,false,0.376932,-544.531194,1374855,3273,833715,0
1742762330,silver-class-deploy-11-76847d46-pv7sr_default,silver-controller-11,0.900000,0,average,1742762271,8045,63,51735,false,0.912283,27.314096,191823,3857,2035146,0
1742762332,bronze-class-deploy-20-5fd9977fb4-cj42c_default,bronze-controller-20,0.500000,0,average,1742762164,157384,161,10618,false,0.373665,-559.829207,1384232,3194,827725,0
1742762369,bronze-class-deploy-6-c8cc7f9db-q79tf_default,bronze-controller-6,0.500000,0,average,1742762160,161264,143,47987,false,0.367900,-596.261524,1422982,3291,830130,0
1742762370,bronze-class-deploy-3-775f4fbdd9-gszd4_default,bronze-controller-3,0.500000,0,average,1742762309,12525,283,48352,false,0.402821,-438.895168,1345945,2294,909440,0
1742762371,bronze-class-deploy-32-7bb47fdcc7-xwhz9_default,bronze-controller-32,0.500000,0,average,1742762313,5004,143,53292,false,0.397018,-463.816240,1354031,3436,893788,0
1742762372,bronze-class-deploy-16-74dd4696ff-2jffm_default,bronze-controller-16,0.500000,0,average,1742762252,65604,100,55095,false,0.395784,-470.641874,1360286,3647,893427,0
1742762374,bronze-class-deploy-21-7b55589449-8t7hj_default,bronze-controller-21,0.500000,0,average,1742762310,7684,202,56614,false,0.397085,-465.804063,1360414,3663,898391,0
1742762376,silver-class-deploy-14-79f95c48b7-dhpsc_default,silver-controller-14,0.900000,0,average,1742762324,7064,63,44973,false,0.913197,29.869903,192497,4635,2073904,0
1742762377,silver-class-deploy-10-6866d9b887-4q926_default,silver-controller-10,0.900000,0,average,1742762324,4404,63,48952,false,0.913151,29.824145,193258,4289,2077073,0
1742762378,silver-class-deploy-11-76847d46-pcnmv_default,silver-controller-11,0.900000,0,average,1742762330,5064,104,43612,false,0.911893,27.022762,196887,3962,2078759,0
1742762380,silver-class-deploy-9-6bb457cd89-799t9_default,silver-controller-9,0.900000,0,average,1742762326,1184,120,53235,false,0.913815,31.405747,192941,3450,2082339,0
1742762383,silver-class-deploy-29-64fbff7759-tw5sc_default,silver-controller-29,0.900000,0,average,1742762324,8484,103,50452,false,0.912003,27.232678,196074,4261,2076274,0
1742762384,silver-class-deploy-4-6bdc57b47d-w7szp_default,silver-controller-4,0.900000,0,average,1742762320,3384,123,61033,false,0.913961,31.747180,191922,4313,2084532,0
1742762384,silver-class-deploy-23-5dfcff5b8f-2mnrw_default,silver-controller-23,0.900000,0,average,1742762319,6504,182,58894,false,0.913548,30.782015,192819,4183,2081759,0
1742762386,silver-class-deploy-25-646545667-ch5tj_default,silver-controller-25,0.900000,0,average,1742762317,6244,160,62838,false,0.914146,32.168179,191863,3883,2084255,0
1742762388,silver-class-deploy-18-5dd44b47c5-t57wp_default,silver-controller-18,0.900000,0,average,1742762315,984,144,71912,false,0.914684,33.438051,190211,4663,2089271,0
1742762388,silver-class-deploy-12-66b6ffdcc7-hc2nb_default,silver-controller-12,0.900000,0,average,1742762322,1164,123,64793,false,0.914198,32.376376,192737,3407,2089863,0
1742762393,bronze-class-deploy-31-77756c9778-h69jc_default,bronze-controller-31,0.500000,0,average,1742762329,61301,103,3236,false,0.367656,-602.679897,1436157,3377,836971,0
1742762394,bronze-class-deploy-15-6fb6d4fc68-lzrvm_default,bronze-controller-15,0.500000,0,average,1742762268,120661,183,5776,false,0.370230,-591.897169,1432331,3603,844158,0
1742762396,bronze-class-deploy-21-7b55589449-5cwgm_default,bronze-controller-21,0.500000,0,average,1742762374,11001,103,11775,false,0.398267,-465.112993,1371415,3767,910187,0
1742762429,bronze-class-deploy-32-7bb47fdcc7-x4g4l_default,bronze-controller-32,0.500000,0,average,1742762371,10621,161,47629,false,0.407604,-426.951163,1364652,3598,941438,0
1742762430,bronze-class-deploy-26-7f9d9f4558-9d2rc_default,bronze-controller-26,0.500000,0,average,1742762276,105221,243,48713,false,0.374472,-579.852620,1440978,3371,864657,0
1742762431,bronze-class-deploy-16-74dd4696ff-5s88h_default,bronze-controller-16,0.500000,0,average,1742762372,9441,204,49813,false,0.407132,-430.456571,1369727,3851,943260,0
1742762432,bronze-class-deploy-6-c8cc7f9db-fzfzh_default,bronze-controller-6,0.500000,0,average,1742762369,5861,202,57715,false,0.382662,-544.610847,1428843,3494,887847,0
1742762434,bronze-class-deploy-20-5fd9977fb4-rdn8j_default,bronze-controller-20,0.500000,0,average,1742762332,41221,163,60973,false,0.383477,-540.221484,1425454,3357,888719,0
1742762436,silver-class-deploy-25-646545667-tv9nh_default,silver-controller-25,0.900000,0,average,1742762386,9901,63,40372,false,0.911725,27.238890,201765,3947,2124646,0
1742762438,silver-class-deploy-4-6bdc57b47d-wqgrk_default,silver-controller-4,0.900000,0,average,1742762384,6381,203,47493,false,0.913133,30.567674,198303,4516,2132025,0
1742762438,silver-class-deploy-12-66b6ffdcc7-nw6nr_default,silver-controller-12,0.900000,0,average,1742762387,10181,121,40815,false,0.911666,27.184044,202919,3529,2130679,0
1742762439,silver-class-deploy-23-5dfcff5b8f-pvqlh_default,silver-controller-23,0.900000,0,average,1742762384,4821,164,50452,false,0.913465,31.338582,197640,4348,2132212,0
1742762441,silver-class-deploy-9-6bb457cd89-gpqdp_default,silver-controller-9,0.900000,0,average,1742762380,6741,120,54555,false,0.913145,30.686021,199683,3571,2136915,0
1742762444,silver-class-deploy-14-79f95c48b7-bf7rd_default,silver-controller-14,0.900000,0,average,1742762376,5101,163,62913,false,0.913477,31.423159,197599,4799,2136836,0
1742762444,silver-class-deploy-29-64fbff7759-zcsrw_default,silver-controller-29,0.900000,0,average,1742762382,1282,62,60872,false,0.913769,32.112062,197356,4324,2137168,0
1742762445,silver-class-deploy-10-6866d9b887-lgkjz_default,silver-controller-10,0.900000,0,average,1742762377,4761,123,63793,false,0.913613,31.808437,198020,4413,2140886,0
1742762449,silver-class-deploy-18-5dd44b47c5-wh89n_default,silver-controller-18,0.900000,0,average,1742762387,12421,83,50333,false,0.911640,27.216938,202633,4747,2139604,0
1742762449,silver-class-deploy-11-76847d46-vpj9t_default,silver-controller-11,0.900000,0,average,1742762378,1321,183,70372,false,0.913947,32.705348,198209,4145,2149151,0
1742762451,bronze-class-deploy-20-5fd9977fb4-nmplx_default,bronze-controller-20,0.500000,0,average,1742762434,8318,243,9156,false,0.384494,-539.610440,1433772,3600,897895,0
1742762457,bronze-class-deploy-6-c8cc7f9db-np4pr_default,bronze-controller-6,0.500000,0,average,1742762432,10158,181,14959,false,0.384918,-539.973979,1439001,3675,902825,0
1742762489,bronze-class-deploy-21-7b55589449-hqg97_default,bronze-controller-21,0.500000,0,average,1742762396,46537,161,46735,false,0.402275,-465.059228,1417953,3928,956942,0
1742762490,bronze-class-deploy-3-775f4fbdd9-xhh8c_default,bronze-controller-3,0.500000,0,average,1742762370,72678,163,47395,false,0.402384,-464.344122,1418623,2457,956836,0
1742762491,bronze-class-deploy-31-77756c9778-4lp7c_default,bronze-controller-31,0.500000,0,average,1742762393,43598,140,54797,false,0.375475,-591.621905,1479755,3517,891769,0
1742762492,bronze-class-deploy-26-7f9d9f4558-th2pb_default,bronze-controller-26,0.500000,0,average,1742762430,4977,204,57634,false,0.388854,-527.401673,1445956,3575,922292,0
1742762494,bronze-class-deploy-15-6fb6d4fc68-c4bs2_default,bronze-controller-15,0.500000,0,average,1742762394,40818,183,59135,false,0.379504,-573.743613,1473150,3786,903315,0
1742762495,silver-class-deploy-10-6866d9b887-ttgnn_default,silver-controller-10,0.900000,0,average,1742762445,9238,61,41576,false,0.911565,27.598641,207258,4474,2182484,0
1742762497,silver-class-deploy-14-79f95c48b7-4bx5w_default,silver-controller-14,0.900000,0,average,1742762444,6418,143,46835,false,0.912665,30.200037,204017,4942,2183672,0
1742762497,silver-class-deploy-18-5dd44b47c5-9jrd8_default,silver-controller-18,0.900000,0,average,1742762449,1537,162,46736,false,0.912717,30.359292,204171,4909,2186341,0
1742762498,silver-class-deploy-11-76847d46-vr2qj_default,silver-controller-11,0.900000,0,average,1742762449,10618,61,39196,false,0.911287,27.015329,208828,4207,2188369,0
1742762500,silver-class-deploy-29-64fbff7759-6vlnr_default,silver-controller-29,0.900000,0,average,1742762444,6679,122,50094,false,0.912979,31.001242,204035,4447,2187284,0
1742762504,silver-class-deploy-9-6bb457cd89-vj2hg_default,silver-controller-9,0.900000,0,average,1742762441,5117,163,58636,false,0.913258,31.796767,204800,3735,2195573,0
1742762506,silver-class-deploy-23-5dfcff5b8f-689k2_default,silver-controller-23,0.900000,0,average,1742762439,6958,183,60055,false,0.912914,30.916878,204598,4531,2192287,0
1742762507,silver-class-deploy-12-66b6ffdcc7-mm8qx_default,silver-controller-12,0.900000,0,average,1742762438,2098,183,67595,false,0.913282,31.887420,205018,3712,2198274,0
1742762507,silver-class-deploy-4-6bdc57b47d-jc4wp_default,silver-controller-4,0.900000,0,average,1742762437,5819,160,64936,false,0.913208,31.678197,204123,4677,2196962,0
1742762509,silver-class-deploy-25-646545667-ttxhc_default,silver-controller-25,0.900000,0,average,1742762436,718,243,72615,false,0.914027,33.633457,202484,4190,2197282,0
1742762512,bronze-class-deploy-21-7b55589449-2tcf7_default,bronze-controller-21,0.500000,0,average,1742762489,20957,102,2257,false,0.399311,-483.859653,1438911,4031,959201,0
1742762517,bronze-class-deploy-6-c8cc7f9db-6jjp9_default,bronze-controller-6,0.500000,0,average,1742762457,46357,244,14275,false,0.381113,-572.302958,1485358,3919,917101,0
1742762525,bronze-class-deploy-31-77756c9778-gxr64_default,bronze-controller-31,0.500000,0,average,1742762491,3656,183,30896,false,0.382889,-564.547580,1483412,3701,922686,0
1742762526,silver-class-deploy-10-6866d9b887-7bbr7_default,silver-controller-10,0.900000,0,average,1742762495,1257,103,30616,false,0.912170,29.437844,208516,4577,2213122,0
1742762531,silver-class-deploy-11-76847d46-88h2z_default,silver-controller-11,0.900000,0,average,1742762498,1777,183,31258,false,0.911693,28.376776,210605,4390,2219649,0
1742762534,silver-class-deploy-18-5dd44b47c5-4wqr9_default,silver-controller-18,0.900000,0,average,1742762497,5837,322,31076,false,0.911520,27.918118,210008,5232,2217417,0
1742762537,bronze-class-deploy-15-6fb6d4fc68-7ktq4_default,bronze-controller-15,0.500000,0,average,1742762494,9577,203,33915,false,0.386660,-549.591765,1482727,3990,937251,0
1742762537,bronze-class-deploy-20-5fd9977fb4-tx6rt_default,bronze-controller-20,0.500000,0,average,1742762451,51576,283,34876,false,0.385129,-556.579333,1485349,3884,932792,0
1742762541,silver-class-deploy-9-6bb457cd89-72r54_default,silver-controller-9,0.900000,0,average,1742762504,6037,201,31258,false,0.912035,29.305302,210838,3937,2226833,0
1742762542,silver-class-deploy-4-6bdc57b47d-t66sh_default,silver-controller-4,0.900000,0,average,1742762507,4356,44,31415,false,0.912679,30.859289,208480,4722,2228377,0
1742762544,silver-class-deploy-23-5dfcff5b8f-nkd24_default,silver-controller-23,0.900000,0,average,1742762506,5317,63,32636,false,0.912066,29.340159,209916,4595,2224943,0
1742762545,silver-class-deploy-12-66b6ffdcc7-8sx5p_default,silver-controller-12,0.900000,0,average,1742762507,7797,61,30558,false,0.911431,27.870925,212815,3773,2228833,0
1742762547,silver-class-deploy-29-64fbff7759-8wt2b_default,silver-controller-29,0.900000,0,average,1742762500,8337,181,38838,false,0.911179,27.218613,212373,4628,2226143,0
1742762553,silver-class-deploy-25-646545667-hcmfq_default,silver-controller-25,0.900000,0,average,1742762509,10337,103,34555,false,0.911344,27.693665,212821,4294,2231857,0
1742762562,bronze-class-deploy-1-7bfd84fb59-cpp96_default,bronze-controller-1,0.500000,0,average,1742762311,192137,241,58802,false,0.381574,-580.378049,1511981,3083,934806,0
1742762562,bronze-class-deploy-28-946b5bff6-wtw8r_default,bronze-controller-28,0.500000,0,average,1742762312,190257,343,59583,false,0.379121,-591.349578,1514960,3430,927160,0
1742762562,silver-class-deploy-10-6866d9b887-t7wf6_default,silver-controller-10,0.900000,0,average,1742762526,4037,22,32745,false,0.911834,29.059484,212553,4600,2245867,0
1742762563,silver-class-deploy-14-79f95c48b7-kx27v_default,silver-controller-14,0.900000,0,average,1742762497,9496,204,57284,false,0.911100,27.195540,213514,5146,2240957,0
1742762565,silver-class-deploy-18-5dd44b47c5-jlvlp_default,silver-controller-18,0.900000,0,average,1742762534,360,60,31025,false,0.912480,30.645441,210368,5292,2248464,0
1742762565,silver-class-deploy-11-76847d46-zhz4f_default,silver-controller-11,0.900000,0,average,1742762531,3359,40,31164,false,0.911553,28.435500,213965,4431,2250831,0
1742762576,bronze-class-deploy-26-7f9d9f4558-bh72c_default,bronze-controller-26,0.500000,0,average,1742762492,46196,105,38280,false,0.391053,-535.401425,1492152,3681,960592,0
1742762576,silver-class-deploy-9-6bb457cd89-24q94_default,silver-controller-9,0.900000,0,average,1742762541,5057,143,30560,false,0.911207,27.681330,215895,4080,2257413,0
1742762578,silver-class-deploy-29-64fbff7759-nx96b_default,silver-controller-29,0.900000,0,average,1742762547,877,202,30873,false,0.911890,29.333319,213251,4830,2257037,0
1742762578,silver-class-deploy-4-6bdc57b47d-8gs88_default,silver-controller-4,0.900000,0,average,1742762542,6197,203,30592,false,0.911400,28.157514,214677,4925,2258991,0
1742762584,silver-class-deploy-23-5dfcff5b8f-j6sbk_default,silver-controller-23,0.900000,0,average,1742762543,4717,184,36705,false,0.911566,28.599911,214633,4779,2261668,0
1742762584,bronze-class-deploy-6-c8cc7f9db-x8mkg_default,bronze-controller-6,0.500000,0,average,1742762517,31056,163,36391,false,0.385412,-567.111911,1516415,4083,953514,0
1742762584,silver-class-deploy-25-646545667-pw65d_default,silver-controller-25,0.900000,0,average,1742762553,1137,20,30461,false,0.912008,29.701105,213958,4315,2262339,0
1742762594,silver-class-deploy-14-79f95c48b7-rjwxk_default,silver-controller-14,0.900000,0,average,1742762563,1185,22,30396,false,0.911743,29.151077,214700,5169,2271372,0
1742762594,bronze-class-deploy-28-946b5bff6-5p26s_default,bronze-controller-28,0.500000,0,average,1742762562,315,2,32288,false,0.387163,-559.373139,1515276,3433,959451,0
1742762598,silver-class-deploy-11-76847d46-hr7xb_default,silver-controller-11,0.900000,0,average,1742762565,3085,23,30491,false,0.911499,28.692043,217051,4454,2281363,0
1742762598,bronze-class-deploy-1-7bfd84fb59-v65bc_default,bronze-controller-1,0.500000,0,average,1742762562,3845,102,32668,false,0.389094,-551.651960,1515827,3186,967480,0
1742762598,silver-class-deploy-10-6866d9b887-25qsj_default,silver-controller-10,0.900000,0,average,1742762562,3925,121,32884,false,0.911518,28.705182,216479,4721,2278752,0
1742762602,silver-class-deploy-12-66b6ffdcc7-bd8vq_default,silver-controller-12,0.900000,0,average,1742762545,5676,61,51673,false,0.911170,27.875958,218492,3835,2280526,0
1742762602,silver-class-deploy-18-5dd44b47c5-b65ts_default,silver-controller-18,0.900000,0,average,1742762565,4130,36,33323,false,0.912126,30.231119,214499,5328,2281807,0
1742762607,silver-class-deploy-9-6bb457cd89-5mqhb_default,silver-controller-9,0.900000,0,average,1742762576,774,22,30954,false,0.912013,30.061090,216669,4103,2288371,0
1742762609,bronze-class-deploy-26-7f9d9f4558-7dg65_default,bronze-controller-26,0.500000,0,average,1742762576,3374,23,30351,false,0.397943,-508.435855,1495527,3704,990950,0
1742762610,silver-class-deploy-4-6bdc57b47d-n6jkk_default,silver-controller-4,0.900000,0,average,1742762578,1374,64,30771,false,0.911964,29.941780,216052,4990,2289782,0
1742762611,silver-class-deploy-29-64fbff7759-6pvlv_default,silver-controller-29,0.900000,0,average,1742762578,1374,41,31996,false,0.912499,31.259597,214625,4872,2289033,0
1742762615,silver-class-deploy-25-646545667-5pxvx_default,silver-controller-25,0.900000,0,average,1742762584,741,7,31121,false,0.912826,32.141344,214700,4323,2293473,0
1742762615,bronze-class-deploy-6-c8cc7f9db-w2n8n_default,bronze-controller-6,0.500000,0,average,1742762584,741,8,31161,false,0.392942,-536.686267,1517157,4091,984686,0
1742762615,silver-class-deploy-23-5dfcff5b8f-28l9w_default,silver-controller-23,0.900000,0,average,1742762584,741,4,31224,false,0.912394,31.054004,215375,4783,2292909,0
1742762625,bronze-class-deploy-28-946b5bff6-gf7vw_default,bronze-controller-28,0.500000,0,average,1742762594,724,2,30442,false,0.394487,-529.648164,1516000,3436,989899,0
1742762627,silver-class-deploy-14-79f95c48b7-5mb4c_default,silver-controller-14,0.900000,0,average,1742762594,724,5,32438,false,0.912613,31.740022,215424,5175,2303811,0
1742762630,silver-class-deploy-10-6866d9b887-x5j2x_default,silver-controller-10,0.900000,0,average,1742762598,1055,59,31065,false,0.912203,30.810577,217535,4781,2309838,0
1742762630,silver-class-deploy-11-76847d46-th5d6_default,silver-controller-11,0.900000,0,average,1742762598,1055,37,31099,false,0.912193,30.821107,218106,4491,2312479,0
1742762636,silver-class-deploy-18-5dd44b47c5-lznsl_default,silver-controller-18,0.900000,0,average,1742762602,1511,41,32635,false,0.912698,32.097639,216010,5370,2314442,0
1742762636,silver-class-deploy-12-66b6ffdcc7-k2zfn_default,silver-controller-12,0.900000,0,average,1742762602,1511,22,32656,false,0.911763,29.763962,220004,3857,2313202,0
1742762638,silver-class-deploy-9-6bb457cd89-pxrn2_default,silver-controller-9,0.900000,0,average,1742762607,814,40,30326,false,0.912756,32.325622,217483,4143,2318698,0
1742762645,bronze-class-deploy-26-7f9d9f4558-96c26_default,bronze-controller-26,0.500000,0,average,1742762609,4551,23,31622,false,0.404761,-481.370544,1500078,3727,1022585,0
1742762645,bronze-class-deploy-8-6fff566748-mms5v_default,bronze-controller-8,0.500000,0,average,1742762267,271117,120,106961,false,0.372698,-645.007254,1585888,3001,944003,0
1742762646,silver-class-deploy-4-6bdc57b47d-7s257_default,silver-controller-4,0.900000,0,average,1742762610,3551,43,32587,false,0.911804,29.968206,219604,5033,2322390,0
1742762647,bronze-class-deploy-6-c8cc7f9db-mwggv_default,bronze-controller-6,0.500000,0,average,1742762615,1333,18,30839,false,0.400108,-507.195993,1518491,4109,1015525,0
1742762647,silver-class-deploy-23-5dfcff5b8f-jb2cc_default,silver-controller-23,0.900000,0,average,1742762615,1333,40,30821,false,0.912964,32.904546,216708,4824,2323770,0
1742762649,silver-class-deploy-25-646545667-nltvn_default,silver-controller-25,0.900000,0,average,1742762615,1333,59,32799,false,0.913450,34.169923,216034,4382,2326293,0
1742762649,silver-class-deploy-29-64fbff7759-97l52_default,silver-controller-29,0.900000,0,average,1742762611,2551,64,35580,false,0.912785,32.465104,217177,4937,2324633,0
1742762658,bronze-class-deploy-28-946b5bff6-xq97b_default,bronze-controller-28,0.500000,0,average,1742762625,193,4,32991,false,0.402314,-496.847789,1516193,3441,1022894,0
1742762660,silver-class-deploy-14-79f95c48b7-25zq5_default,silver-controller-14,0.900000,0,average,1742762627,187,2,33011,false,0.913674,34.872697,215611,5178,2336833,0
1742762661,silver-class-deploy-11-76847d46-5qz5n_default,silver-controller-11,0.900000,0,average,1742762630,308,5,30887,false,0.913138,33.629369,218414,4497,2343374,0
1742762661,silver-class-deploy-10-6866d9b887-khlrz_default,silver-controller-10,0.900000,0,average,1742762630,308,2,30898,false,0.913151,33.623149,217843,4784,2340747,0
1742762667,silver-class-deploy-12-66b6ffdcc7-rgqr5_default,silver-controller-12,0.900000,0,average,1742762636,308,7,30886,false,0.912713,32.570523,220312,3865,2344096,0
1742762669,silver-class-deploy-9-6bb457cd89-w5s7c_default,silver-controller-9,0.900000,0,average,1742762638,196,4,31001,false,0.913737,35.245653,217680,4148,2349701,0
1742762669,silver-class-deploy-18-5dd44b47c5-c6qkv_default,silver-controller-18,0.900000,0,average,1742762636,308,7,32892,false,0.913704,35.104527,216319,5378,2347337,0
1742762678,bronze-class-deploy-6-c8cc7f9db-x7l7s_default,bronze-controller-6,0.500000,0,average,1742762647,323,4,30879,false,0.407268,-476.637797,1518814,4114,1046409,0
1742762679,bronze-class-deploy-26-7f9d9f4558-g5zm5_default,bronze-controller-26,0.500000,0,average,1742762645,316,4,33885,false,0.412588,-447.800391,1500395,3732,1056471,0
1742762679,silver-class-deploy-29-64fbff7759-9g5ln_default,silver-controller-29,0.900000,0,average,1742762649,307,2,30227,false,0.913698,35.211702,217484,4939,2354871,0
1742762680,silver-class-deploy-25-646545667-jkstl_default,silver-controller-25,0.900000,0,average,1742762649,307,6,31525,false,0.914398,37.042651,216341,4388,2357825,0
1742762680,bronze-class-deploy-8-6fff566748-wwqg6_default,bronze-controller-8,0.500000,0,average,1742762645,316,5,35634,false,0.381356,-609.676295,1586205,3007,979652,0
1742762682,silver-class-deploy-23-5dfcff5b8f-mvjt7_default,silver-controller-23,0.900000,0,average,1742762647,323,6,35007,false,0.914028,36.111337,217032,4830,2358792,0
1742762683,silver-class-deploy-4-6bdc57b47d-tnpxl_default,silver-controller-4,0.900000,0,average,1742762646,194,4,37358,false,0.913009,33.527089,219798,5038,2359753,0
1742762691,bronze-class-deploy-28-946b5bff6-nkqm6_default,bronze-controller-28,0.500000,0,average,1742762658,199,5,33487,false,0.410051,-463.561542,1516393,3446,1056383,0
1742762692,silver-class-deploy-11-76847d46-lpjvt_default,silver-controller-11,0.900000,0,average,1742762661,336,5,31350,false,0.914066,36.457845,218751,4503,2374724,0
1742762694,silver-class-deploy-10-6866d9b887-5vpph_default,silver-controller-10,0.900000,0,average,1742762661,336,4,33359,false,0.914147,36.654563,218179,4788,2374118,0
1742762694,silver-class-deploy-14-79f95c48b7-x4n49_default,silver-controller-14,0.900000,0,average,1742762660,215,6,34485,false,0.914744,38.123579,215827,5184,2371323,0
1742762699,silver-class-deploy-18-5dd44b47c5-f8ppv_default,silver-controller-18,0.900000,0,average,1742762669,320,5,30377,false,0.914598,37.851016,216639,5384,2377724,0
1742762699,silver-class-deploy-9-6bb457cd89-trqtq_default,silver-controller-9,0.900000,0,average,1742762669,320,2,30383,false,0.914630,37.994159,218001,4151,2380084,0
1742762700,silver-class-deploy-12-66b6ffdcc7-nzt2j_default,silver-controller-12,0.900000,0,average,1742762667,211,6,33476,false,0.913759,35.724173,220523,3871,2377574,0
1742762710,bronze-class-deploy-6-c8cc7f9db-2cs6g_default,bronze-controller-6,0.500000,0,average,1742762678,224,2,32474,false,0.414630,-444.385147,1519038,4117,1078886,0
1742762711,bronze-class-deploy-8-6fff566748-5b46n_default,bronze-controller-8,0.500000,0,average,1742762680,1120,40,30556,false,0.388455,-580.278011,1587326,3048,1010209,0
1742762711,silver-class-deploy-25-646545667-pw8v6_default,silver-controller-25,0.900000,0,average,1742762680,1120,60,30813,false,0.914995,39.063721,217462,4448,2388659,0
1742762714,silver-class-deploy-29-64fbff7759-9tvsw_default,silver-controller-29,0.900000,0,average,1742762679,621,39,34592,false,0.914611,38.079399,218105,4979,2389484,0
1742762714,bronze-class-deploy-31-77756c9778-j7kqd_default,bronze-controller-31,0.500000,0,average,1742762525,158917,63,30312,false,0.366666,-693.213937,1642330,3764,952998,0
1742762718,silver-class-deploy-4-6bdc57b47d-x4rv2_default,silver-controller-4,0.900000,0,average,1742762683,4882,35,30795,false,0.912318,32.183132,224681,5073,2390569,0
1742762718,silver-class-deploy-23-5dfcff5b8f-4r4d5_default,silver-controller-23,0.900000,0,average,1742762682,5882,57,30782,false,0.912966,33.845831,222915,4887,2389594,0
1742762723,silver-class-deploy-11-76847d46-n2m2n_default,silver-controller-11,0.900000,0,average,1742762692,709,2,31003,false,0.914832,38.919695,219461,4506,2405738,0
1742762723,bronze-class-deploy-28-946b5bff6-tfhzq_default,bronze-controller-28,0.500000,0,average,1742762691,707,5,32006,false,0.417177,-432.262182,1517100,3452,1088392,0
1742762727,silver-class-deploy-10-6866d9b887-hkvkd_default,silver-controller-10,0.900000,0,average,1742762694,828,2,32880,false,0.914931,39.197263,219007,4791,2407007,0
1742762728,silver-class-deploy-14-79f95c48b7-vw5jt_default,silver-controller-14,0.900000,0,average,1742762694,828,5,33880,false,0.915553,40.763712,216656,5190,2405213,0
1742762730,silver-class-deploy-18-5dd44b47c5-njpw8_default,silver-controller-18,0.900000,0,average,1742762699,843,5,30866,false,0.915304,40.175125,217483,5390,2408591,0
1742762732,silver-class-deploy-12-66b6ffdcc7-46ntb_default,silver-controller-12,0.900000,0,average,1742762700,704,3,32015,false,0.914562,38.289797,221228,3875,2409592,0
1742762732,silver-class-deploy-9-6bb457cd89-bkz87_default,silver-controller-9,0.900000,0,average,1742762699,843,2,32888,false,0.915402,40.524358,218845,4153,2412987,0
1742762741,bronze-class-deploy-6-c8cc7f9db-6s75z_default,bronze-controller-6,0.500000,0,average,1742762710,713,3,31026,false,0.421413,-414.071876,1519752,4121,1109913,0
1742762744,silver-class-deploy-25-646545667-9tzwd_default,silver-controller-25,0.900000,0,average,1742762711,1098,37,32588,false,0.915650,41.303202,218560,4486,2421267,0
1742762744,silver-class-deploy-29-64fbff7759-mj6q5_default,silver-controller-29,0.900000,0,average,1742762714,714,62,30141,false,0.915316,40.394860,218820,5041,2419626,0
1742762749,bronze-class-deploy-31-77756c9778-rkj9d_default,bronze-controller-31,0.500000,0,average,1742762714,714,22,34998,false,0.374976,-658.949825,1643045,3787,987997,0
1742762749,bronze-class-deploy-8-6fff566748-nwvbb_default,bronze-controller-8,0.500000,0,average,1742762711,3714,44,34978,false,0.396007,-549.052746,1591040,3092,1045190,0
1742762750,silver-class-deploy-4-6bdc57b47d-l6whp_default,silver-controller-4,0.900000,0,average,1742762718,840,4,31885,false,0.913081,34.613682,225521,5078,2422463,0
1742762751,silver-class-deploy-23-5dfcff5b8f-tpmjj_default,silver-controller-23,0.900000,0,average,1742762718,840,4,33136,false,0.913763,36.400818,223755,4892,2422732,0
1742762760,silver-class-deploy-14-79f95c48b7-zrjkg_default,silver-controller-14,0.900000,0,average,1742762728,734,5,32005,false,0.916315,43.300211,217390,5195,2437222,0
1742762760,bronze-class-deploy-28-946b5bff6-4srdw_default,bronze-controller-28,0.500000,0,average,1742762723,4749,4,32993,false,0.423696,-404.005861,1521849,3457,1121400,0
1742762761,silver-class-deploy-18-5dd44b47c5-gk4t7_default,silver-controller-18,0.900000,0,average,1742762730,730,6,31001,false,0.916037,42.614650,218213,5396,2439599,0
1742762762,silver-class-deploy-10-6866d9b887-slf78_default,silver-controller-10,0.900000,0,average,1742762727,749,7,34984,false,0.915788,42.016550,219757,4799,2442002,0
1742762763,silver-class-deploy-12-66b6ffdcc7-w9qj4_default,silver-controller-12,0.900000,0,average,1742762732,854,5,30830,false,0.915255,40.601673,222082,3881,2440438,0
1742762764,silver-class-deploy-9-6bb457cd89-xnxvg_default,silver-controller-9,0.900000,0,average,1742762732,854,2,32074,false,0.916125,42.962934,219699,4156,2445072,0
1742762772,silver-class-deploy-11-76847d46-px22c_default,silver-controller-11,0.900000,0,average,1742762723,901,25,48221,false,0.916049,42.909594,220363,4531,2453968,0
1742762776,bronze-class-deploy-15-6fb6d4fc68-6tpft_default,bronze-controller-15,0.500000,0,average,1742762537,206656,5,32495,false,0.364139,-723.753636,1689383,3995,969747,0
1742762776,silver-class-deploy-29-64fbff7759-qrqp5_default,silver-controller-29,0.900000,0,average,1742762744,1088,4,31148,false,0.915928,42.529307,219908,5046,2450794,0
1742762778,silver-class-deploy-25-646545667-5zs25_default,silver-controller-25,0.900000,0,average,1742762744,1088,14,33337,false,0.916323,43.645595,219649,4500,2454612,0
1742762780,bronze-class-deploy-8-6fff566748-pjdvj_default,bronze-controller-8,0.500000,0,average,1742762749,860,5,30654,false,0.402816,-519.238169,1591900,3098,1075867,0
1742762782,bronze-class-deploy-31-77756c9778-fg87d_default,bronze-controller-31,0.500000,0,average,1742762749,860,2,32158,false,0.382390,-627.642777,1643905,3789,1020163,0
1742762783,silver-class-deploy-23-5dfcff5b8f-hgnmw_default,silver-controller-23,0.900000,0,average,1742762751,1043,40,31056,false,0.914392,38.533494,224799,4932,2453806,0
1742762784,silver-class-deploy-4-6bdc57b47d-nb2q4_default,silver-controller-4,0.900000,0,average,1742762750,843,36,33799,false,0.913877,37.207394,226365,5115,2456311,0
1742762791,silver-class-deploy-14-79f95c48b7-m5h2h_default,silver-controller-14,0.900000,0,average,1742762760,868,6,30688,false,0.916971,45.583416,218259,5201,2467910,0
1742762791,bronze-class-deploy-28-946b5bff6-qbqk9_default,bronze-controller-28,0.500000,0,average,1742762760,868,6,30690,false,0.430162,-374.185573,1522718,3463,1152092,0
1742762792,silver-class-deploy-18-5dd44b47c5-v9r2c_default,silver-controller-18,0.900000,0,average,1742762761,757,6,30956,false,0.916743,45.025407,218971,5402,2470566,0
1742762795,silver-class-deploy-9-6bb457cd89-bjq5x_default,silver-controller-9,0.900000,0,average,1742762764,1230,63,30269,false,0.916627,44.827564,220930,4219,2475361,0
1742762795,silver-class-deploy-12-66b6ffdcc7-n7zht_default,silver-controller-12,0.900000,0,average,1742762763,2230,22,30314,false,0.915443,41.608064,224312,3904,2470772,0
1742762802,silver-class-deploy-10-6866d9b887-kb6vb_default,silver-controller-10,0.900000,0,average,1742762762,3230,41,37302,false,0.915841,42.802676,222987,4841,2479309,0
1742762802,silver-class-deploy-11-76847d46-zgb75_default,silver-controller-11,0.900000,0,average,1742762772,170,5,30400,false,0.916931,45.793421,220533,4537,2484378,0
1742762806,silver-class-deploy-29-64fbff7759-7hbqg_default,silver-controller-29,0.900000,0,average,1742762776,344,37,30185,false,0.916736,45.204898,220253,5084,2480980,0
1742762811,bronze-class-deploy-8-6fff566748-m5bv7_default,bronze-controller-8,0.500000,0,average,1742762780,764,37,30778,false,0.409502,-489.239648,1592665,3135,1106665,0
1742762811,silver-class-deploy-25-646545667-k74fs_default,silver-controller-25,0.900000,0,average,1742762778,2764,58,30764,false,0.916319,44.183369,222414,4559,2485396,0
1742762814,bronze-class-deploy-20-5fd9977fb4-rspq9_default,bronze-controller-20,0.500000,0,average,1742762537,246540,82,30956,false,0.356996,-772.244408,1731890,3967,963749,0
1742762817,bronze-class-deploy-31-77756c9778-xwq42_default,bronze-controller-31,0.500000,0,average,1742762781,4040,83,32450,false,0.389223,-599.295741,1647945,3873,1052634,0
1742762817,silver-class-deploy-23-5dfcff5b8f-9g7t6_default,silver-controller-23,0.900000,0,average,1742762783,3020,43,31596,false,0.914357,38.938173,227820,4976,2485422,0
1742762822,bronze-class-deploy-28-946b5bff6-pbrn9_default,bronze-controller-28,0.500000,0,average,1742762791,677,5,31246,false,0.436624,-343.618511,1523395,3469,1183340,0
1742762824,silver-class-deploy-18-5dd44b47c5-jw6tx_default,silver-controller-18,0.900000,0,average,1742762792,762,41,31265,false,0.917427,47.429121,219733,5444,2501832,0
1742762825,silver-class-deploy-14-79f95c48b7-rqrk9_default,silver-controller-14,0.900000,0,average,1742762791,677,5,33546,false,0.917763,48.324552,218936,5207,2501457,0
1742762827,silver-class-deploy-12-66b6ffdcc7-qf9kw_default,silver-controller-12,0.900000,0,average,1742762795,687,5,32201,false,0.916208,44.206726,225000,3910,2502987,0
1742762827,silver-class-deploy-9-6bb457cd89-nnpx6_default,silver-controller-9,0.900000,0,average,1742762795,687,4,32207,false,0.917378,47.427339,221617,4224,2507577,0
1742762834,silver-class-deploy-10-6866d9b887-zdj62_default,silver-controller-10,0.900000,0,average,1742762802,707,6,32193,false,0.916592,45.381198,223695,4847,2511505,0
1742762834,silver-class-deploy-11-76847d46-84pw9_default,silver-controller-11,0.900000,0,average,1742762802,707,2,32204,false,0.917670,48.377500,221240,4540,2516600,0
1742762834,silver-class-deploy-4-6bdc57b47d-bvm5v_default,silver-controller-4,0.900000,0,average,1742762784,2020,20,48879,false,0.914734,40.261258,228386,5135,2505211,0
1742762842,silver-class-deploy-25-646545667-z9jl4_default,silver-controller-25,0.900000,0,average,1742762811,984,38,30881,false,0.916919,46.352496,223398,4598,2516290,0
1742762842,silver-class-deploy-29-64fbff7759-pzz5j_default,silver-controller-29,0.900000,0,average,1742762806,582,4,36324,false,0.917643,48.310596,220836,5088,2517309,0
1742762843,bronze-class-deploy-15-6fb6d4fc68-fzbmb_default,bronze-controller-15,0.500000,0,average,1742762776,67033,6,265,false,0.355260,-790.524110,1756417,4001,970012,0
1742762846,bronze-class-deploy-8-6fff566748-sgmff_default,bronze-controller-8,0.500000,0,average,1742762811,3692,5,32213,false,0.415898,-460.710166,1596357,3141,1138890,0
1742762846,bronze-class-deploy-20-5fd9977fb4-f4z7t_default,bronze-controller-20,0.500000,0,average,1742762814,691,4,32216,false,0.364487,-740.718501,1732581,3971,995967,0
1742762849,silver-class-deploy-23-5dfcff5b8f-sf7lc_default,silver-controller-23,0.900000,0,average,1742762817,775,37,31271,false,0.915061,41.335186,228596,5013,2516705,0
1742762856,bronze-class-deploy-31-77756c9778-dlb82_default,bronze-controller-31,0.500000,0,average,1742762817,8970,64,30228,false,0.394670,-578.098712,1656916,3938,1082865,0
1742762856,bronze-class-deploy-28-946b5bff6-sfmt4_default,bronze-controller-28,0.500000,0,average,1742762822,3809,103,30353,false,0.442236,-317.158413,1527205,3573,1213714,0
1742762856,silver-class-deploy-18-5dd44b47c5-kpv7j_default,silver-controller-18,0.900000,0,average,1742762823,2970,81,30833,false,0.917335,47.767891,222704,5525,2532685,0
1742762858,silver-class-deploy-14-79f95c48b7-k6jhp_default,silver-controller-14,0.900000,0,average,1742762825,970,103,32191,false,0.918366,50.579008,219907,5310,2533669,0
1742762860,silver-class-deploy-9-6bb457cd89-48b22_default,silver-controller-9,0.900000,0,average,1742762827,1015,5,32426,false,0.918008,49.753764,222632,4229,2540017,0
1742762860,silver-class-deploy-12-66b6ffdcc7-lj9vv_default,silver-controller-12,0.900000,0,average,1742762827,1015,4,32434,false,0.916853,46.533862,226015,3914,2535422,0
1742762865,silver-class-deploy-4-6bdc57b47d-r5kbc_default,silver-controller-4,0.900000,0,average,1742762834,1024,8,30373,false,0.915328,42.371775,229410,5144,2535593,0
1742762866,bronze-class-deploy-32-7bb47fdcc7-nxbdl_default,bronze-controller-32,0.500000,0,average,1742762429,396890,122,40472,false,0.357426,-783.488538,1761543,3720,981912,0
1742762867,silver-class-deploy-11-76847d46-dw4dg_default,silver-controller-11,0.900000,0,average,1742762834,1024,7,32913,false,0.918305,50.742457,222265,4547,2549527,0
1742762867,silver-class-deploy-10-6866d9b887-sgrwz_default,silver-controller-10,0.900000,0,average,1742762834,1024,4,32955,false,0.917243,47.752919,224719,4852,2544468,0
1742762877,silver-class-deploy-29-64fbff7759-nkwvs_default,silver-controller-29,0.900000,0,average,1742762842,2828,5,32627,false,0.917674,49.025258,223664,5094,2549945,0
1742762877,bronze-class-deploy-15-6fb6d4fc68-xm4sc_default,bronze-controller-15,0.500000,0,average,1742762843,4040,5,30427,false,0.361840,-764.120579,1760458,4007,1000459,0
1742762877,silver-class-deploy-25-646545667-lck2b_default,silver-controller-25,0.900000,0,average,1742762842,1033,2,34932,false,0.917622,48.914382,224432,4600,2551224,0
1742762888,bronze-class-deploy-31-77756c9778-sl2h9_default,bronze-controller-31,0.500000,0,average,1742762856,1145,22,31303,false,0.401332,-547.951422,1658061,3961,1114178,0
1742762888,bronze-class-deploy-8-6fff566748-pm7hv_default,bronze-controller-8,0.500000,0,average,1742762846,8310,38,34125,false,0.421819,-434.922232,1604667,3179,1173024,0
1742762889,silver-class-deploy-18-5dd44b47c5-8wqg9_default,silver-controller-18,0.900000,0,average,1742762856,2485,40,30527,false,0.917410,48.550067,225190,5565,2563232,0
1742762890,silver-class-deploy-14-79f95c48b7-4jh8x_default,silver-controller-14,0.900000,0,average,1742762858,485,62,31724,false,0.919114,53.260633,220393,5373,2565413,0
1742762891,silver-class-deploy-12-66b6ffdcc7-c8jn7_default,silver-controller-12,0.900000,0,average,1742762860,563,5,30923,false,0.917586,49.115973,226579,3920,2566356,0
1742762893,bronze-class-deploy-8-6fff566748-mcnfw_default,bronze-controller-8,0.500000,0,average,1742762888,4152,61,1078,false,0.421406,-438.052166,1608820,3241,1174108,0
1742762895,silver-class-deploy-23-5dfcff5b8f-thkv6_default,silver-controller-23,0.900000,0,average,1742762849,5310,58,41363,false,0.914561,40.641482,233906,5072,2558088,0
1742762895,silver-class-deploy-9-6bb457cd89-798b2_default,silver-controller-9,0.900000,0,average,1742762860,564,5,35283,false,0.918854,52.772025,223196,4235,2575313,0
1742762895,bronze-class-deploy-16-74dd4696ff-q67mg_default,bronze-controller-16,0.500000,0,average,1742762431,427485,23,37484,false,0.352558,-820.456452,1797213,3874,980765,0
1742762898,silver-class-deploy-10-6866d9b887-t2kft_default,silver-controller-10,0.900000,0,average,1742762867,1070,35,30647,false,0.917785,49.822687,225789,4887,2575115,0
1742762900,bronze-class-deploy-16-74dd4696ff-xc95r_default,bronze-controller-16,0.500000,0,average,1742762895,2452,101,2599,false,0.352843,-820.390890,1799666,3976,983383,0
1742762901,silver-class-deploy-4-6bdc57b47d-2hftm_default,silver-controller-4,0.900000,0,average,1742762865,1607,58,34907,false,0.915838,44.365503,231017,5202,2570520,0
1742762901,bronze-class-deploy-32-7bb47fdcc7-98dq8_default,bronze-controller-32,0.500000,0,average,1742762866,607,42,35042,false,0.365434,-749.092164,1762150,3762,1016956,0
1742762901,silver-class-deploy-11-76847d46-xmbsf_default,silver-controller-11,0.900000,0,average,1742762867,1070,57,33684,false,0.918916,53.098294,223335,4605,2583234,0
1742762907,bronze-class-deploy-8-6fff566748-v9gbn_default,bronze-controller-8,0.500000,0,average,1742762893,10773,164,3155,false,0.420416,-445.816127,1619593,3405,1177283,0
1742762909,silver-class-deploy-25-646545667-gtjdt_default,silver-controller-25,0.900000,0,average,1742762877,1051,36,31584,false,0.918191,51.094006,225484,4637,2582809,0
1742762909,bronze-class-deploy-15-6fb6d4fc68-pb6cr_default,bronze-controller-15,0.500000,0,average,1742762877,589,4,32118,false,0.369090,-732.588407,1761047,4011,1032582,0
1742762911,silver-class-deploy-29-64fbff7759-t2rjg_default,silver-controller-29,0.900000,0,average,1742762877,1052,58,33522,false,0.918293,51.378390,224716,5152,2583469,0
1742762912,bronze-class-deploy-16-74dd4696ff-bk2mc_default,bronze-controller-16,0.500000,0,average,1742762900,10252,101,2519,false,0.352125,-828.205286,1809919,4077,985922,0
1742762918,bronze-class-deploy-15-6fb6d4fc68-p86g4_default,bronze-controller-15,0.500000,0,average,1742762909,1333,163,7716,false,0.370628,-726.370007,1762380,4175,1040298,0
1742762922,bronze-class-deploy-31-77756c9778-rvnfm_default,bronze-controller-31,0.500000,0,average,1742762888,596,2,33973,false,0.408486,-514.559736,1658658,3963,1148166,0
1742762924,silver-class-deploy-12-66b6ffdcc7-2gsw6_default,silver-controller-12,0.900000,0,average,1742762891,1253,62,31896,false,0.918089,51.123031,227832,3983,2598273,0
1742762925,bronze-class-deploy-20-5fd9977fb4-b2s8w_default,bronze-controller-20,0.500000,0,average,1742762846,46072,103,33416,false,0.366057,-753.460979,1778654,4075,1029401,0
1742762927,silver-class-deploy-18-5dd44b47c5-rn4qq_default,silver-controller-18,0.900000,0,average,1742762888,4253,42,34836,false,0.917034,48.168093,229443,5608,2598070,0
1742762928,bronze-class-deploy-6-c8cc7f9db-hhb2t_default,bronze-controller-6,0.500000,0,average,1742762741,156533,163,30976,false,0.404362,-539.789049,1676286,4285,1140895,0
1742762930,silver-class-deploy-10-6866d9b887-kf9h2_default,silver-controller-10,0.900000,0,average,1742762898,1053,62,31215,false,0.918329,51.941535,226843,4950,2606351,0
1742762931,silver-class-deploy-23-5dfcff5b8f-qbm62_default,silver-controller-23,0.900000,0,average,1742762895,4013,61,32558,false,0.914228,40.232689,237919,5134,2590667,0
1742762933,silver-class-deploy-14-79f95c48b7-hkjd2_default,silver-controller-14,0.900000,0,average,1742762890,9053,42,34056,false,0.917137,48.483030,229446,5415,2599491,0
1742762935,bronze-class-deploy-28-946b5bff6-r7xw5_default,bronze-controller-28,0.500000,0,average,1742762856,78573,62,1236,false,0.430169,-394.551915,1605778,3636,1214956,0
1742762938,bronze-class-deploy-32-7bb47fdcc7-pmrrh_default,bronze-controller-32,0.500000,0,average,1742762901,2513,123,35016,false,0.372975,-716.692044,1764664,3885,1051992,0
1742762938,bronze-class-deploy-26-7f9d9f4558-v2lwx_default,bronze-controller-26,0.500000,0,average,1742762679,224593,203,34996,false,0.386992,-637.601882,1724989,3936,1091469,0
1742762940,silver-class-deploy-4-6bdc57b47d-l7rwt_default,silver-controller-4,0.900000,0,average,1742762901,5172,23,34596,false,0.915190,43.151114,236190,5226,2605136,0
1742762943,bronze-class-deploy-32-7bb47fdcc7-dmm7g_default,bronze-controller-32,0.500000,0,average,1742762938,1393,141,3678,false,0.373593,-714.527758,1766057,4027,1055691,0
1742762947,bronze-class-deploy-26-7f9d9f4558-dkvqw_default,bronze-controller-26,0.500000,0,average,1742762938,1513,163,8016,false,0.388507,-631.222547,1726502,4099,1099525,0
1742762949,silver-class-deploy-9-6bb457cd89-9r42n_default,silver-controller-9,0.900000,0,average,1742762895,16812,63,37236,false,0.914484,41.308686,240009,4298,2612570,0
1742762949,silver-class-deploy-11-76847d46-pb6rn_default,silver-controller-11,0.900000,0,average,1742762901,10852,43,37256,false,0.916472,47.021483,234188,4649,2620530,0
1742762949,silver-class-deploy-25-646545667-lqnc2_default,silver-controller-25,0.900000,0,average,1742762909,8253,23,31996,false,0.916445,46.845709,233737,4660,2614805,0
1742762951,bronze-class-deploy-8-6fff566748-687b9_default,bronze-controller-8,0.500000,0,average,1742762906,44333,200,1039,false,0.414049,-489.313414,1663926,3606,1178322,0
1742762956,bronze-class-deploy-26-7f9d9f4558-zw4vh_default,bronze-controller-26,0.500000,0,average,1742762947,3193,163,5875,false,0.389318,-628.683650,1729695,4262,1105421,0
1742762958,bronze-class-deploy-20-5fd9977fb4-7xwbx_default,bronze-controller-20,0.500000,0,average,1742762925,933,103,32615,false,0.373194,-721.860141,1779588,4178,1062037,0
1742762960,bronze-class-deploy-6-c8cc7f9db-8wdt5_default,bronze-controller-6,0.500000,0,average,1742762928,1193,104,31056,false,0.410665,-510.010105,1677479,4389,1171971,0
1742762966,bronze-class-deploy-20-5fd9977fb4-d4lkn_default,bronze-controller-20,0.500000,0,average,1742762958,4853,100,3059,false,0.373218,-723.753889,1784442,4279,1065096,0
1742762967,bronze-class-deploy-15-6fb6d4fc68-xfbrd_default,bronze-controller-15,0.500000,0,average,1742762918,16352,243,32836,false,0.375710,-710.132858,1778733,4419,1073135,0
1742762967,bronze-class-deploy-31-77756c9778-7flrk_default,bronze-controller-31,0.500000,0,average,1742762922,12193,181,33098,false,0.413574,-493.818111,1670851,4145,1181285,0
1742762969,silver-class-deploy-23-5dfcff5b8f-d2n9r_default,silver-controller-23,0.900000,0,average,1742762931,3893,163,34356,false,0.913963,40.017908,241813,5297,2625043,0
1742762971,silver-class-deploy-29-64fbff7759-dxzkt_default,silver-controller-29,0.900000,0,average,1742762911,23753,163,36296,false,0.911682,33.481766,248469,5316,2619766,0
1742762973,silver-class-deploy-12-66b6ffdcc7-2xp2p_default,silver-controller-12,0.900000,0,average,1742762924,18233,123,31476,false,0.913133,37.750664,246066,4106,2629769,0
1742762976,bronze-class-deploy-31-77756c9778-md72p_default,bronze-controller-31,0.500000,0,average,1742762967,7132,141,2119,false,0.412958,-498.973026,1677984,4286,1183405,0
1742762977,silver-class-deploy-18-5dd44b47c5-r5mwq_default,silver-controller-18,0.900000,0,average,1742762927,15152,103,35517,false,0.913205,37.991132,244595,5712,2633606,0
1742762977,silver-class-deploy-14-79f95c48b7-8nw5x_default,silver-controller-14,0.900000,0,average,1742762933,13793,21,31078,false,0.913632,39.160805,243240,5436,2630590,0
1742762980,bronze-class-deploy-26-7f9d9f4558-pcmw5_default,bronze-controller-26,0.500000,0,average,1742762956,23553,163,1055,false,0.386324,-651.324704,1753248,4426,1106497,0
1742762985,silver-class-deploy-10-6866d9b887-bfdxn_default,silver-controller-10,0.900000,0,average,1742762930,20513,163,34915,false,0.912753,36.824793,247356,5114,2641288,0
1742762987,silver-class-deploy-4-6bdc57b47d-82rkp_default,silver-controller-4,0.900000,0,average,1742762940,15313,63,31677,false,0.911255,32.482222,251504,5289,2636832,0
1742762988,bronze-class-deploy-20-5fd9977fb4-fjj7g_default,bronze-controller-20,0.500000,0,average,1742762965,4872,244,18176,false,0.376518,-710.678043,1789314,4523,1083292,0
1742762994,bronze-class-deploy-1-7bfd84fb59-xdtp9_default,bronze-controller-1,0.500000,0,average,1742762598,371753,143,24796,false,0.344161,-898.746213,1887580,3330,992283,0
1742762995,bronze-class-deploy-32-7bb47fdcc7-pqzr8_default,bronze-controller-32,0.500000,0,average,1742762943,16033,141,36778,false,0.379501,-693.904695,1782091,4168,1092489,0
1742762997,bronze-class-deploy-21-7b55589449-m54dv_default,bronze-controller-21,0.500000,0,average,1742762512,438073,142,47377,false,0.348579,-874.658579,1876984,4174,1006619,0
1742762999,bronze-class-deploy-15-6fb6d4fc68-sn6l6_default,bronze-controller-15,0.500000,0,average,1742762967,1013,103,31095,false,0.382285,-680.154392,1779746,4522,1104231,0
1742763000,silver-class-deploy-9-6bb457cd89-rcwnn_default,silver-controller-9,0.900000,0,average,1742762948,17113,23,35495,false,0.910141,29.436039,257123,4322,2648066,0
1742763003,silver-class-deploy-25-646545667-6vkhl_default,silver-controller-25,0.900000,0,average,1742762949,23513,142,30957,false,0.909881,28.653659,257250,4803,2645803,0
1742763010,silver-class-deploy-29-64fbff7759-z7828_default,silver-controller-29,0.900000,0,average,1742762971,8473,100,31138,false,0.909943,28.880453,256943,5417,2650924,0
1742763010,silver-class-deploy-23-5dfcff5b8f-49xkd_default,silver-controller-23,0.900000,0,average,1742762969,10693,122,30936,false,0.911485,33.378218,252507,5420,2655999,0
1742763012,silver-class-deploy-11-76847d46-jmxmm_default,silver-controller-11,0.900000,0,average,1742762949,25253,163,37597,false,0.909576,27.907086,259441,4812,2658147,0
1742763016,silver-class-deploy-12-66b6ffdcc7-xtscp_default,silver-controller-12,0.900000,0,average,1742762973,12812,103,30597,false,0.910008,29.185154,258878,4210,2660367,0
1742763018,silver-class-deploy-18-5dd44b47c5-p2xbt_default,silver-controller-18,0.900000,0,average,1742762977,10273,62,31182,false,0.910905,31.809225,254869,5775,2664811,0
1742763018,silver-class-deploy-14-79f95c48b7-g48gx_default,silver-controller-14,0.900000,0,average,1742762977,10313,42,31169,false,0.911315,32.959715,253553,5479,2661779,0
1742763026,silver-class-deploy-10-6866d9b887-wzfk8_default,silver-controller-10,0.900000,0,average,1742762985,11333,143,30049,false,0.910078,29.501770,258689,5257,2671357,0
1742763026,bronze-class-deploy-16-74dd4696ff-848b8_default,bronze-controller-16,0.500000,0,average,1742762912,10973,123,103433,false,0.373782,-735.848787,1820892,4200,1089375,0
1742763035,silver-class-deploy-9-6bb457cd89-9k2hl_default,silver-controller-9,0.900000,0,average,1742763000,4953,101,30478,false,0.909510,27.936456,262076,4423,2678565,0
1742763035,bronze-class-deploy-32-7bb47fdcc7-zvrpg_default,bronze-controller-32,0.500000,0,average,1742762995,6172,201,34161,false,0.385934,-666.119652,1788263,4370,1126650,0
1742763035,silver-class-deploy-25-646545667-wqt7t_default,silver-controller-25,0.900000,0,average,1742763003,2032,164,30679,false,0.910142,29.744816,259283,4968,2676502,0
1742763039,silver-class-deploy-4-6bdc57b47d-2lxls_default,silver-controller-4,0.900000,0,average,1742762986,7737,40,45458,false,0.910219,30.028246,259241,5330,2682291,0
1742763043,silver-class-deploy-23-5dfcff5b8f-429h7_default,silver-controller-23,0.900000,0,average,1742763010,2293,60,31082,false,0.911690,34.368019,254800,5480,2687082,0
1742763044,silver-class-deploy-11-76847d46-2clzz_default,silver-controller-11,0.900000,0,average,1742763011,1293,23,32260,false,0.910159,29.951190,260735,4835,2690427,0
1742763046,silver-class-deploy-29-64fbff7759-m2jjr_default,silver-controller-29,0.900000,0,average,1742763010,2293,43,34639,false,0.910280,30.241600,259236,5461,2685564,0
1742763047,silver-class-deploy-12-66b6ffdcc7-5brw9_default,silver-controller-12,0.900000,0,average,1742763016,678,37,30300,false,0.910710,31.571497,259557,4248,2690671,0
1742763049,silver-class-deploy-14-79f95c48b7-62n9b_default,silver-controller-14,0.900000,0,average,1742763018,639,5,30831,false,0.912042,35.463705,254193,5484,2692615,0
1742763050,silver-class-deploy-18-5dd44b47c5-m6xxg_default,silver-controller-18,0.900000,0,average,1742763018,639,2,32130,false,0.911675,34.446395,255509,5777,2696951,0
1742763056,bronze-class-deploy-16-74dd4696ff-hqkbt_default,bronze-controller-16,0.500000,0,average,1742763026,642,4,30131,false,0.380108,-706.352032,1821534,4205,1119515,0
1742763056,silver-class-deploy-10-6866d9b887-t5xd7_default,silver-controller-10,0.900000,0,average,1742763026,642,5,30137,false,0.910793,31.933209,259332,5263,2701495,0
1742763066,silver-class-deploy-25-646545667-6rn7m_default,silver-controller-25,0.900000,0,average,1742763035,1046,13,30719,false,0.910746,31.865548,260330,4982,2707242,0
1742763067,silver-class-deploy-9-6bb457cd89-bs4bg_default,silver-controller-9,0.900000,0,average,1742763035,1046,4,31727,false,0.910153,30.165379,263122,4428,2710306,0
1742763070,bronze-class-deploy-3-775f4fbdd9-9gfrr_default,bronze-controller-3,0.500000,0,average,1742762490,443853,183,136744,false,0.369615,-771.639652,1862477,2641,1093580,0
1742763072,silver-class-deploy-4-6bdc57b47d-rz4xz_default,silver-controller-4,0.900000,0,average,1742763039,1241,38,32505,false,0.910807,32.127205,260483,5368,2714796,0
1742763075,silver-class-deploy-23-5dfcff5b8f-qjv42_default,silver-controller-23,0.900000,0,average,1742763043,1721,59,31008,false,0.912064,35.866617,256522,5540,2718091,0
1742763075,silver-class-deploy-11-76847d46-p2wtg_default,silver-controller-11,0.900000,0,average,1742763044,721,38,31034,false,0.910861,32.373267,261456,4873,2721481,0
1742763080,silver-class-deploy-29-64fbff7759-qdtc9_default,silver-controller-29,0.900000,0,average,1742763046,1262,38,33496,false,0.910890,32.421302,260499,5499,2719061,0
1742763080,silver-class-deploy-14-79f95c48b7-jt7cj_default,silver-controller-14,0.900000,0,average,1742763049,541,35,31228,false,0.912786,38.067433,254735,5520,2723844,0
1742763080,silver-class-deploy-12-66b6ffdcc7-bwcc5_default,silver-controller-12,0.900000,0,average,1742763046,1262,55,33496,false,0.911310,33.737177,260820,4303,2724188,0
1742763081,bronze-class-deploy-21-7b55589449-6g7dr_default,bronze-controller-21,0.500000,0,average,1742762997,913,103,83778,false,0.366824,-791.877552,1877897,4277,1090417,0
1742763083,silver-class-deploy-18-5dd44b47c5-b48dh_default,silver-controller-18,0.900000,0,average,1742763050,789,10,32990,false,0.912405,37.027420,256298,5788,2729950,0
1742763088,silver-class-deploy-10-6866d9b887-jwr86_default,silver-controller-10,0.900000,0,average,1742763056,906,5,31887,false,0.911465,34.302560,260239,5269,2733387,0
1742763088,bronze-class-deploy-16-74dd4696ff-lwp77_default,bronze-controller-16,0.500000,0,average,1742763056,906,2,31892,false,0.386634,-675.348559,1822441,4207,1151424,0
1742763092,bronze-class-deploy-1-7bfd84fb59-zr2c2_default,bronze-controller-1,0.500000,0,average,1742762994,7013,183,91605,false,0.363482,-814.320202,1894594,3513,1083908,0
1742763097,silver-class-deploy-25-646545667-9ctgm_default,silver-controller-25,0.900000,0,average,1742763066,793,4,31005,false,0.911425,34.248706,261123,4986,2738251,0
1742763102,bronze-class-deploy-3-775f4fbdd9-t8gzk_default,bronze-controller-3,0.500000,0,average,1742763070,809,4,31993,false,0.376257,-740.452995,1863286,2646,1125578,0
1742763102,silver-class-deploy-9-6bb457cd89-vpd6r_default,silver-controller-9,0.900000,0,average,1742763067,792,5,35014,false,0.910956,32.950388,263915,4433,2745324,0
1742763103,silver-class-deploy-4-6bdc57b47d-lvl22_default,silver-controller-4,0.900000,0,average,1742763072,802,4,30998,false,0.911481,34.502699,261286,5373,2745804,0
1742763106,silver-class-deploy-23-5dfcff5b8f-9hspp_default,silver-controller-23,0.900000,0,average,1742763075,909,7,30888,false,0.912688,38.130984,257431,5547,2748980,0
1742763111,silver-class-deploy-29-64fbff7759-xnl6l_default,silver-controller-29,0.900000,0,average,1742763080,928,4,30880,false,0.911521,34.672499,261428,5504,2749964,0
1742763111,silver-class-deploy-12-66b6ffdcc7-cw6vn_default,silver-controller-12,0.900000,0,average,1742763080,928,8,30879,false,0.911934,35.984335,261749,4311,2755084,0
1742763113,bronze-class-deploy-21-7b55589449-dnmvp_default,bronze-controller-21,0.500000,0,average,1742763081,803,6,32004,false,0.373468,-760.678985,1878701,4284,1122422,0
1742763113,silver-class-deploy-14-79f95c48b7-d5bqd_default,silver-controller-14,0.900000,0,average,1742763080,929,7,32881,false,0.913453,40.515575,255664,5528,2756746,0
1742763114,silver-class-deploy-18-5dd44b47c5-94zf2_default,silver-controller-18,0.900000,0,average,1742763083,809,2,30998,false,0.913058,39.398627,257108,5791,2760959,0
1742763116,silver-class-deploy-11-76847d46-jjvlc_default,silver-controller-11,0.900000,0,average,1742763075,909,5,40898,false,0.911790,35.642647,262366,4879,2762394,0
1742763119,bronze-class-deploy-16-74dd4696ff-z7g98_default,bronze-controller-16,0.500000,0,average,1742763088,933,6,30884,false,0.392810,-645.387943,1823374,4214,1182321,0
1742763119,silver-class-deploy-10-6866d9b887-fjxl6_default,silver-controller-10,0.900000,0,average,1742763088,933,4,30892,false,0.912085,36.548415,261172,5274,2764282,0
1742763125,bronze-class-deploy-1-7bfd84fb59-4htmp_default,bronze-controller-1,0.500000,0,average,1742763092,819,7,32990,false,0.370346,-782.146428,1895413,3521,1116905,0
1742763128,silver-class-deploy-25-646545667-42zp6_default,silver-controller-25,0.900000,0,average,1742763097,818,5,30994,false,0.912082,36.608502,261942,4992,2769251,0
1742763133,silver-class-deploy-9-6bb457cd89-qp24z_default,silver-controller-9,0.900000,0,average,1742763102,938,5,30881,false,0.911577,35.190550,264854,4439,2776218,0
1742763133,bronze-class-deploy-3-775f4fbdd9-7s6f4_default,bronze-controller-3,0.500000,0,average,1742763102,938,2,30892,false,0.382516,-710.488507,1864225,2649,1156480,0
1742763136,silver-class-deploy-4-6bdc57b47d-f6r95_default,silver-controller-4,0.900000,0,average,1742763103,824,5,32995,false,0.912192,37.058046,262110,5378,2778810,0
1742763138,silver-class-deploy-23-5dfcff5b8f-sxmk4_default,silver-controller-23,0.900000,0,average,1742763106,816,7,31998,false,0.913359,40.590161,258248,5555,2780983,0
1742763142,silver-class-deploy-12-66b6ffdcc7-qc24n_default,silver-controller-12,0.900000,0,average,1742763111,941,7,30885,false,0.912542,38.220718,262690,4319,2785978,0
1742763142,silver-class-deploy-29-64fbff7759-7krj5_default,silver-controller-29,0.900000,0,average,1742763111,940,4,30894,false,0.912135,36.912282,262369,5509,2780862,0
1742763146,silver-class-deploy-14-79f95c48b7-bbd25_default,silver-controller-14,0.900000,0,average,1742763113,939,5,32906,false,0.914104,42.957650,256604,5534,2789661,0
1742763146,bronze-class-deploy-21-7b55589449-rhkw5_default,bronze-controller-21,0.500000,0,average,1742763113,939,2,32917,false,0.380138,-728.696285,1879640,4287,1155344,0
1742763146,silver-class-deploy-18-5dd44b47c5-8glzw_default,silver-controller-18,0.900000,0,average,1742763114,830,5,32031,false,0.913720,41.851737,257938,5796,2792997,0
1742763147,silver-class-deploy-11-76847d46-9rcpq_default,silver-controller-11,0.900000,0,average,1742763116,824,5,31003,false,0.912436,37.997439,263190,4884,2793401,0
1742763150,silver-class-deploy-10-6866d9b887-p49z2_default,silver-controller-10,0.900000,0,average,1742763119,1001,24,30813,false,0.912664,38.707287,262174,5298,2795098,0
1742763157,bronze-class-deploy-1-7bfd84fb59-wsvjc_default,bronze-controller-1,0.500000,0,average,1742763125,929,9,31905,false,0.376823,-751.170295,1896342,3531,1148816,0
1742763157,bronze-class-deploy-16-74dd4696ff-lfx5h_default,bronze-controller-16,0.500000,0,average,1742763119,6929,9,31908,false,0.398272,-620.407639,1830303,4223,1214237,0
1742763160,silver-class-deploy-25-646545667-2dsjt_default,silver-controller-25,0.900000,0,average,1742763128,829,5,32009,false,0.912751,39.058985,262771,4997,2801262,0
1742763165,silver-class-deploy-9-6bb457cd89-w9lwm_default,silver-controller-9,0.900000,0,average,1742763133,952,7,31889,false,0.912209,37.516725,265806,4446,2808115,0
1742763165,bronze-class-deploy-3-775f4fbdd9-d44tv_default,bronze-controller-3,0.500000,0,average,1742763133,952,4,31896,false,0.388841,-679.540547,1865178,2654,1188383,0
1742763168,silver-class-deploy-4-6bdc57b47d-nc56w_default,silver-controller-4,0.900000,0,average,1742763136,841,3,32010,false,0.912855,39.500659,262951,5381,2810822,0
1742763170,silver-class-deploy-23-5dfcff5b8f-b966d_default,silver-controller-23,0.900000,0,average,1742763138,837,5,32003,false,0.914010,43.033196,259086,5561,2812991,0
1742763174,silver-class-deploy-12-66b6ffdcc7-mgjhx_default,silver-controller-12,0.900000,0,average,1742763142,954,5,31899,false,0.913162,40.548637,263644,4325,2817891,0
1742763174,silver-class-deploy-29-64fbff7759-cx9hb_default,silver-controller-29,0.900000,0,average,1742763142,954,2,31904,false,0.912761,39.243659,263323,5511,2812779,0
1742763177,bronze-class-deploy-21-7b55589449-vklp7_default,bronze-controller-21,0.500000,0,average,1742763146,975,2,30884,false,0.386251,-698.784600,1880616,4289,1186231,0
1742763177,silver-class-deploy-14-79f95c48b7-54qj4_default,silver-controller-14,0.900000,0,average,1742763146,975,8,30882,false,0.914673,45.163125,257579,5542,2820558,0
1742763179,silver-class-deploy-11-76847d46-pjzxv_default,silver-controller-11,0.900000,0,average,1742763147,847,5,32005,false,0.913090,40.431725,264037,4890,2825410,0
1742763182,silver-class-deploy-18-5dd44b47c5-9bmks_default,silver-controller-18,0.900000,0,average,1742763146,975,8,35883,false,0.914430,44.556103,258913,5805,2828883,0
1742763182,silver-class-deploy-10-6866d9b887-ndbv9_default,silver-controller-10,0.900000,0,average,1742763150,850,5,32019,false,0.913315,41.139301,263025,5304,2827119,0
1742763190,bronze-class-deploy-20-5fd9977fb4-t8jqg_default,bronze-controller-20,0.500000,0,average,1742762988,170768,5,32097,false,0.362140,-849.350276,1960083,4528,1115390,0
1742763190,bronze-class-deploy-1-7bfd84fb59-zpqr8_default,bronze-controller-1,0.500000,0,average,1742763157,964,5,32912,false,0.383358,-719.223744,1897306,3536,1181729,0
1742763191,silver-class-deploy-25-646545667-c8hll_default,silver-controller-25,0.900000,0,average,1742763160,1011,2,30261,false,0.913304,41.173068,263783,5000,2831525,0
1742763196,bronze-class-deploy-3-775f4fbdd9-sx9wq_default,bronze-controller-3,0.500000,0,average,1742763165,977,2,30891,false,0.394834,-649.613407,1866155,2656,1219287,0
1742763197,silver-class-deploy-9-6bb457cd89-6nppm_default,silver-controller-9,0.900000,0,average,1742763165,1352,23,30675,false,0.912671,39.346810,267159,4470,2838794,0
1742763199,silver-class-deploy-4-6bdc57b47d-j997j_default,silver-controller-4,0.900000,0,average,1742763168,863,6,30410,false,0.913452,41.759886,263815,5388,2841234,0
1742763205,silver-class-deploy-29-64fbff7759-lc4zt_default,silver-controller-29,0.900000,0,average,1742763174,980,5,30272,false,0.913321,41.385035,264304,5517,2843061,0
1742763205,silver-class-deploy-12-66b6ffdcc7-6kxgh_default,silver-controller-12,0.900000,0,average,1742763174,980,2,30316,false,0.913719,42.696990,264625,4327,2848216,0
1742763206,silver-class-deploy-23-5dfcff5b8f-mgk9r_default,silver-controller-23,0.900000,0,average,1742763170,859,3,35716,false,0.914743,45.829842,259945,5564,2848710,0
1742763210,silver-class-deploy-11-76847d46-nx5z5_default,silver-controller-11,0.900000,0,average,1742763179,969,2,30116,false,0.913644,42.569700,265007,4892,2855530,0
1742763210,bronze-class-deploy-21-7b55589449-bmdxq_default,bronze-controller-21,0.500000,0,average,1742763177,985,6,32106,false,0.392479,-667.654191,1881601,4296,1218350,0
1742763210,bronze-class-deploy-16-74dd4696ff-q2fvx_default,bronze-controller-16,0.500000,0,average,1742763157,22969,5,30128,false,0.401171,-613.226107,1853273,4229,1244391,0
1742763215,silver-class-deploy-18-5dd44b47c5-lc2tx_default,silver-controller-18,0.900000,0,average,1742763182,987,2,32100,false,0.915019,46.876851,259900,5807,2860983,0
1742763215,silver-class-deploy-10-6866d9b887-k5cpx_default,silver-controller-10,0.900000,0,average,1742763182,986,5,32103,false,0.913915,43.457779,264012,5310,2859228,0
1742763221,bronze-class-deploy-20-5fd9977fb4-v8jxh_default,bronze-controller-20,0.500000,0,average,1742763190,994,2,30100,false,0.368197,-820.232323,1961077,4531,1145503,0
1742763221,silver-class-deploy-14-79f95c48b7-7lq2n_default,silver-controller-14,0.900000,0,average,1742763177,985,2,43114,false,0.915560,48.587428,258564,5545,2863682,0
1742763231,silver-class-deploy-9-6bb457cd89-lxntt_default,silver-controller-9,0.900000,0,average,1742763197,3859,21,30221,false,0.912384,38.876797,271019,4491,2869019,0
1742763231,bronze-class-deploy-28-946b5bff6-6r8kh_default,bronze-controller-28,0.500000,0,average,1742762935,264780,23,31303,false,0.399385,-628.029520,1870559,3659,1246280,0
1742763231,silver-class-deploy-4-6bdc57b47d-csmfq_default,silver-controller-4,0.900000,0,average,1742763199,1859,43,30504,false,0.913739,43.099780,265674,5431,2871758,0
1742763232,silver-class-deploy-25-646545667-zslqp_default,silver-controller-25,0.900000,0,average,1742763191,318,40,41508,false,0.914345,45.001286,264102,5041,2873034,0
1742763232,bronze-class-deploy-26-7f9d9f4558-cs2gd_default,bronze-controller-26,0.500000,0,average,1742762980,219699,121,33146,false,0.365610,-837.976841,1972948,4547,1139665,0
1742763237,silver-class-deploy-29-64fbff7759-c7qj8_default,silver-controller-29,0.900000,0,average,1742763205,1759,21,31126,false,0.913661,42.895623,266064,5538,2874187,0
1742763237,silver-class-deploy-23-5dfcff5b8f-6hmnf_default,silver-controller-23,0.900000,0,average,1742763206,760,43,31144,false,0.915354,48.223779,260705,5607,2879874,0
1742763239,silver-class-deploy-12-66b6ffdcc7-4d49h_default,silver-controller-12,0.900000,0,average,1742763205,1760,63,32403,false,0.914078,44.298078,266385,4391,2880640,0
1742763240,bronze-class-deploy-21-7b55589449-l826k_default,bronze-controller-21,0.500000,0,average,1742763210,221,4,30280,false,0.398321,-637.584516,1881823,4300,1248644,0
1742763243,silver-class-deploy-11-76847d46-4mfwl_default,silver-controller-11,0.900000,0,average,1742763210,222,7,33259,false,0.914487,45.692144,265229,4900,2888811,0
1742763243,bronze-class-deploy-16-74dd4696ff-gvvth_default,bronze-controller-16,0.500000,0,average,1742763210,222,7,33266,false,0.407497,-580.177665,1853495,4237,1277666,0
1742763246,silver-class-deploy-18-5dd44b47c5-r5ml5_default,silver-controller-18,0.900000,0,average,1742763215,209,4,30793,false,0.915787,49.766516,260110,5812,2891796,0
1742763246,silver-class-deploy-10-6866d9b887-8twzj_default,silver-controller-10,0.900000,0,average,1742763215,209,5,30831,false,0.914693,46.349308,264221,5316,2890072,0
1742763254,bronze-class-deploy-20-5fd9977fb4-f965k_default,bronze-controller-20,0.500000,0,average,1742763221,215,4,33284,false,0.374860,-787.157424,1961293,4536,1178795,0
1742763254,silver-class-deploy-14-79f95c48b7-8cfzf_default,silver-controller-14,0.900000,0,average,1742763221,215,7,33284,false,0.916385,51.716405,258780,5553,2896971,0
1742763262,silver-class-deploy-9-6bb457cd89-72dch_default,silver-controller-9,0.900000,0,average,1742763231,549,41,30914,false,0.913067,41.436859,271569,4533,2899938,0
1742763262,silver-class-deploy-4-6bdc57b47d-2v25v_default,silver-controller-4,0.900000,0,average,1742763231,549,60,30898,false,0.914403,45.642140,266224,5492,2902677,0
1742763265,bronze-class-deploy-26-7f9d9f4558-4d5l8_default,bronze-controller-26,0.500000,0,average,1742763232,1487,122,31897,false,0.371846,-807.688072,1974435,4670,1171563,0
1742763265,bronze-class-deploy-15-6fb6d4fc68-flkf6_default,bronze-controller-15,0.500000,0,average,1742762999,234407,104,31997,false,0.360139,-882.647749,2014154,4627,1136249,0
1742763267,silver-class-deploy-25-646545667-26b6p_default,silver-controller-25,0.900000,0,average,1742763232,3633,38,31825,false,0.914147,44.881501,267735,5080,2904879,0
1742763271,bronze-class-deploy-21-7b55589449-7c9s8_default,bronze-controller-21,0.500000,0,average,1742763240,927,63,30558,false,0.404007,-607.995650,1882751,4363,1279223,0
1742763271,silver-class-deploy-12-66b6ffdcc7-rwb9s_default,silver-controller-12,0.900000,0,average,1742763239,1967,63,30537,false,0.914319,45.525030,268353,4455,2911197,0
1742763272,silver-class-deploy-23-5dfcff5b8f-5qbw5_default,silver-controller-23,0.900000,0,average,1742763237,3968,82,31838,false,0.915035,47.761604,264673,5690,2911713,0
1742763274,silver-class-deploy-29-64fbff7759-hvqwn_default,silver-controller-29,0.900000,0,average,1742763237,3967,42,33517,false,0.913419,42.638335,270032,5581,2907705,0
1742763274,bronze-class-deploy-28-946b5bff6-5fkzh_default,bronze-controller-28,0.500000,0,average,1742763231,12707,23,30878,false,0.403641,-609.870998,1883266,3683,1277168,0
1742763275,silver-class-deploy-11-76847d46-gnmpq_default,silver-controller-11,0.900000,0,average,1742763243,1752,38,31038,false,0.914806,47.185137,266982,4938,2919850,0
1742763278,silver-class-deploy-18-5dd44b47c5-jvx69_default,silver-controller-18,0.900000,0,average,1742763245,2167,43,31257,false,0.915977,50.904538,262277,5856,2923073,0
1742763278,silver-class-deploy-10-6866d9b887-gcxqb_default,silver-controller-10,0.900000,0,average,1742763245,2167,21,31379,false,0.914904,47.517572,266389,5338,2921452,0
1742763279,bronze-class-deploy-1-7bfd84fb59-x5vwb_default,bronze-controller-1,0.500000,0,average,1742763190,88828,63,1056,false,0.372824,-807.046461,1986135,3599,1182797,0
1742763285,silver-class-deploy-14-79f95c48b7-744vv_default,silver-controller-14,0.900000,0,average,1742763254,862,23,30423,false,0.916927,53.963231,259643,5576,2927404,0
1742763285,bronze-class-deploy-20-5fd9977fb4-s2s4n_default,bronze-controller-20,0.500000,0,average,1742763254,619,2,30695,false,0.380829,-757.077856,1961913,4539,1209494,0
1742763293,silver-class-deploy-9-6bb457cd89-pjr7n_default,silver-controller-9,0.900000,0,average,1742763262,768,23,30682,false,0.913674,43.794305,272338,4556,2930632,0
1742763293,silver-class-deploy-4-6bdc57b47d-hnnvq_default,silver-controller-4,0.900000,0,average,1742763262,768,42,30667,false,0.914991,47.979643,266993,5535,2933352,0
1742763296,bronze-class-deploy-8-6fff566748-xpd8g_default,bronze-controller-8,0.500000,0,average,1742762951,344897,23,976,false,0.369483,-833.255315,2008823,3630,1179299,0
1742763302,silver-class-deploy-25-646545667-nljxd_default,silver-controller-25,0.900000,0,average,1742763267,1449,22,33824,false,0.914632,46.940134,269184,5103,2938707,0
1742763302,bronze-class-deploy-15-6fb6d4fc68-lw2ps_default,bronze-controller-15,0.500000,0,average,1742763265,623,3,36708,false,0.367429,-846.545427,2014778,4630,1172976,0
1742763304,silver-class-deploy-23-5dfcff5b8f-r7gpc_default,silver-controller-23,0.900000,0,average,1742763272,1168,61,31645,false,0.915522,49.821286,265842,5752,2943379,0
1742763304,bronze-class-deploy-21-7b55589449-p5r6z_default,bronze-controller-21,0.500000,0,average,1742763271,2168,20,31727,false,0.409639,-578.455341,1884919,4384,1310950,0
1742763306,silver-class-deploy-12-66b6ffdcc7-wtdv4_default,silver-controller-12,0.900000,0,average,1742763271,2168,42,33005,false,0.914570,46.839447,270522,4498,2944242,0
1742763307,silver-class-deploy-29-64fbff7759-zrwsd_default,silver-controller-29,0.900000,0,average,1742763274,3113,38,30444,false,0.913344,42.848737,273145,5619,2938170,0
1742763309,bronze-class-deploy-21-7b55589449-b889f_default,bronze-controller-21,0.500000,0,average,1742763304,4056,103,1036,false,0.409299,-581.578105,1888975,4488,1311987,0
1742763310,silver-class-deploy-11-76847d46-tgclx_default,silver-controller-11,0.900000,0,average,1742763275,2113,58,33384,false,0.915072,48.572851,269095,4996,2953274,0
1742763310,silver-class-deploy-10-6866d9b887-wq59p_default,silver-controller-10,0.900000,0,average,1742763278,868,63,31663,false,0.915477,49.855014,267257,5401,2953216,0
1742763310,bronze-class-deploy-28-946b5bff6-xjrj6_default,bronze-controller-28,0.500000,0,average,1742763274,4868,41,31766,false,0.408941,-583.014009,1888135,3724,1308934,0
1742763314,bronze-class-deploy-6-c8cc7f9db-gznqc_default,bronze-controller-6,0.500000,0,average,1742762960,353776,63,977,false,0.365561,-862.851564,2031255,4453,1172968,0
1742763320,silver-class-deploy-18-5dd44b47c5-8m6g8_default,silver-controller-18,0.900000,0,average,1742763278,6033,38,36784,false,0.915214,49.121426,268310,5894,2959878,0
1742763320,silver-class-deploy-14-79f95c48b7-5x89b_default,silver-controller-14,0.900000,0,average,1742763285,3613,36,32307,false,0.916723,53.912344,263256,5612,2959733,0
1742763322,bronze-class-deploy-1-7bfd84fb59-plf2q_default,bronze-controller-1,0.500000,0,average,1742763279,42496,163,975,false,0.368074,-848.711862,2028632,3763,1183794,0
1742763327,bronze-class-deploy-6-c8cc7f9db-j7dvm_default,bronze-controller-6,0.500000,0,average,1742763314,7416,123,5616,false,0.365816,-864.755589,2038671,4577,1178604,0
1742763328,bronze-class-deploy-26-7f9d9f4558-7dxjl_default,bronze-controller-26,0.500000,0,average,1742763265,22568,22,40784,false,0.377204,-789.488651,1997003,4693,1212350,0
1742763329,silver-class-deploy-9-6bb457cd89-vhnhw_default,silver-controller-9,0.900000,0,average,1742763293,2897,44,34035,false,0.913751,44.552021,275235,4600,2964678,0
1742763331,silver-class-deploy-4-6bdc57b47d-zr4ck_default,silver-controller-4,0.900000,0,average,1742763293,8062,35,30379,false,0.913503,43.730917,275055,5571,2963737,0
1742763334,silver-class-deploy-25-646545667-djjbh_default,silver-controller-25,0.900000,0,average,1742763302,1616,22,30537,false,0.914973,48.519087,270800,5125,2969244,0
1742763337,bronze-class-deploy-1-7bfd84fb59-2kn7d_default,bronze-controller-1,0.500000,0,average,1742763322,9836,203,5538,false,0.368017,-853.196256,2038468,3966,1189352,0
1742763339,bronze-class-deploy-32-7bb47fdcc7-4x7m6_default,bronze-controller-32,0.500000,0,average,1742763035,241108,83,62905,false,0.369043,-844.385716,2029372,4453,1189574,0
1742763339,silver-class-deploy-29-64fbff7759-wkrmg_default,silver-controller-29,0.900000,0,average,1742763307,1117,63,30976,false,0.913839,44.885590,274263,5683,2969166,0
1742763339,bronze-class-deploy-16-74dd4696ff-lt4tv_default,bronze-controller-16,0.500000,0,average,1742763243,64976,122,31197,false,0.405011,-614.065946,1918472,4359,1308877,0
1742763339,bronze-class-deploy-15-6fb6d4fc68-cjwp5_default,bronze-controller-15,0.500000,0,average,1742763302,596,24,36815,false,0.374573,-810.327611,2015374,4654,1209812,0
1742763341,silver-class-deploy-12-66b6ffdcc7-8kh2g_default,silver-controller-12,0.900000,0,average,1742763306,2118,84,33573,false,0.914833,48.215825,272640,4583,2977836,0
1742763343,bronze-class-deploy-3-775f4fbdd9-twbbt_default,bronze-controller-3,0.500000,0,average,1742763196,115216,142,32356,false,0.386810,-732.615986,1981372,2799,1251646,0
1742763345,silver-class-deploy-23-5dfcff5b8f-wl6bh_default,silver-controller-23,0.900000,0,average,1742763304,9816,43,31616,false,0.913570,44.109099,275659,5796,2974996,0
1742763350,bronze-class-deploy-3-775f4fbdd9-qzmsb_default,bronze-controller-3,0.500000,0,average,1742763343,1156,103,5816,false,0.387763,-728.039869,1982528,2903,1257482,0
1742763352,bronze-class-deploy-31-77756c9778-ltm4p_default,bronze-controller-31,0.500000,0,average,1742762976,366156,124,9776,false,0.368069,-855.477202,2044140,4410,1193181,0
1742763353,silver-class-deploy-11-76847d46-w6jp8_default,silver-controller-11,0.900000,0,average,1742763310,11636,123,31736,false,0.912606,41.161973,280731,5120,2985011,0
1742763353,bronze-class-deploy-8-6fff566748-29r82_default,bronze-controller-8,0.500000,0,average,1742763296,16516,121,40898,false,0.375528,-808.995600,2025340,3752,1220197,0
1742763356,bronze-class-deploy-31-77756c9778-frlth_default,bronze-controller-31,0.500000,0,average,1742763351,4897,102,776,false,0.367657,-859.680344,2049037,4513,1193978,0
1742763358,silver-class-deploy-10-6866d9b887-745qh_default,silver-controller-10,0.900000,0,average,1742763310,16236,22,31977,false,0.911756,38.419441,283494,5424,2985193,0
1742763361,bronze-class-deploy-31-77756c9778-jwmrc_default,bronze-controller-31,0.500000,0,average,1742763356,4936,100,779,false,0.367243,-863.918386,2053974,4614,1194777,0
1742763363,bronze-class-deploy-6-c8cc7f9db-s589s_default,bronze-controller-6,0.500000,0,average,1742763327,1736,102,34276,false,0.372281,-832.318184,2040408,4679,1212881,0
1742763364,bronze-class-deploy-6-c8cc7f9db-xtxkc_default,bronze-controller-6,0.500000,0,average,1742763363,396,62,896,false,0.372405,-831.860348,2040805,4742,1213798,0
1742763365,bronze-class-deploy-8-6fff566748-m2dgk_default,bronze-controller-8,0.500000,0,average,1742763353,1156,180,11199,false,0.377518,-799.135551,2026496,3932,1231397,0
1742763367,silver-class-deploy-9-6bb457cd89-j54xv_default,silver-controller-9,0.900000,0,average,1742763329,7516,122,30637,false,0.912430,40.742223,282751,4722,2995336,0
1742763368,silver-class-deploy-18-5dd44b47c5-29fsr_default,silver-controller-18,0.900000,0,average,1742763320,16436,103,32016,false,0.911430,37.438911,284747,5997,2991915,0
1742763369,silver-class-deploy-4-6bdc57b47d-r2w2r_default,silver-controller-4,0.900000,0,average,1742763331,5597,63,33236,false,0.912804,41.961879,280653,5634,2996993,0
1742763372,bronze-class-deploy-32-7bb47fdcc7-qxd4m_default,bronze-controller-32,0.500000,0,average,1742763338,2136,101,31779,false,0.374946,-814.843154,2031508,4554,1221354,0
1742763374,bronze-class-deploy-26-7f9d9f4558-l45ck_default,bronze-controller-26,0.500000,0,average,1742763328,12356,162,33536,false,0.382166,-768.451923,2009360,4855,1245907,0
1742763378,bronze-class-deploy-8-6fff566748-5vs7t_default,bronze-controller-8,0.500000,0,average,1742763365,12736,62,837,false,0.376205,-811.077117,2039233,3995,1232254,0
1742763379,bronze-class-deploy-15-6fb6d4fc68-pvxp9_default,bronze-controller-15,0.500000,0,average,1742763339,1217,163,39596,false,0.382006,-772.012646,2016591,4818,1249508,0
1742763381,silver-class-deploy-29-64fbff7759-2zzb7_default,silver-controller-29,0.900000,0,average,1742763338,11156,63,32576,false,0.911578,38.047013,285420,5747,3001763,0
1742763383,silver-class-deploy-14-79f95c48b7-6tg7v_default,silver-controller-14,0.900000,0,average,1742763320,27896,143,35256,false,0.909807,32.202984,291152,5756,2995009,0
1742763385,bronze-class-deploy-3-775f4fbdd9-rbt7h_default,bronze-controller-3,0.500000,0,average,1742763349,5457,102,31436,false,0.392974,-702.163419,1987985,3006,1288919,0
1742763391,bronze-class-deploy-8-6fff566748-g8v7h_default,bronze-controller-8,0.500000,0,average,1742763378,4056,103,9636,false,0.377561,-805.581466,2043289,4099,1241910,0
1742763393,silver-class-deploy-25-646545667-b8pvj_default,silver-controller-25,0.900000,0,average,1742763334,25596,141,33538,false,0.908711,28.711827,296397,5267,3002823,0
1742763393,bronze-class-deploy-20-5fd9977fb4-zjzcg_default,bronze-controller-20,0.500000,0,average,1742763285,69535,164,38675,false,0.380041,-788.089835,2031449,4703,1248183,0
1742763394,silver-class-deploy-12-66b6ffdcc7-lhkcg_default,silver-controller-12,0.900000,0,average,1742763341,22436,42,31457,false,0.909428,31.132263,295077,4625,3009313,0
1742763397,bronze-class-deploy-1-7bfd84fb59-ngdxw_default,bronze-controller-1,0.500000,0,average,1742763337,5236,201,55078,false,0.377985,-803.539771,2043704,4168,1244449,0
1742763401,silver-class-deploy-11-76847d46-5txwk_default,silver-controller-11,0.900000,0,average,1742763353,17516,181,30978,false,0.908557,28.330456,298248,5301,3015990,0
1742763404,bronze-class-deploy-32-7bb47fdcc7-4qt68_default,bronze-controller-32,0.500000,0,average,1742763371,1756,163,31236,false,0.380664,-785.508571,2033265,4718,1252609,0
1742763407,bronze-class-deploy-6-c8cc7f9db-xwbxm_default,bronze-controller-6,0.500000,0,average,1742763364,11396,143,32415,false,0.377267,-810.966078,2052201,4886,1246233,0
1742763409,silver-class-deploy-10-6866d9b887-2hk6j_default,silver-controller-10,0.900000,0,average,1742763358,14596,180,36780,false,0.908681,28.798214,298091,5605,3021993,0
1742763411,silver-class-deploy-18-5dd44b47c5-7trkf_default,silver-controller-18,0.900000,0,average,1742763368,12436,145,31354,false,0.908818,29.251704,297183,6143,3023290,0
1742763418,bronze-class-deploy-31-77756c9778-b27n9_default,bronze-controller-31,0.500000,0,average,1742763361,5016,161,52500,false,0.376706,-816.576440,2058990,4775,1247298,0
1742763418,silver-class-deploy-4-6bdc57b47d-9tpsx_default,silver-controller-4,0.900000,0,average,1742763369,17376,104,32235,false,0.908861,29.454394,298029,5739,3029248,0
1742763420,silver-class-deploy-9-6bb457cd89-wpbgb_default,silver-controller-9,0.900000,0,average,1742763367,17716,140,35538,false,0.908480,28.224971,300468,4863,3030894,0
1742763420,silver-class-deploy-14-79f95c48b7-z9rdn_default,silver-controller-14,0.900000,0,average,1742763383,6836,24,30575,false,0.908760,29.086978,297988,5780,3025585,0
1742763429,bronze-class-deploy-1-7bfd84fb59-5tvrc_default,bronze-controller-1,0.500000,0,average,1742763397,916,143,31086,false,0.383685,-773.493627,2044621,4312,1275556,0
1742763429,bronze-class-deploy-26-7f9d9f4558-jdt5m_default,bronze-controller-26,0.500000,0,average,1742763373,20757,102,35289,false,0.386336,-754.020790,2030117,4958,1281197,0
1742763429,silver-class-deploy-25-646545667-frrg5_default,silver-controller-25,0.900000,0,average,1742763393,3256,141,33369,false,0.908699,28.991245,299653,5409,3036212,0
1742763430,silver-class-deploy-12-66b6ffdcc7-682qc_default,silver-controller-12,0.900000,0,average,1742763394,6396,61,30430,false,0.908497,28.365205,301474,4687,3039763,0
1742763433,silver-class-deploy-23-5dfcff5b8f-wx46h_default,silver-controller-23,0.900000,0,average,1742763345,25676,203,62368,false,0.908113,27.052058,301335,5999,3037364,0
1742763438,silver-class-deploy-11-76847d46-gfdb5_default,silver-controller-11,0.900000,0,average,1742763401,3396,142,34028,false,0.908526,28.548765,301645,5444,3050038,0
1742763443,silver-class-deploy-10-6866d9b887-8kxrj_default,silver-controller-10,0.900000,0,average,1742763409,4396,121,30082,false,0.908277,27.739681,302488,5726,3052075,0
1742763446,silver-class-deploy-18-5dd44b47c5-pwlcp_default,silver-controller-18,0.900000,0,average,1742763411,4576,23,31007,false,0.908416,28.215333,301760,6166,3054317,0
1742763446,silver-class-deploy-29-64fbff7759-blnds_default,silver-controller-29,0.900000,0,average,1742763381,17037,162,48411,false,0.908184,27.406849,302457,5910,3050174,0
1742763449,bronze-class-deploy-20-5fd9977fb4-l5dhp_default,bronze-controller-20,0.500000,0,average,1742763393,26056,42,30526,false,0.382741,-783.640992,2057506,4746,1278730,0
1742763449,bronze-class-deploy-6-c8cc7f9db-htq8x_default,bronze-controller-6,0.500000,0,average,1742763407,1276,164,41191,false,0.384774,-771.196223,2053478,5051,1287445,0
1742763449,bronze-class-deploy-31-77756c9778-cx27n_default,bronze-controller-31,0.500000,0,average,1742763418,1056,23,30561,false,0.382283,-787.093208,2060047,4798,1277859,0
1742763450,silver-class-deploy-4-6bdc57b47d-8zcvl_default,silver-controller-4,0.900000,0,average,1742763418,1056,61,31255,false,0.909406,31.575454,299086,5800,3060524,0
1742763451,silver-class-deploy-9-6bb457cd89-rtth5_default,silver-controller-9,0.900000,0,average,1742763420,561,57,31014,false,0.909156,30.771103,301029,4921,3061930,0
1742763451,silver-class-deploy-14-79f95c48b7-k92br_default,silver-controller-14,0.900000,0,average,1742763420,561,37,31074,false,0.909442,31.657424,298550,5818,3056680,0
1742763461,bronze-class-deploy-32-7bb47fdcc7-nhjqs_default,bronze-controller-32,0.500000,0,average,1742763404,25270,4,32697,false,0.383842,-778.063035,2058536,4723,1285327,0
1742763462,silver-class-deploy-12-66b6ffdcc7-q8nsz_default,silver-controller-12,0.900000,0,average,1742763430,1052,58,31037,false,0.909040,30.471527,302526,4745,3070823,0
1742763463,silver-class-deploy-25-646545667-sq647_default,silver-controller-25,0.900000,0,average,1742763429,2052,37,32888,false,0.909025,30.399726,301706,5446,3069101,0
1742763463,silver-class-deploy-23-5dfcff5b8f-s8dnq_default,silver-controller-23,0.900000,0,average,1742763433,268,43,30674,false,0.908864,29.841273,301604,6043,3068058,0
1742763474,silver-class-deploy-10-6866d9b887-dkhgj_default,silver-controller-10,0.900000,0,average,1742763443,603,5,31377,false,0.908963,30.330210,303092,5731,3083453,0
1742763476,silver-class-deploy-29-64fbff7759-tklx4_default,silver-controller-29,0.900000,0,average,1742763446,726,2,30262,false,0.908809,29.778425,303183,5912,3080439,0
1742763476,silver-class-deploy-18-5dd44b47c5-vx6xz_default,silver-controller-18,0.900000,0,average,1742763446,726,5,30261,false,0.909037,30.583709,302486,6172,3084578,0
1742763480,bronze-class-deploy-20-5fd9977fb4-72g7f_default,bronze-controller-20,0.500000,0,average,1742763449,753,8,30251,false,0.388196,-754.127416,2058259,4754,1309003,0
1742763480,bronze-class-deploy-8-6fff566748-htjqd_default,bronze-controller-8,0.500000,0,average,1742763391,48788,64,40170,false,0.379506,-814.243005,2092078,4163,1282100,0
1742763480,bronze-class-deploy-31-77756c9778-n7bjj_default,bronze-controller-31,0.500000,0,average,1742763449,753,5,30269,false,0.387741,-757.571740,2060801,4803,1308137,0
1742763480,silver-class-deploy-11-76847d46-xd69g_default,silver-controller-11,0.900000,0,average,1742763438,1828,40,40928,false,0.909128,30.959952,303473,5485,3090967,0
1742763482,silver-class-deploy-4-6bdc57b47d-gxlh4_default,silver-controller-4,0.900000,0,average,1742763450,396,41,32559,false,0.910156,34.437743,299483,5841,3093084,0
1742763486,silver-class-deploy-9-6bb457cd89-d2p6v_default,silver-controller-9,0.900000,0,average,1742763451,3095,20,31887,false,0.909175,31.156086,304124,4942,3093817,0
1742763486,bronze-class-deploy-6-c8cc7f9db-29bz7_default,bronze-controller-6,0.500000,0,average,1742763449,4074,61,32875,false,0.390285,-742.440016,2057552,5112,1320336,0
1742763486,silver-class-deploy-14-79f95c48b7-2q74c_default,silver-controller-14,0.900000,0,average,1742763451,3095,43,32600,false,0.909471,32.093539,301645,5861,3089281,0
1742763493,silver-class-deploy-12-66b6ffdcc7-4g7x7_default,silver-controller-12,0.900000,0,average,1742763462,168,18,30971,false,0.909817,33.402301,302695,4763,3101800,0
1742763495,silver-class-deploy-23-5dfcff5b8f-8qdpl_default,silver-controller-23,0.900000,0,average,1742763463,1132,8,30977,false,0.909389,31.913963,302736,6051,3099044,0
1742763495,bronze-class-deploy-32-7bb47fdcc7-jhb5h_default,bronze-controller-32,0.500000,0,average,1742763461,3132,4,31003,false,0.389133,-750.191641,2061668,4728,1316333,0
1742763495,silver-class-deploy-25-646545667-z9qmc_default,silver-controller-25,0.900000,0,average,1742763463,1133,7,31716,false,0.909568,32.545425,302839,5454,3100818,0
1742763509,silver-class-deploy-29-64fbff7759-c4nrg_default,silver-controller-29,0.900000,0,average,1742763476,1116,4,32542,false,0.909378,32.024961,304299,5917,3112983,0
1742763510,silver-class-deploy-18-5dd44b47c5-bmrqm_default,silver-controller-18,0.900000,0,average,1742763476,1116,7,32879,false,0.909612,32.862250,303602,6180,3117472,0
1742763511,bronze-class-deploy-31-77756c9778-5p8xn_default,bronze-controller-31,0.500000,0,average,1742763480,142,5,31275,false,0.393349,-726.431604,2060944,4809,1339424,0
1742763513,silver-class-deploy-11-76847d46-2fgtn_default,silver-controller-11,0.900000,0,average,1742763480,842,36,32124,false,0.909746,33.383449,304315,5522,3123112,0
1742763514,bronze-class-deploy-8-6fff566748-6pd57_default,bronze-controller-8,0.500000,0,average,1742763480,142,3,34158,false,0.385703,-780.210866,2092220,4166,1316275,0
1742763516,silver-class-deploy-4-6bdc57b47d-vhhkz_default,silver-controller-4,0.900000,0,average,1742763482,998,43,33222,false,0.910750,36.824862,300481,5885,3126327,0
1742763517,bronze-class-deploy-8-6fff566748-w25jd_default,bronze-controller-8,0.500000,0,average,1742763514,884,162,2376,false,0.386016,-778.863542,2093105,4329,1318672,0
1742763518,silver-class-deploy-14-79f95c48b7-s8h4f_default,silver-controller-14,0.900000,0,average,1742763486,862,58,31823,false,0.910067,34.448733,302508,5920,3121124,0
1742763518,bronze-class-deploy-20-5fd9977fb4-2w7k6_default,bronze-controller-20,0.500000,0,average,1742763479,7140,5,32638,false,0.393239,-728.611736,2065400,4760,1341662,0
1742763518,silver-class-deploy-9-6bb457cd89-zbgpp_default,silver-controller-9,0.900000,0,average,1742763485,1862,38,31943,false,0.909516,32.640749,305987,4980,3125769,0
1742763521,silver-class-deploy-10-6866d9b887-vxtkl_default,silver-controller-10,0.900000,0,average,1742763474,990,5,46189,false,0.909922,34.053894,304083,5736,3129644,0
1742763524,bronze-class-deploy-6-c8cc7f9db-r48br_default,bronze-controller-6,0.500000,0,average,1742763486,7302,38,31342,false,0.395034,-718.433068,2064854,5151,1351682,0
1742763527,silver-class-deploy-25-646545667-jmpq8_default,silver-controller-25,0.900000,0,average,1742763495,1026,13,31124,false,0.910111,34.724260,303866,5467,3131962,0
1742763528,silver-class-deploy-23-5dfcff5b8f-6d78d_default,silver-controller-23,0.900000,0,average,1742763495,1026,4,32412,false,0.909969,34.227784,303763,6056,3131457,0
1742763529,bronze-class-deploy-8-6fff566748-kk6b7_default,bronze-controller-8,0.500000,0,average,1742763517,8825,63,3996,false,0.385742,-783.695860,2101931,4393,1322728,0
1742763536,bronze-class-deploy-15-6fb6d4fc68-8lpz5_default,bronze-controller-15,0.500000,0,average,1742763379,146684,163,10496,false,0.367535,-908.365377,2163276,4981,1260005,0
1742763538,bronze-class-deploy-3-775f4fbdd9-svzhg_default,bronze-controller-3,0.500000,0,average,1742763385,121049,5,32008,false,0.384777,-791.207416,2109035,3011,1320928,0
1742763539,silver-class-deploy-12-66b6ffdcc7-cmjjw_default,silver-controller-12,0.900000,0,average,1742763493,302,60,46281,false,0.910930,37.706439,302997,4823,3148103,0
1742763545,bronze-class-deploy-28-946b5bff6-2q8kn_default,bronze-controller-28,0.500000,0,average,1742763310,201744,103,33555,false,0.390691,-751.306815,2089879,3828,1342490,0
1742763545,bronze-class-deploy-1-7bfd84fb59-shf78_default,bronze-controller-1,0.500000,0,average,1742763429,85804,102,30598,false,0.379588,-828.791831,2130425,4414,1306164,0
1742763547,silver-class-deploy-11-76847d46-t9mxs_default,silver-controller-11,0.900000,0,average,1742763512,4424,42,30537,false,0.909369,32.419117,308740,5564,3153670,0
1742763548,silver-class-deploy-18-5dd44b47c5-cprff_default,silver-controller-18,0.900000,0,average,1742763509,7424,21,31839,false,0.908489,29.348242,311026,6201,3149332,0
1742763549,silver-class-deploy-29-64fbff7759-8jjjr_default,silver-controller-29,0.900000,0,average,1742763509,6024,121,34598,false,0.908670,29.952789,310323,6039,3147582,0
1742763551,bronze-class-deploy-32-7bb47fdcc7-9hxlx_default,bronze-controller-32,0.500000,0,average,1742763495,24604,142,31316,false,0.391897,-743.616198,2086273,4871,1347656,0
1742763552,bronze-class-deploy-31-77756c9778-56pkt_default,bronze-controller-31,0.500000,0,average,1742763511,8724,164,32655,false,0.398086,-702.645918,2069668,4974,1372100,0
1742763556,silver-class-deploy-9-6bb457cd89-lt87b_default,silver-controller-9,0.900000,0,average,1742763518,7524,203,31216,false,0.908308,28.811616,313512,5183,3157045,0
1742763559,silver-class-deploy-4-6bdc57b47d-59n79_default,silver-controller-4,0.900000,0,average,1742763516,12744,104,30475,false,0.908167,28.310639,313225,5989,3156823,0
1742763560,silver-class-deploy-10-6866d9b887-bdxrz_default,silver-controller-10,0.900000,0,average,1742763521,7805,62,31956,false,0.908692,30.170672,311888,5799,3161621,0
1742763560,silver-class-deploy-14-79f95c48b7-m5b2h_default,silver-controller-14,0.900000,0,average,1742763518,10663,123,32077,false,0.908072,27.949554,313172,6043,3153221,0
1742763563,bronze-class-deploy-6-c8cc7f9db-5zsmb_default,bronze-controller-6,0.500000,0,average,1742763524,37244,123,2096,false,0.391139,-753.683956,2102099,5274,1353799,0
1742763570,silver-class-deploy-25-646545667-sr9md_default,silver-controller-25,0.900000,0,average,1742763527,8387,40,34856,false,0.908809,30.625519,312253,5508,3166818,0
1742763570,silver-class-deploy-23-5dfcff5b8f-lkj6k_default,silver-controller-23,0.900000,0,average,1742763528,10364,163,31796,false,0.908042,27.933054,314128,6219,3163273,0
1742763574,silver-class-deploy-12-66b6ffdcc7-dlzx5_default,silver-controller-12,0.900000,0,average,1742763539,5147,39,30737,false,0.910360,36.111972,308144,4863,3178840,0
1742763576,bronze-class-deploy-1-7bfd84fb59-572hd_default,bronze-controller-1,0.500000,0,average,1742763545,804,60,31119,false,0.385053,-798.536122,2131230,4474,1337283,0
1742763579,bronze-class-deploy-3-775f4fbdd9-mfn7f_default,bronze-controller-3,0.500000,0,average,1742763537,11544,63,31093,false,0.388995,-771.720965,2120580,3074,1352022,0
1742763579,bronze-class-deploy-15-6fb6d4fc68-c7r7r_default,bronze-controller-15,0.500000,0,average,1742763536,4983,102,38628,false,0.374036,-874.803064,2168260,5083,1298653,0
1742763583,silver-class-deploy-11-76847d46-xhfwn_default,silver-controller-11,0.900000,0,average,1742763546,7304,162,30232,false,0.908214,28.722895,316044,5727,3183924,0
1742763584,silver-class-deploy-18-5dd44b47c5-j8s5z_default,silver-controller-18,0.900000,0,average,1742763548,5184,140,31581,false,0.907934,27.715217,316210,6342,3180935,0
1742763586,silver-class-deploy-29-64fbff7759-77dv5_default,silver-controller-29,0.900000,0,average,1742763549,4585,163,32716,false,0.908291,28.951914,314909,6202,3180318,0
1742763586,bronze-class-deploy-8-6fff566748-n8w59_default,bronze-controller-8,0.500000,0,average,1742763529,24444,161,32958,false,0.388829,-775.325778,2126375,4554,1355705,0
1742763590,silver-class-deploy-9-6bb457cd89-d6fkk_default,silver-controller-9,0.900000,0,average,1742763556,3564,83,31316,false,0.908183,28.662044,317076,5267,3188381,0
1742763591,bronze-class-deploy-32-7bb47fdcc7-48dqb_default,bronze-controller-32,0.500000,0,average,1742763550,7104,23,33876,false,0.397018,-716.843788,2093378,4894,1381554,0
1742763592,silver-class-deploy-4-6bdc57b47d-p5kp2_default,silver-controller-4,0.900000,0,average,1742763559,2323,103,30956,false,0.908350,29.225670,315549,6092,3187821,0
1742763597,silver-class-deploy-10-6866d9b887-hmx2x_default,silver-controller-10,0.900000,0,average,1742763560,5864,84,31795,false,0.907981,27.996781,317752,5883,3193417,0
1742763599,silver-class-deploy-14-79f95c48b7-kd2ck_default,silver-controller-14,0.900000,0,average,1742763560,1384,64,37555,false,0.908680,30.401508,314556,6107,3190777,0
1742763602,silver-class-deploy-25-646545667-jb9b5_default,silver-controller-25,0.900000,0,average,1742763570,2629,39,30296,false,0.908905,31.253942,314882,5547,3197115,0
1742763602,silver-class-deploy-23-5dfcff5b8f-mzrzg_default,silver-controller-23,0.900000,0,average,1742763570,1584,23,31361,false,0.908447,29.624765,315713,6242,3194654,0
1742763609,bronze-class-deploy-15-6fb6d4fc68-p5nsg_default,bronze-controller-15,0.500000,0,average,1742763579,835,4,30132,false,0.379333,-845.501636,2169095,5088,1328793,0
1742763609,bronze-class-deploy-1-7bfd84fb59-fv4qg_default,bronze-controller-1,0.500000,0,average,1742763576,1109,38,32828,false,0.390683,-766.853633,2132339,4513,1370112,0
1742763610,silver-class-deploy-12-66b6ffdcc7-q4gc5_default,silver-controller-12,0.900000,0,average,1742763574,3109,58,33186,false,0.910387,36.581493,311254,4921,3212046,0
1742763617,bronze-class-deploy-8-6fff566748-qq7wl_default,bronze-controller-8,0.500000,0,average,1742763586,674,33,31263,false,0.394181,-744.768814,2127050,4587,1386968,0
1742763618,silver-class-deploy-29-64fbff7759-zq9ck_default,silver-controller-29,0.900000,0,average,1742763586,674,53,31423,false,0.908920,31.441394,315583,6255,3211761,0
1742763619,silver-class-deploy-11-76847d46-r98t6_default,silver-controller-11,0.900000,0,average,1742763583,2164,60,34353,false,0.908534,30.156017,318209,5788,3218284,0
1742763619,silver-class-deploy-18-5dd44b47c5-nj5k2_default,silver-controller-18,0.900000,0,average,1742763584,1164,23,34430,false,0.908525,30.091569,317375,6365,3215384,0
1742763622,silver-class-deploy-9-6bb457cd89-jdnw6_default,silver-controller-9,0.900000,0,average,1742763590,2506,41,30417,false,0.908318,29.411394,319582,5308,3218799,0
1742763626,silver-class-deploy-4-6bdc57b47d-j8l5v_default,silver-controller-4,0.900000,0,average,1742763592,506,60,33670,false,0.909076,32.084419,316056,6153,3221512,0
1742763626,bronze-class-deploy-26-7f9d9f4558-rrgbg_default,bronze-controller-26,0.500000,0,average,1742763429,162264,23,34989,false,0.374605,-881.307294,2192382,4982,1316195,0
1742763628,bronze-class-deploy-32-7bb47fdcc7-ww259_default,bronze-controller-32,0.500000,0,average,1742763590,7885,20,31075,false,0.401451,-693.671199,2101263,4914,1412630,0
1742763630,silver-class-deploy-10-6866d9b887-7wjh9_default,silver-controller-10,0.900000,0,average,1742763597,2168,38,30837,false,0.908216,29.094120,319920,5922,3224255,0
1742763631,silver-class-deploy-14-79f95c48b7-xzd9v_default,silver-controller-14,0.900000,0,average,1742763598,1168,58,32058,false,0.909192,32.505313,315725,6165,3222855,0
1742763634,silver-class-deploy-25-646545667-cgnkz_default,silver-controller-25,0.900000,0,average,1742763602,1088,6,31350,false,0.909429,33.405248,315971,5554,3228477,0
1742763634,silver-class-deploy-23-5dfcff5b8f-q2wqt_default,silver-controller-23,0.900000,0,average,1742763602,1088,6,31390,false,0.908977,31.779980,316802,6249,3226054,0
1742763641,silver-class-deploy-12-66b6ffdcc7-rhdl6_default,silver-controller-12,0.900000,0,average,1742763610,418,38,30607,false,0.911041,39.233407,311673,4959,3242674,0
1742763641,bronze-class-deploy-15-6fb6d4fc68-b92vt_default,bronze-controller-15,0.500000,0,average,1742763609,1090,5,30976,false,0.384655,-815.613842,2170186,5094,1359775,0
1742763651,bronze-class-deploy-8-6fff566748-zh856_default,bronze-controller-8,0.500000,0,average,1742763617,1323,58,32683,false,0.399602,-713.463297,2128373,4645,1419654,0
1742763651,silver-class-deploy-18-5dd44b47c5-hdj52_default,silver-controller-18,0.900000,0,average,1742763619,823,36,31336,false,0.909109,32.453916,318199,6402,3246741,0
1742763652,silver-class-deploy-11-76847d46-vpbqq_default,silver-controller-11,0.900000,0,average,1742763619,823,58,32714,false,0.909147,32.633828,319033,5847,3250998,0
1742763654,silver-class-deploy-9-6bb457cd89-sq4q5_default,silver-controller-9,0.900000,0,average,1742763622,1043,35,30990,false,0.908839,31.540780,320626,5344,3249802,0
1742763658,silver-class-deploy-4-6bdc57b47d-9n2d5_default,silver-controller-4,0.900000,0,average,1742763626,503,59,31515,false,0.909734,34.729408,316559,6213,3253028,0
1742763658,bronze-class-deploy-26-7f9d9f4558-s98jl_default,bronze-controller-26,0.500000,0,average,1742763626,503,36,31543,false,0.380115,-850.280014,2192885,5018,1347759,0
1742763658,silver-class-deploy-29-64fbff7759-vnz2t_default,silver-controller-29,0.900000,0,average,1742763618,323,38,40254,false,0.909854,35.141887,315906,6294,3252020,0
1742763662,silver-class-deploy-14-79f95c48b7-rpdfs_default,silver-controller-14,0.900000,0,average,1742763631,370,36,30671,false,0.909868,35.209083,316096,6201,3253547,0
1742763662,silver-class-deploy-10-6866d9b887-nmdjm_default,silver-controller-10,0.900000,0,average,1742763629,1170,35,31876,false,0.908727,31.198500,321091,5958,3256152,0
1742763665,bronze-class-deploy-32-7bb47fdcc7-h8946_default,bronze-controller-32,0.500000,0,average,1742763628,6985,60,30409,false,0.405776,-670.295760,2108249,4975,1443050,0
1742763665,silver-class-deploy-23-5dfcff5b8f-9p6wh_default,silver-controller-23,0.900000,0,average,1742763634,1026,63,30406,false,0.909473,33.840280,317828,6312,3256460,0
1742763666,bronze-class-deploy-6-c8cc7f9db-t7xqt_default,bronze-controller-6,0.500000,0,average,1742763563,72025,43,31846,false,0.388674,-793.885552,2174125,5318,1385666,0
1742763668,silver-class-deploy-25-646545667-rrct6_default,silver-controller-25,0.900000,0,average,1742763634,1026,83,32927,false,0.909980,35.699101,316997,5637,3261404,0
1742763673,silver-class-deploy-12-66b6ffdcc7-jfbbb_default,silver-controller-12,0.900000,0,average,1742763641,315,37,31862,false,0.911741,42.102507,311989,4997,3274547,0
1742763682,bronze-class-deploy-8-6fff566748-m49zh_default,bronze-controller-8,0.500000,0,average,1742763651,400,38,30997,false,0.404747,-682.895779,2128773,4684,1450660,0
1742763682,silver-class-deploy-18-5dd44b47c5-vdckg_default,silver-controller-18,0.900000,0,average,1742763651,400,59,31221,false,0.909781,35.164142,318599,6461,3277982,0
1742763683,silver-class-deploy-11-76847d46-dr62n_default,silver-controller-11,0.900000,0,average,1742763652,661,38,31142,false,0.909755,35.120697,319694,5885,3282161,0
1742763690,silver-class-deploy-4-6bdc57b47d-v7r8b_default,silver-controller-4,0.900000,0,average,1742763658,739,40,31671,false,0.910330,37.195105,317299,6253,3284699,0
1742763690,bronze-class-deploy-15-6fb6d4fc68-k727k_default,bronze-controller-15,0.500000,0,average,1742763641,13189,3,36262,false,0.389465,-792.534925,2183375,5097,1396044,0
1742763691,silver-class-deploy-29-64fbff7759-frrx6_default,silver-controller-29,0.900000,0,average,1742763658,739,60,32334,false,0.910461,37.657665,316646,6355,3284374,0
1742763692,silver-class-deploy-10-6866d9b887-clmfk_default,silver-controller-10,0.900000,0,average,1742763662,192,7,30274,false,0.909442,34.048173,321284,5965,3286438,0
1742763694,silver-class-deploy-14-79f95c48b7-vbsnm_default,silver-controller-14,0.900000,0,average,1742763662,192,27,31935,false,0.910611,38.206671,316288,6228,3285495,0
1742763695,bronze-class-deploy-15-6fb6d4fc68-8smm6_default,bronze-controller-15,0.500000,0,average,1742763690,4694,160,1059,false,0.389120,-796.324685,2188070,5257,1397111,0
1742763697,silver-class-deploy-9-6bb457cd89-597hx_default,silver-controller-9,0.900000,0,average,1742763654,189,6,43278,false,0.909880,35.693384,320815,5350,3293083,0
1742763697,silver-class-deploy-23-5dfcff5b8f-zddrz_default,silver-controller-23,0.900000,0,average,1742763665,699,60,31754,false,0.910078,36.334440,318527,6372,3288236,0
1742763697,bronze-class-deploy-32-7bb47fdcc7-nshbt_default,bronze-controller-32,0.500000,0,average,1742763665,699,37,31837,false,0.410964,-639.193969,2108948,5013,1474887,0
1742763700,silver-class-deploy-25-646545667-h2jg5_default,silver-controller-25,0.900000,0,average,1742763667,2081,38,31654,false,0.910235,36.959087,319079,5676,3293078,0
1742763702,bronze-class-deploy-31-77756c9778-bmwbh_default,bronze-controller-31,0.500000,0,average,1742763552,146174,201,3798,false,0.382525,-845.205422,2215842,5175,1375918,0
1742763707,bronze-class-deploy-15-6fb6d4fc68-m4cwb_default,bronze-controller-15,0.500000,0,average,1742763695,3334,242,9016,false,0.390265,-790.868733,2191405,5500,1406147,0
1742763709,silver-class-deploy-12-66b6ffdcc7-wczbx_default,silver-controller-12,0.900000,0,average,1742763673,2181,38,33874,false,0.912007,43.494704,314170,5035,3308441,0
1742763709,bronze-class-deploy-1-7bfd84fb59-49bdn_default,bronze-controller-1,0.500000,0,average,1742763609,68359,5,31769,false,0.388647,-803.435235,2200699,4518,1401893,0
1742763713,bronze-class-deploy-31-77756c9778-dmtzg_default,bronze-controller-31,0.500000,0,average,1742763702,10154,64,895,false,0.381598,-854.507659,2225997,5239,1376834,0
1742763714,silver-class-deploy-18-5dd44b47c5-g4r7t_default,silver-controller-18,0.900000,0,average,1742763682,1987,37,30329,false,0.910028,36.377195,320586,6499,3308331,0
1742763715,bronze-class-deploy-16-74dd4696ff-r4pxj_default,bronze-controller-16,0.500000,0,average,1742763338,338358,5,39470,false,0.373565,-912.876075,2256830,4364,1348428,0
1742763717,silver-class-deploy-11-76847d46-hblrh_default,silver-controller-11,0.900000,0,average,1742763683,987,59,33667,false,0.910329,37.547962,320681,5944,3315849,0
1742763722,bronze-class-deploy-31-77756c9778-6vp8j_default,bronze-controller-31,0.500000,0,average,1742763713,7214,101,1978,false,0.381168,-859.824655,2233211,5340,1378832,0
1742763726,silver-class-deploy-10-6866d9b887-89g4q_default,silver-controller-10,0.900000,0,average,1742763692,2834,123,31856,false,0.909495,34.572714,324118,6089,3318314,0
1742763726,silver-class-deploy-4-6bdc57b47d-s688s_default,silver-controller-4,0.900000,0,average,1742763690,4914,83,31939,false,0.909868,35.892131,322213,6337,3316648,0
1742763727,bronze-class-deploy-1-7bfd84fb59-h7ngm_default,bronze-controller-1,0.500000,0,average,1742763709,754,23,17356,false,0.391494,-786.835325,2201453,4542,1419269,0
1742763727,bronze-class-deploy-15-6fb6d4fc68-2cm8h_default,bronze-controller-15,0.500000,0,average,1742763707,20194,0,0,false,0.388090,-811.060756,2211599,5500,1406147,0
1742763727,bronze-class-deploy-16-74dd4696ff-k9qvz_default,bronze-controller-16,0.500000,0,average,1742763715,1254,162,10837,false,0.375297,-903.437148,2258085,4527,1359285,0
1742763727,bronze-class-deploy-20-5fd9977fb4-p2zxc_default,bronze-controller-20,0.500000,0,average,1742763518,209294,0,0,false,0.370514,-937.883981,2274695,4760,1341682,0
1742763727,bronze-class-deploy-21-7b55589449-sb7ts_default,bronze-controller-21,0.500000,0,average,1742763309,383914,203,34276,false,0.371505,-931.401639,2272890,4691,1346284,0
1742763727,bronze-class-deploy-26-7f9d9f4558-qxbrs_default,bronze-controller-26,0.500000,0,average,1742763658,32587,7,36839,false,0.383006,-846.023071,2225473,5026,1384608,0
1742763727,bronze-class-deploy-28-946b5bff6-pjfd8_default,bronze-controller-28,0.500000,0,average,1742763545,164593,204,17715,false,0.375885,-898.371224,2254473,4032,1360227,0
1742763727,bronze-class-deploy-3-775f4fbdd9-bvprc_default,bronze-controller-3,0.500000,0,average,1742763579,148573,0,0,false,0.373051,-920.278922,2269154,3074,1352035,0
1742763728,bronze-class-deploy-31-77756c9778-5jsbg_default,bronze-controller-31,0.500000,0,average,1742763722,6038,0,0,false,0.380536,-865.841509,2239250,5340,1378852,0
1742763728,bronze-class-deploy-32-7bb47fdcc7-nhzpm_default,bronze-controller-32,0.500000,0,average,1742763697,31812,0,0,false,0.407359,-670.964278,2140761,5013,1474927,0
1742763728,bronze-class-deploy-6-c8cc7f9db-5jwcs_default,bronze-controller-6,0.500000,0,average,1742763666,28573,143,34120,false,0.391347,-788.483087,2202698,5462,1419787,0
1742763728,bronze-class-deploy-8-6fff566748-8t6cp_default,bronze-controller-8,0.500000,0,average,1742763682,46863,0,0,false,0.399523,-729.755005,2175636,4684,1450662,0
1742763728,gold-class-deploy-13-5f585cb744-7cgbn_default,gold-controller-13,1.000000,0,average,1742760129,632,5,3599250,false,0.999823,-0.642667,632,5,3599250,0
1742763728,gold-class-deploy-17-7cc769b484-sxwv4_default,gold-controller-17,1.000000,0,average,1742760130,631,2,3598278,false,0.999824,-0.637431,631,2,3598278,0
1742763728,gold-class-deploy-19-789d579b58-tf94t_default,gold-controller-19,1.000000,0,average,1742760131,82,4,3597852,false,0.999976,-0.091290,82,4,3597852,0
1742763728,gold-class-deploy-2-58ff5bfb68-2nj5p_default,gold-controller-2,1.000000,0,average,1742760128,173,7,3600782,false,0.999950,-0.187667,173,7,3600782,0
1742763728,gold-class-deploy-22-6fb6ff84bd-jrn9z_default,gold-controller-22,1.000000,0,average,1742760131,931,4,3597049,false,0.999740,-0.941236,931,4,3597049,0
1742763729,gold-class-deploy-24-5f4ccc9fd6-k8n58_default,gold-controller-24,1.000000,0,average,1742760132,183,2,3596827,false,0.999948,-0.188956,183,2,3596827,0
1742763729,gold-class-deploy-27-6c45459fb5-t5ds5_default,gold-controller-27,1.000000,0,average,1742760132,3795,181,3593060,false,0.998894,-4.159544,3795,181,3593060,0
1742763729,gold-class-deploy-30-6d99b77769-szz84_default,gold-controller-30,1.000000,0,average,1742760133,5335,142,3590585,false,0.998477,-5.619804,5335,142,3590585,0
1742763729,gold-class-deploy-5-c4557676f-8htrv_default,gold-controller-5,1.000000,0,average,1742760128,450,6,3600631,false,0.999873,-0.463015,450,6,3600631,0
1742763729,gold-class-deploy-7-7db47c6d55-2mtq8_default,gold-controller-7,1.000000,0,average,1742760128,678,7,3600427,false,0.999810,-0.693451,678,7,3600427,0
1742763729,silver-class-deploy-10-6866d9b887-246sp_default,silver-controller-10,0.900000,0,average,1742763726,3137,0,0,false,0.908715,+Inf,327256,6089,3318334,0
1742763729,silver-class-deploy-11-76847d46-hsl45_default,silver-controller-11,0.900000,0,average,1742763717,12163,0,0,false,0.907299,+Inf,332845,5944,3315849,0
1742763729,silver-class-deploy-12-66b6ffdcc7-l7gp7_default,silver-controller-12,0.900000,0,average,1742763709,20188,0,0,false,0.906960,+Inf,334358,5035,3308441,0
1742763729,silver-class-deploy-14-79f95c48b7-7fttj_default,silver-controller-14,0.900000,0,average,1742763694,7054,101,28232,false,0.909515,34.591362,323343,6330,3313747,0
1742763729,silver-class-deploy-18-5dd44b47c5-4qdxl_default,silver-controller-18,0.900000,0,average,1742763714,7354,20,8037,false,0.908388,30.543792,327941,6520,3316369,0
1742763729,silver-class-deploy-23-5dfcff5b8f-fl69v_default,silver-controller-23,0.900000,0,average,1742763697,9618,37,22781,false,0.908230,29.924206,328146,6410,3311037,0
1742763729,silver-class-deploy-25-646545667-55x72_default,silver-controller-25,0.900000,0,average,1742763700,16134,142,13187,false,0.906498,23.629154,335213,5819,3306285,0
1742763729,silver-class-deploy-29-64fbff7759-v4fvc_default,silver-controller-29,0.900000,0,average,1742763691,9974,123,28390,false,0.908637,31.410421,326620,6478,3312784,0
1742763729,silver-class-deploy-4-6bdc57b47d-5vxmk_default,silver-controller-4,0.900000,0,average,1742763726,3512,0,0,false,0.908992,+Inf,325725,6337,3316666,0
1742763729,silver-class-deploy-9-6bb457cd89-zf7pw_default,silver-controller-9,0.900000,0,average,1742763697,4117,60,28359,false,0.909539,34.770925,324933,5411,3321463,0
