1742408806,free-deployment-average-195-9a37d9cb60ac-5f5c56f7db-hjfrz_default,free-deployment-average-195-9a37d9cb60ac,0.500000,0,average,1742408803,732,8,2856,false,0.794165,1.049982,732,8,2856,0
1742408811,free-deployment-average-252-f1ffeac2571a-7ccdb8bf8b-cspc7_default,free-deployment-average-252-f1ffeac2571a,0.500000,0,average,1742408780,252,8,31038,false,0.991669,15.380821,252,8,31038,0
1742408815,free-deployment-average-220-b61f8ab675e4-7f7867b4d-v8dlb_default,free-deployment-average-220-b61f8ab675e4,0.500000,0,average,1742408799,647,7,15742,false,0.960087,7.536948,647,7,15742,0
1742408817,free-deployment-average-256-2c2981a5c8b4-b655c8bbd-gjxtk_default,free-deployment-average-256-2c2981a5c8b4,0.500000,0,average,1742408797,606,7,20323,false,0.970652,9.846565,606,7,20323,0
1742408820,free-deployment-average-183-c57965d8fd91-7d7457c7c4-fr6kr_default,free-deployment-average-183-c57965d8fd91,0.500000,0,average,1742408791,497,3,28976,false,0.982995,14.233802,497,3,28976,0
1742408824,free-deployment-average-196-8e0c80fba3ef-8cb648cf6-l26lw_default,free-deployment-average-196-8e0c80fba3ef,0.500000,0,average,1742408787,405,6,37365,false,0.989109,18.471014,405,6,37365,0
1742408827,free-deployment-average-240-3f39cd2a269a-7855fc9c58-pms7f_default,free-deployment-average-240-3f39cd2a269a,0.500000,0,average,1742408786,391,87,41458,false,0.988586,20.402914,391,87,41458,0
1742408832,free-deployment-average-250-bf2cd9a9df35-66cc95787b-jxn6z_default,free-deployment-average-250-bf2cd9a9df35,0.500000,0,average,1742408783,331,8,48838,false,0.993091,24.240483,331,8,48838,0
1742408837,free-deployment-average-244-4ffc0dc813ac-6c6db8556c-hktlx_default,free-deployment-average-244-4ffc0dc813ac,0.500000,0,average,1742408776,176,7,60873,false,0.996990,30.337625,176,7,60873,0
1742408837,free-deployment-average-233-3f5aa011b66d-5f64d78d8f-mnpmj_default,free-deployment-average-233-3f5aa011b66d,0.500000,0,average,1742408778,211,6,58879,false,0.996317,29.325092,211,6,58879,0
1742408841,free-deployment-average-162-451b13fa1346-fbfbc8dd9-2pgr9_default,free-deployment-average-162-451b13fa1346,0.500000,0,average,1742408774,93,6,67116,false,0.998506,33.501437,93,6,67116,0
1742408844,free-deployment-average-237-dea82c01cd93-5958c5b488-j6hzb_default,free-deployment-average-237-dea82c01cd93,0.500000,0,average,1742408771,34,6,73916,false,0.999441,36.930754,34,6,73916,0
1742408849,free-deployment-average-238-9ef284ab7f0b-7b678fd5f6-rqzk7_default,free-deployment-average-238-9ef284ab7f0b,0.500000,0,average,1742408767,972,5,81340,false,0.988121,40.176276,972,5,81340,0
1742408853,free-deployment-average-167-579780d54b9a-8699db587d-cl8zs_default,free-deployment-average-167-579780d54b9a,0.500000,0,average,1742408765,916,7,87993,false,0.989608,43.527396,916,7,87993,0
1742408858,free-deployment-average-232-7c269ee1ebcf-7654cf795b-hhcpf_default,free-deployment-average-232-7c269ee1ebcf,0.500000,0,average,1742408764,913,6,94077,false,0.990317,46.572363,913,6,94077,0
1742408863,free-deployment-average-249-d647bdfefa1a-5c8c6874bc-869hq_default,free-deployment-average-249-d647bdfefa1a,0.500000,0,average,1742408762,863,6,101088,false,0.991473,50.103490,863,6,101088,0
1742408868,free-deployment-average-161-08923ba80ac5-5bc49b6765-44k5j_default,free-deployment-average-161-08923ba80ac5,0.500000,0,average,1742408760,827,4,108086,false,0.992361,53.622550,827,4,108086,0
1742408873,free-deployment-average-165-00dfcfbf3443-5d77947bc8-s768l_default,free-deployment-average-165-00dfcfbf3443,0.500000,0,average,1742408757,775,6,116175,false,0.993315,57.690863,775,6,116175,0
1742408878,free-deployment-average-225-379a7f77f5c1-6797695698-tlkdv_default,free-deployment-average-225-379a7f77f5c1,0.500000,0,average,1742408752,667,4,126324,false,0.994706,62.821562,667,4,126324,0
1742408883,free-deployment-average-235-6408bf1245b2-66b6cd5795-ggq6m_default,free-deployment-average-235-6408bf1245b2,0.500000,0,average,1742408749,598,10,134389,false,0.995491,66.880091,598,10,134389,0
1742408889,free-deployment-average-218-cad900b1d79c-798d87c4d9-czdkb_default,free-deployment-average-218-cad900b1d79c,0.500000,0,average,1742408740,412,7,148658,false,0.997180,74.111180,412,7,148658,0
1742408894,free-deployment-average-211-b1a17f63af01-599f865fb-jrm8z_default,free-deployment-average-211-b1a17f63af01,0.500000,0,average,1742408729,196,7,164913,false,0.998768,82.347934,196,7,164913,0
1742408899,free-deployment-average-254-2a259b4c2303-77f8b4f8b8-5sgfz_default,free-deployment-average-254-2a259b4c2303,0.500000,0,average,1742408806,58337,264,34555,false,0.370934,-24.311107,58337,264,34555,0
1742408904,free-deployment-average-224-fe2046edffe9-657cfc4445-9km5s_default,free-deployment-average-224-fe2046edffe9,0.500000,0,average,1742408808,61299,342,34555,false,0.359214,-27.429278,61299,342,34555,0
1742408909,free-deployment-average-253-5798b6ec0f57-76f64b6c76-tq62g_default,free-deployment-average-253-5798b6ec0f57,0.500000,0,average,1742408810,64338,342,34557,false,0.348225,-30.466639,64338,342,34557,0
1742408914,free-deployment-average-195-9a37d9cb60ac-5f5c56f7db-hp67z_default,free-deployment-average-195-9a37d9cb60ac,0.500000,0,average,1742408806,73378,341,34558,false,0.334435,-37.219570,74110,349,37414,0
1742408919,free-deployment-average-207-723bc853e759-7c8d79f999-h9ggq_default,free-deployment-average-207-723bc853e759,0.500000,0,average,1742408811,73418,343,34476,false,0.318525,-39.627860,73418,343,34476,0
1742408924,free-deployment-average-191-c533d75b39f3-5c7d778dbc-dsjpx_default,free-deployment-average-191-c533d75b39f3,0.500000,0,average,1742408813,76458,344,34473,false,0.309802,-42.674038,76458,344,34473,0
1742408929,free-deployment-average-247-67d9919c78ed-6c59cfcdbd-54bzh_default,free-deployment-average-247-67d9919c78ed,0.500000,0,average,1742408815,79497,350,34429,false,0.301279,-45.768859,79497,350,34429,0
1742408934,free-deployment-average-206-b7bccfe3c978-6f86657cfc-4rcbq_default,free-deployment-average-206-b7bccfe3c978,0.500000,0,average,1742408819,80538,340,34458,false,0.298766,-46.760230,80538,340,34458,0
1742408939,free-deployment-average-255-a1f36ae7017b-6797ccd5df-6qhg4_default,free-deployment-average-255-a1f36ae7017b,0.500000,0,average,1742408822,82578,343,34435,false,0.293425,-48.830397,82578,343,34435,0
1742408944,free-deployment-average-227-d0b13cfb120d-7774d7c478-2vv7b_default,free-deployment-average-227-d0b13cfb120d,0.500000,0,average,1742408826,83618,340,34399,false,0.290640,-49.899824,83618,340,34399,0
1742408949,free-deployment-average-223-f31459c0d4e3-68fdc858c5-fpb89_default,free-deployment-average-223-f31459c0d4e3,0.500000,0,average,1742408827,87658,262,34477,false,0.281680,-53.706210,87658,262,34477,0
1742408954,free-deployment-average-205-3b155121ce45-f7cc95947-2jlvs_default,free-deployment-average-205-3b155121ce45,0.500000,0,average,1742408829,90618,342,34476,false,0.274852,-56.827005,90618,342,34476,0
1742408959,free-deployment-average-234-3765fa888fdc-7b5c996c97-9nwsn_default,free-deployment-average-234-3765fa888fdc,0.500000,0,average,1742408830,94658,343,34396,false,0.265818,-60.948776,94658,343,34396,0
1742408964,free-deployment-average-229-ce1b964415b0-7b67544488-lqm89_default,free-deployment-average-229-ce1b964415b0,0.500000,0,average,1742408831,98698,343,34396,false,0.257769,-64.989043,98698,343,34396,0
1742408969,free-deployment-average-200-9a8d7103c7e7-85c85c8fb6-jpbk9_default,free-deployment-average-200-9a8d7103c7e7,0.500000,0,average,1742408832,102738,343,34395,false,0.250192,-69.029229,102738,343,34395,0
1742408974,free-deployment-average-220-b61f8ab675e4-7f7867b4d-zw2qd_default,free-deployment-average-220-b61f8ab675e4,0.500000,0,average,1742408815,124778,262,34435,false,0.285310,-75.652292,125426,270,50178,0
1742408979,free-deployment-average-256-2c2981a5c8b4-b655c8bbd-qgsph_default,free-deployment-average-256-2c2981a5c8b4,0.500000,0,average,1742408817,127738,342,34476,false,0.298720,-74.050936,128345,349,54819,0
1742408984,free-deployment-average-252-f1ffeac2571a-7ccdb8bf8b-9btjb_default,free-deployment-average-252-f1ffeac2571a,0.500000,0,average,1742408811,138778,342,34476,false,0.319805,-74.024666,139031,350,65532,0
1742408989,free-deployment-average-183-c57965d8fd91-7d7457c7c4-pmg47_default,free-deployment-average-183-c57965d8fd91,0.500000,0,average,1742408820,134818,262,34556,false,0.319078,-72.182191,135315,266,63533,0
1742408994,free-deployment-average-196-8e0c80fba3ef-8cb648cf6-b8p5n_default,free-deployment-average-196-8e0c80fba3ef,0.500000,0,average,1742408824,135777,343,34436,false,0.344651,-64.904383,136182,349,71802,0
1742408999,free-deployment-average-240-3f39cd2a269a-7855fc9c58-j96cn_default,free-deployment-average-240-3f39cd2a269a,0.500000,0,average,1742408827,137818,340,34438,false,0.353777,-62.954096,138209,427,75897,0
1742409004,free-deployment-average-254-2a259b4c2303-77f8b4f8b8-m47vk_default,free-deployment-average-254-2a259b4c2303,0.500000,0,average,1742408899,70858,342,34436,false,0.347050,-61.114761,129196,606,68991,0
1742409009,free-deployment-average-224-fe2046edffe9-657cfc4445-7pw6w_default,free-deployment-average-224-fe2046edffe9,0.500000,0,average,1742408904,70897,340,34479,false,0.341901,-64.186951,132197,683,69035,0
1742409014,free-deployment-average-195-9a37d9cb60ac-5f5c56f7db-grvt9_default,free-deployment-average-195-9a37d9cb60ac,0.500000,0,average,1742408914,65937,344,34475,false,0.338097,-69.082525,140048,693,71890,0
1742409019,free-deployment-average-253-5798b6ec0f57-76f64b6c76-rbmt4_default,free-deployment-average-253-5798b6ec0f57,0.500000,0,average,1742408909,75978,340,34399,false,0.328436,-72.383423,140316,683,68957,0
1742409024,free-deployment-average-207-723bc853e759-7c8d79f999-vts7x_default,free-deployment-average-207-723bc853e759,0.500000,0,average,1742408919,71017,263,34476,false,0.322217,-76.393200,144435,606,68953,0
1742409029,free-deployment-average-250-bf2cd9a9df35-66cc95787b-ktlpw_default,free-deployment-average-250-bf2cd9a9df35,0.500000,0,average,1742408832,162978,340,34479,false,0.337404,-80.495770,163309,349,83337,0
1742409034,free-deployment-average-191-c533d75b39f3-5c7d778dbc-b5xhr_default,free-deployment-average-191-c533d75b39f3,0.500000,0,average,1742408924,76018,343,34476,false,0.310426,-84.558948,152476,688,68950,0
1742409039,free-deployment-average-247-67d9919c78ed-6c59cfcdbd-76czv_default,free-deployment-average-247-67d9919c78ed,0.500000,0,average,1742408929,76057,341,34478,false,0.306048,-87.684023,155555,691,68908,0
1742409044,free-deployment-average-206-b7bccfe3c978-6f86657cfc-lfvk8_default,free-deployment-average-206-b7bccfe3c978,0.500000,0,average,1742408934,76097,343,34476,false,0.304747,-88.704451,156636,683,68957,0
1742409049,free-deployment-average-255-a1f36ae7017b-6797ccd5df-f2vdm_default,free-deployment-average-255-a1f36ae7017b,0.500000,0,average,1742408939,76138,262,34475,false,0.301993,-90.695469,158716,606,68931,0
1742409054,free-deployment-average-227-d0b13cfb120d-7774d7c478-z9865_default,free-deployment-average-227-d0b13cfb120d,0.500000,0,average,1742408944,76098,342,34456,false,0.300347,-91.884643,159716,682,68856,0
1742409059,free-deployment-average-223-f31459c0d4e3-68fdc858c5-g95wr_default,free-deployment-average-223-f31459c0d4e3,0.500000,0,average,1742408949,76138,342,34476,false,0.295489,-95.750691,163796,605,68954,0
1742409064,free-deployment-average-233-3f5aa011b66d-5f64d78d8f-fplp9_default,free-deployment-average-233-3f5aa011b66d,0.500000,0,average,1742408837,193177,342,34479,false,0.325185,-100.552008,193389,348,93359,0
1742409070,free-deployment-average-244-4ffc0dc813ac-6c6db8556c-tdjm7_default,free-deployment-average-244-4ffc0dc813ac,0.500000,0,average,1742408836,199217,344,34455,false,0.323069,-104.591553,199394,351,95329,0
1742409075,free-deployment-average-205-3b155121ce45-f7cc95947-mxnjz_default,free-deployment-average-205-3b155121ce45,0.500000,0,average,1742408954,86258,342,34476,false,0.279714,-108.950924,176876,685,68954,0
1742409080,free-deployment-average-234-3765fa888fdc-7b5c996c97-6b6k8_default,free-deployment-average-234-3765fa888fdc,0.500000,0,average,1742408959,86298,262,34556,false,0.275244,-112.913200,180957,605,68953,0
1742409085,free-deployment-average-220-b61f8ab675e4-7f7867b4d-pdtqh_default,free-deployment-average-220-b61f8ab675e4,0.500000,0,average,1742408974,76258,344,34554,false,0.295256,-117.749677,201684,614,84754,0
1742409090,free-deployment-average-229-ce1b964415b0-7b67544488-92mh5_default,free-deployment-average-229-ce1b964415b0,0.500000,0,average,1742408964,91299,341,34476,false,0.265349,-122.152747,189997,685,68873,0
1742409095,free-deployment-average-200-9a8d7103c7e7-85c85c8fb6-s9279_default,free-deployment-average-200-9a8d7103c7e7,0.500000,0,average,1742408969,91337,342,34437,false,0.261133,-126.271882,194076,686,68833,0
1742409100,free-deployment-average-256-2c2981a5c8b4-b655c8bbd-vcsw6_default,free-deployment-average-256-2c2981a5c8b4,0.500000,0,average,1742408979,86378,342,34476,false,0.293050,-126.351419,214723,692,89296,0
1742409105,free-deployment-average-162-451b13fa1346-fbfbc8dd9-24jtt_default,free-deployment-average-162-451b13fa1346,0.500000,0,average,1742408841,229418,343,34477,false,0.306551,-128.423194,229511,350,101614,0
1742409110,free-deployment-average-252-f1ffeac2571a-7ccdb8bf8b-p8dc5_default,free-deployment-average-252-f1ffeac2571a,0.500000,0,average,1742408984,91457,344,34475,false,0.301965,-131.407282,230489,695,100008,0
1742409115,free-deployment-average-183-c57965d8fd91-7d7457c7c4-vhtd2_default,free-deployment-average-183-c57965d8fd91,0.500000,0,average,1742408989,91498,343,34475,false,0.301165,-129.618407,226813,610,98009,0
1742409120,free-deployment-average-237-dea82c01cd93-5958c5b488-jpcns_default,free-deployment-average-237-dea82c01cd93,0.500000,0,average,1742408844,241538,262,34556,false,0.309683,-133.483781,241572,269,108492,0
1742409125,free-deployment-average-196-8e0c80fba3ef-8cb648cf6-lqfdx_default,free-deployment-average-196-8e0c80fba3ef,0.500000,0,average,1742408994,96497,343,34516,false,0.313025,-127.266415,232680,693,106338,0
1742409130,free-deployment-average-238-9ef284ab7f0b-7b678fd5f6-bwnpl_default,free-deployment-average-238-9ef284ab7f0b,0.500000,0,average,1742408849,246538,343,34476,false,0.318498,-132.197143,247511,348,115836,0
1742409135,free-deployment-average-240-3f39cd2a269a-7855fc9c58-bzlzz_default,free-deployment-average-240-3f39cd2a269a,0.500000,0,average,1742408999,101578,343,34475,false,0.314555,-130.422681,239787,771,110394,0
1742409140,free-deployment-average-167-579780d54b9a-8699db587d-wnk2w_default,free-deployment-average-167-579780d54b9a,0.500000,0,average,1742408853,252618,341,34398,false,0.325312,-131.643542,253534,348,122413,0
1742409145,free-deployment-average-254-2a259b4c2303-77f8b4f8b8-trvhj_default,free-deployment-average-254-2a259b4c2303,0.500000,0,average,1742409004,106658,342,34395,false,0.303954,-133.711487,235855,949,103409,0
1742409150,free-deployment-average-224-fe2046edffe9-657cfc4445-dfvhv_default,free-deployment-average-224-fe2046edffe9,0.500000,0,average,1742409009,106698,340,34398,false,0.301247,-136.826338,238895,1023,103434,0
1742409155,free-deployment-average-195-9a37d9cb60ac-5f5c56f7db-z9d27_default,free-deployment-average-195-9a37d9cb60ac,0.500000,0,average,1742409014,106738,343,34396,false,0.300152,-141.795910,246786,1036,106286,0
1742409160,free-deployment-average-253-5798b6ec0f57-76f64b6c76-b4kbf_default,free-deployment-average-253-5798b6ec0f57,0.500000,0,average,1742409019,106778,260,34478,false,0.294292,-144.916987,247094,943,103435,0
1742409165,free-deployment-average-207-723bc853e759-7c8d79f999-tszbg_default,free-deployment-average-207-723bc853e759,0.500000,0,average,1742409024,106738,344,34434,false,0.290813,-149.055155,251174,951,103387,0
1742409170,free-deployment-average-250-bf2cd9a9df35-66cc95787b-77p97_default,free-deployment-average-250-bf2cd9a9df35,0.500000,0,average,1742409029,106778,262,34557,false,0.303389,-153.007513,270087,611,117895,0
1742409175,free-deployment-average-191-c533d75b39f3-5c7d778dbc-8vwbt_default,free-deployment-average-191-c533d75b39f3,0.500000,0,average,1742409034,106738,343,34475,false,0.284394,-157.164345,259215,1031,103426,0
1742409180,free-deployment-average-232-7c269ee1ebcf-7654cf795b-9twbv_default,free-deployment-average-232-7c269ee1ebcf,0.500000,0,average,1742408858,287778,343,34475,false,0.307843,-160.662583,288691,349,128553,0
1742409185,free-deployment-average-247-67d9919c78ed-6c59cfcdbd-znpxv_default,free-deployment-average-247-67d9919c78ed,0.500000,0,average,1742409039,111817,343,34475,false,0.278069,-165.369505,267373,1035,103383,0
1742409190,free-deployment-average-206-b7bccfe3c978-6f86657cfc-7hdkq_default,free-deployment-average-206-b7bccfe3c978,0.500000,0,average,1742409044,111857,343,34475,false,0.277335,-166.430462,268494,1027,103433,0
1742409195,free-deployment-average-255-a1f36ae7017b-6797ccd5df-gkm7x_default,free-deployment-average-255-a1f36ae7017b,0.500000,0,average,1742409049,111898,344,34434,false,0.275693,-168.517098,270615,951,103366,0
1742409200,free-deployment-average-227-d0b13cfb120d-7774d7c478-7cd54_default,free-deployment-average-227-d0b13cfb120d,0.500000,0,average,1742409054,111938,342,34476,false,0.274852,-169.668990,271654,1025,103353,0
1742409205,free-deployment-average-249-d647bdfefa1a-5c8c6874bc-hdt66_default,free-deployment-average-249-d647bdfefa1a,0.500000,0,average,1742408863,307978,262,34556,false,0.304988,-173.599715,308841,269,135645,0
1742409210,free-deployment-average-223-f31459c0d4e3-68fdc858c5-kstjq_default,free-deployment-average-223-f31459c0d4e3,0.500000,0,average,1742409059,116938,340,34558,false,0.268729,-178.483868,280735,945,103512,0
1742409215,free-deployment-average-233-3f5aa011b66d-5f64d78d8f-7728f_default,free-deployment-average-233-3f5aa011b66d,0.500000,0,average,1742409064,116978,343,34534,false,0.291362,-183.395979,310367,692,127894,0
1742409220,free-deployment-average-244-4ffc0dc813ac-6c6db8556c-htc6v_default,free-deployment-average-244-4ffc0dc813ac,0.500000,0,average,1742409069,117017,341,34558,false,0.290615,-187.426650,316411,692,129908,0
1742409225,free-deployment-average-205-3b155121ce45-f7cc95947-pfd9m_default,free-deployment-average-205-3b155121ce45,0.500000,0,average,1742409074,117058,342,34476,false,0.259620,-191.874586,293935,1027,103431,0
1742409230,free-deployment-average-234-3765fa888fdc-7b5c996c97-mvvdv_default,free-deployment-average-234-3765fa888fdc,0.500000,0,average,1742409080,116098,342,34476,false,0.257652,-194.889841,297056,948,103430,0
1742409235,free-deployment-average-220-b61f8ab675e4-7f7867b4d-g7876_default,free-deployment-average-220-b61f8ab675e4,0.500000,0,average,1742409085,116137,343,34476,false,0.272211,-199.787881,317822,957,119231,0
1742409240,free-deployment-average-229-ce1b964415b0-7b67544488-8l684_default,free-deployment-average-229-ce1b964415b0,0.500000,0,average,1742409090,116178,340,34478,false,0.251740,-204.190612,306176,1025,103353,0
1742409246,free-deployment-average-200-9a8d7103c7e7-85c85c8fb6-n7jck_default,free-deployment-average-200-9a8d7103c7e7,0.500000,0,average,1742409095,116218,343,34475,false,0.249158,-208.358625,310295,1029,103309,0
1742409250,free-deployment-average-256-2c2981a5c8b4-b655c8bbd-b4vpk_default,free-deployment-average-256-2c2981a5c8b4,0.500000,0,average,1742409100,116258,341,34398,false,0.271432,-208.580277,330982,1034,123694,0
1742409255,free-deployment-average-161-08923ba80ac5-5bc49b6765-brszz_default,free-deployment-average-161-08923ba80ac5,0.500000,0,average,1742408868,353298,264,34435,false,0.286815,-212.005353,354125,268,142523,0
1742409261,free-deployment-average-162-451b13fa1346-fbfbc8dd9-k8pn5_default,free-deployment-average-162-451b13fa1346,0.500000,0,average,1742409105,121258,342,34476,false,0.279130,-215.603314,350770,693,136091,0
1742409266,free-deployment-average-252-f1ffeac2571a-7ccdb8bf8b-9j9wc_default,free-deployment-average-252-f1ffeac2571a,0.500000,0,average,1742409110,121298,342,34436,false,0.275916,-218.638344,351787,1037,134445,0
1742409271,free-deployment-average-183-c57965d8fd91-7d7457c7c4-khg6b_default,free-deployment-average-183-c57965d8fd91,0.500000,0,average,1742409115,121338,344,34474,false,0.275096,-216.861621,348152,954,132483,0
1742409276,free-deployment-average-237-dea82c01cd93-5958c5b488-9sl4z_default,free-deployment-average-237-dea82c01cd93,0.500000,0,average,1742409120,121379,344,34474,false,0.282248,-220.801869,362952,613,142967,0
1742409281,free-deployment-average-165-00dfcfbf3443-5d77947bc8-vtgwx_default,free-deployment-average-165-00dfcfbf3443,0.500000,0,average,1742408873,373417,264,34535,false,0.286973,-223.887658,374193,270,150711,0
1742409286,free-deployment-average-196-8e0c80fba3ef-8cb648cf6-75d68_default,free-deployment-average-196-8e0c80fba3ef,0.500000,0,average,1742409125,126378,342,34556,false,0.281263,-219.438394,359058,1036,140915,0
1742409291,free-deployment-average-238-9ef284ab7f0b-7b678fd5f6-q7wsh_default,free-deployment-average-238-9ef284ab7f0b,0.500000,0,average,1742409130,126418,341,34479,false,0.286352,-224.532587,373929,689,150316,0
1742409296,free-deployment-average-225-379a7f77f5c1-6797695698-x642w_default,free-deployment-average-225-379a7f77f5c1,0.500000,0,average,1742408878,383458,344,34454,false,0.294871,-223.870342,384125,349,160779,0
1742409301,free-deployment-average-240-3f39cd2a269a-7855fc9c58-2lkkc_default,free-deployment-average-240-3f39cd2a269a,0.500000,0,average,1742409135,131498,342,34476,false,0.280068,-227.808039,371286,1114,144871,0
1742409306,free-deployment-average-167-579780d54b9a-8699db587d-n5kgd_default,free-deployment-average-167-579780d54b9a,0.500000,0,average,1742409140,131538,343,34476,false,0.289116,-229.104890,385072,692,156890,0
1742409311,free-deployment-average-254-2a259b4c2303-77f8b4f8b8-tv8g6_default,free-deployment-average-254-2a259b4c2303,0.500000,0,average,1742409145,131578,345,34474,false,0.272170,-231.167175,367433,1294,137884,0
1742409316,free-deployment-average-195-9a37d9cb60ac-5f5c56f7db-jhdp5_default,free-deployment-average-195-9a37d9cb60ac,0.500000,0,average,1742409155,126617,343,34476,false,0.273037,-234.296727,373404,1380,140763,0
1742409321,free-deployment-average-224-fe2046edffe9-657cfc4445-pvdpz_default,free-deployment-average-224-fe2046edffe9,0.500000,0,average,1742409150,136658,262,34557,false,0.268033,-239.170171,375554,1285,137991,0
1742409326,free-deployment-average-253-5798b6ec0f57-76f64b6c76-5rdv9_default,free-deployment-average-253-5798b6ec0f57,0.500000,0,average,1742409160,131617,344,34554,false,0.266396,-242.331842,378712,1288,137991,0
1742409331,free-deployment-average-207-723bc853e759-7c8d79f999-d9xhj_default,free-deployment-average-207-723bc853e759,0.500000,0,average,1742409165,131657,344,34535,false,0.264225,-246.507349,382831,1296,137944,0
1742409336,free-deployment-average-235-6408bf1245b2-66b6cd5795-vv7rg_default,free-deployment-average-235-6408bf1245b2,0.500000,0,average,1742408883,418697,343,34476,false,0.286935,-250.960663,419296,353,168866,0
1742409341,free-deployment-average-250-bf2cd9a9df35-66cc95787b-f49nv_default,free-deployment-average-250-bf2cd9a9df35,0.500000,0,average,1742409170,136738,342,34476,false,0.272020,-255.645874,406826,953,152372,0
1742409346,free-deployment-average-191-c533d75b39f3-5c7d778dbc-ck4mt_default,free-deployment-average-191-c533d75b39f3,0.500000,0,average,1742409175,136778,342,34476,false,0.257662,-259.787426,395993,1374,137924,0
1742409351,free-deployment-average-232-7c269ee1ebcf-7654cf795b-w9j2g_default,free-deployment-average-232-7c269ee1ebcf,0.500000,0,average,1742409180,136817,343,34476,false,0.276683,-263.403572,425509,693,163030,0
1742409356,free-deployment-average-247-67d9919c78ed-6c59cfcdbd-w67bt_default,free-deployment-average-247-67d9919c78ed,0.500000,0,average,1742409185,136857,345,34474,false,0.253664,-268.098075,404230,1380,137858,0
1742409361,free-deployment-average-206-b7bccfe3c978-6f86657cfc-tsp6d_default,free-deployment-average-206-b7bccfe3c978,0.500000,0,average,1742409190,136897,343,34476,false,0.253198,-269.195751,405392,1371,137910,0
1742409366,free-deployment-average-255-a1f36ae7017b-6797ccd5df-h8hx4_default,free-deployment-average-255-a1f36ae7017b,0.500000,0,average,1742409195,136938,263,34475,false,0.252204,-271.209418,407553,1214,137862,0
1742409371,free-deployment-average-227-d0b13cfb120d-7774d7c478-tctsh_default,free-deployment-average-227-d0b13cfb120d,0.500000,0,average,1742409200,136898,342,34477,false,0.251630,-272.432757,408553,1368,137831,0
1742409376,free-deployment-average-249-d647bdfefa1a-5c8c6874bc-4fzhl_default,free-deployment-average-249-d647bdfefa1a,0.500000,0,average,1742409205,136937,343,34477,false,0.275944,-276.472265,445779,612,170123,0
1742409381,free-deployment-average-223-f31459c0d4e3-68fdc858c5-97sb4_default,free-deployment-average-223-f31459c0d4e3,0.500000,0,average,1742409210,136978,344,34473,false,0.247736,-281.340937,417714,1290,137986,0
1742409386,free-deployment-average-233-3f5aa011b66d-5f64d78d8f-zfzkk_default,free-deployment-average-233-3f5aa011b66d,0.500000,0,average,1742409215,137018,343,34455,false,0.265837,-286.309629,447386,1035,162371,0
1742409391,free-deployment-average-244-4ffc0dc813ac-6c6db8556c-zln87_default,free-deployment-average-244-4ffc0dc813ac,0.500000,0,average,1742409220,137058,343,34475,false,0.265611,-290.380717,453470,1035,164384,0
1742409396,free-deployment-average-205-3b155121ce45-f7cc95947-zw2cm_default,free-deployment-average-205-3b155121ce45,0.500000,0,average,1742409225,137098,262,34556,false,0.241952,-294.658666,431033,1290,137988,0
1742409401,free-deployment-average-234-3765fa888fdc-7b5c996c97-msqc9_default,free-deployment-average-234-3765fa888fdc,0.500000,0,average,1742409230,137058,342,34556,false,0.240653,-297.739060,434114,1290,137989,0
1742409406,free-deployment-average-220-b61f8ab675e4-7f7867b4d-4r6vx_default,free-deployment-average-220-b61f8ab675e4,0.500000,0,average,1742409235,137098,345,34514,false,0.252056,-302.737533,454920,1303,153746,0
1742409412,free-deployment-average-229-ce1b964415b0-7b67544488-m85mg_default,free-deployment-average-229-ce1b964415b0,0.500000,0,average,1742409240,137138,341,34558,false,0.236720,-307.111611,443314,1366,137911,0
1742409417,free-deployment-average-218-cad900b1d79c-798d87c4d9-z4xg2_default,free-deployment-average-218-cad900b1d79c,0.500000,0,average,1742408888,494178,342,34516,false,0.270123,-311.942424,494591,350,183174,0
1742409422,free-deployment-average-200-9a8d7103c7e7-85c85c8fb6-jk7p9_default,free-deployment-average-200-9a8d7103c7e7,0.500000,0,average,1742409245,142218,344,34455,false,0.232847,-316.466058,452513,1373,137764,0
1742409427,free-deployment-average-256-2c2981a5c8b4-b655c8bbd-dp6hw_default,free-deployment-average-256-2c2981a5c8b4,0.500000,0,average,1742409250,142258,343,34436,false,0.249911,-316.762387,473240,1377,158131,0
1742409432,free-deployment-average-161-08923ba80ac5-5bc49b6765-95xgp_default,free-deployment-average-161-08923ba80ac5,0.500000,0,average,1742409255,142300,340,34476,false,0.262618,-320.219273,496425,609,177019,0
1742409437,free-deployment-average-162-451b13fa1346-fbfbc8dd9-scjfb_default,free-deployment-average-162-451b13fa1346,0.500000,0,average,1742409260,142338,340,34478,false,0.256607,-323.830549,493108,1033,170570,0
1742409442,free-deployment-average-252-f1ffeac2571a-7ccdb8bf8b-zgj8n_default,free-deployment-average-252-f1ffeac2571a,0.500000,0,average,1742409266,141378,343,34396,false,0.254537,-325.960556,493165,1380,168862,0
1742409447,free-deployment-average-183-c57965d8fd91-7d7457c7c4-w8zh4_default,free-deployment-average-183-c57965d8fd91,0.500000,0,average,1742409271,141418,340,34398,false,0.253718,-324.241707,489570,1294,166882,0
1742409452,free-deployment-average-237-dea82c01cd93-5958c5b488-r266c_default,free-deployment-average-237-dea82c01cd93,0.500000,0,average,1742409276,141459,262,34475,false,0.259903,-328.062495,504411,876,177443,0
1742409457,free-deployment-average-165-00dfcfbf3443-5d77947bc8-6927c_default,free-deployment-average-165-00dfcfbf3443,0.500000,0,average,1742409281,141418,340,34478,false,0.264045,-331.216320,515612,610,185210,0
1742409462,free-deployment-average-211-b1a17f63af01-599f865fb-xpxg7_default,free-deployment-average-211-b1a17f63af01,0.500000,0,average,1742408894,533458,343,34475,false,0.271872,-334.791931,533654,351,199389,0
1742409467,free-deployment-average-238-9ef284ab7f0b-7b678fd5f6-6vhn5_default,free-deployment-average-238-9ef284ab7f0b,0.500000,0,average,1742409291,141498,339,34440,false,0.263482,-331.957338,515428,1028,184757,0
1742409472,free-deployment-average-196-8e0c80fba3ef-8cb648cf6-d449s_default,free-deployment-average-196-8e0c80fba3ef,0.500000,0,average,1742409286,151537,264,34514,false,0.255236,-336.727321,510596,1301,175430,0
1742409477,free-deployment-average-225-379a7f77f5c1-6797695698-mh9q8_default,free-deployment-average-225-379a7f77f5c1,0.500000,0,average,1742409296,146498,339,34558,false,0.268841,-336.184772,530624,689,195359,0
1742409482,free-deployment-average-240-3f39cd2a269a-7855fc9c58-4rv4m_default,free-deployment-average-240-3f39cd2a269a,0.500000,0,average,1742409301,146537,344,34555,false,0.256798,-340.146989,517823,1458,179427,0
1742409487,free-deployment-average-167-579780d54b9a-8699db587d-6z2m2_default,free-deployment-average-167-579780d54b9a,0.500000,0,average,1742409306,146578,340,34558,false,0.264385,-341.492272,531651,1032,191449,0
1742409492,free-deployment-average-254-2a259b4c2303-77f8b4f8b8-cl52t_default,free-deployment-average-254-2a259b4c2303,0.500000,0,average,1742409311,146618,344,34474,false,0.250504,-343.659440,514051,1639,172359,0
1742409497,free-deployment-average-195-9a37d9cb60ac-5f5c56f7db-77x7q_default,free-deployment-average-195-9a37d9cb60ac,0.500000,0,average,1742409316,146658,344,34474,false,0.251409,-346.835525,520062,1724,175238,0
1742409502,free-deployment-average-224-fe2046edffe9-657cfc4445-ngbqd_default,free-deployment-average-224-fe2046edffe9,0.500000,0,average,1742409321,146698,343,34476,false,0.247675,-351.738987,522252,1628,172468,0
1742409507,free-deployment-average-253-5798b6ec0f57-76f64b6c76-vtq7m_default,free-deployment-average-253-5798b6ec0f57,0.500000,0,average,1742409326,146738,340,34438,false,0.246501,-354.975593,525450,1629,172430,0
1742409512,free-deployment-average-207-723bc853e759-7c8d79f999-pb68h_default,free-deployment-average-207-723bc853e759,0.500000,0,average,1742409331,146778,340,34479,false,0.245056,-359.130231,529609,1636,172443,0
1742409517,free-deployment-average-235-6408bf1245b2-66b6cd5795-7dcb4_default,free-deployment-average-235-6408bf1245b2,0.500000,0,average,1742409336,146817,343,34436,false,0.263990,-363.741368,566114,697,203302,0
1742409522,free-deployment-average-250-bf2cd9a9df35-66cc95787b-b9rnd_default,free-deployment-average-250-bf2cd9a9df35,0.500000,0,average,1742409341,146858,261,34560,false,0.251988,-368.209784,553684,1215,186933,0
1742409527,free-deployment-average-191-c533d75b39f3-5c7d778dbc-fr9b6_default,free-deployment-average-191-c533d75b39f3,0.500000,0,average,1742409346,146818,344,34534,false,0.240532,-372.416356,542812,1719,172458,0
1742409532,free-deployment-average-232-7c269ee1ebcf-7654cf795b-mhxxl_default,free-deployment-average-232-7c269ee1ebcf,0.500000,0,average,1742409351,146858,340,34558,false,0.256280,-376.070608,572367,1034,197589,0
1742409537,free-deployment-average-247-67d9919c78ed-6c59cfcdbd-q57zh_default,free-deployment-average-247-67d9919c78ed,0.500000,0,average,1742409356,146898,342,34476,false,0.237643,-380.861582,551129,1723,172335,0
1742409542,free-deployment-average-206-b7bccfe3c978-6f86657cfc-z9trs_default,free-deployment-average-206-b7bccfe3c978,0.500000,0,average,1742409361,146938,340,34477,false,0.237309,-381.996576,552330,1712,172388,0
1742409547,free-deployment-average-255-a1f36ae7017b-6797ccd5df-2xmtl_default,free-deployment-average-255-a1f36ae7017b,0.500000,0,average,1742409366,146978,343,34476,false,0.236590,-384.063010,554532,1558,172338,0
1742409552,free-deployment-average-227-d0b13cfb120d-7774d7c478-wx6r2_default,free-deployment-average-227-d0b13cfb120d,0.500000,0,average,1742409371,147018,343,34475,false,0.236170,-385.318242,555571,1711,172307,0
1742409557,free-deployment-average-249-d647bdfefa1a-5c8c6874bc-p6z2w_default,free-deployment-average-249-d647bdfefa1a,0.500000,0,average,1742409376,147058,344,34395,false,0.256189,-389.513975,592837,956,204519,0
1742409562,free-deployment-average-223-f31459c0d4e3-68fdc858c5-dqcjp_default,free-deployment-average-223-f31459c0d4e3,0.500000,0,average,1742409381,147098,343,34396,false,0.233320,-394.389259,564812,1633,172383,0
1742409567,free-deployment-average-233-3f5aa011b66d-5f64d78d8f-p6lb2_default,free-deployment-average-233-3f5aa011b66d,0.500000,0,average,1742409386,147139,262,34476,false,0.248354,-399.214701,594525,1297,196868,0
1742409572,free-deployment-average-244-4ffc0dc813ac-6c6db8556c-kchv7_default,free-deployment-average-244-4ffc0dc813ac,0.500000,0,average,1742409391,147097,343,34476,false,0.248326,-403.361155,600568,1378,198861,0
1742409577,free-deployment-average-205-3b155121ce45-f7cc95947-n89g6_default,free-deployment-average-205-3b155121ce45,0.500000,0,average,1742409396,147138,344,34435,false,0.229216,-407.710117,578171,1634,172423,0
1742409582,free-deployment-average-220-b61f8ab675e4-7f7867b4d-4ps2m_default,free-deployment-average-220-b61f8ab675e4,0.500000,0,average,1742409406,142177,343,34476,false,0.239175,-410.795796,597098,1646,188223,0
1742409587,free-deployment-average-234-3765fa888fdc-7b5c996c97-cwf48_default,free-deployment-average-234-3765fa888fdc,0.500000,0,average,1742409401,152218,263,34515,false,0.226863,-415.693371,586333,1554,172505,0
1742409593,free-deployment-average-229-ce1b964415b0-7b67544488-l7q64_default,free-deployment-average-229-ce1b964415b0,0.500000,0,average,1742409411,147178,343,34565,false,0.225555,-420.067718,590492,1710,172477,0
1742409598,free-deployment-average-218-cad900b1d79c-798d87c4d9-xqplq_default,free-deployment-average-218-cad900b1d79c,0.500000,0,average,1742409416,147217,343,34555,false,0.253124,-424.984171,641808,694,217750,0
1742409603,free-deployment-average-200-9a8d7103c7e7-85c85c8fb6-45mxq_default,free-deployment-average-200-9a8d7103c7e7,0.500000,0,average,1742409421,147258,342,34536,false,0.222693,-429.509407,599772,1715,172322,0
1742409608,free-deployment-average-256-2c2981a5c8b4-b655c8bbd-pq8fs_default,free-deployment-average-256-2c2981a5c8b4,0.500000,0,average,1742409426,147299,341,34476,false,0.236386,-429.918565,620540,1719,192627,0
1742409613,free-deployment-average-161-08923ba80ac5-5bc49b6765-2v9cw_default,free-deployment-average-161-08923ba80ac5,0.500000,0,average,1742409432,146338,343,34475,false,0.247301,-432.460264,642764,952,211495,0
1742409618,free-deployment-average-162-451b13fa1346-fbfbc8dd9-5ngsh_default,free-deployment-average-162-451b13fa1346,0.500000,0,average,1742409437,146377,343,34457,false,0.242381,-436.111036,639486,1376,205027,0
1742409623,free-deployment-average-252-f1ffeac2571a-7ccdb8bf8b-lqrp9_default,free-deployment-average-252-f1ffeac2571a,0.500000,0,average,1742409442,146418,343,34475,false,0.240737,-438.258743,639584,1724,203337,0
1742409628,free-deployment-average-183-c57965d8fd91-7d7457c7c4-zxszt_default,free-deployment-average-183-c57965d8fd91,0.500000,0,average,1742409447,146458,343,34476,false,0.239992,-436.580392,636029,1637,201359,0
1742409633,free-deployment-average-237-dea82c01cd93-5958c5b488-rl7hb_default,free-deployment-average-237-dea82c01cd93,0.500000,0,average,1742409452,146498,342,34475,false,0.245264,-440.452532,650909,1219,211919,0
1742409638,free-deployment-average-165-00dfcfbf3443-5d77947bc8-8td4t_default,free-deployment-average-165-00dfcfbf3443,0.500000,0,average,1742409457,146538,263,34555,false,0.248944,-443.477371,662150,873,219765,0
1742409643,free-deployment-average-211-b1a17f63af01-599f865fb-54l56_default,free-deployment-average-211-b1a17f63af01,0.500000,0,average,1742409462,146497,343,34556,false,0.255736,-447.133454,680152,695,233945,0
1742409648,free-deployment-average-238-9ef284ab7f0b-7b678fd5f6-cmzjw_default,free-deployment-average-238-9ef284ab7f0b,0.500000,0,average,1742409467,146538,342,34477,false,0.248420,-444.359488,661966,1371,219252,0
1742409653,free-deployment-average-196-8e0c80fba3ef-8cb648cf6-bczql_default,free-deployment-average-196-8e0c80fba3ef,0.500000,0,average,1742409472,146578,342,34477,false,0.241627,-449.184397,657175,1643,209908,0
1742409658,free-deployment-average-225-379a7f77f5c1-6797695698-fd785_default,free-deployment-average-225-379a7f77f5c1,0.500000,0,average,1742409477,146618,343,34435,false,0.253058,-448.739790,677243,1033,229794,0
1742409663,free-deployment-average-240-3f39cd2a269a-7855fc9c58-l57lm_default,free-deployment-average-240-3f39cd2a269a,0.500000,0,average,1742409482,146658,342,34476,false,0.243038,-452.659816,664482,1800,213923,0
1742409668,free-deployment-average-167-579780d54b9a-8699db587d-8gzmg_default,free-deployment-average-167-579780d54b9a,0.500000,0,average,1742409487,146698,340,34477,false,0.249465,-454.069871,678349,1373,225927,0
1742409673,free-deployment-average-254-2a259b4c2303-77f8b4f8b8-9hbz9_default,free-deployment-average-254-2a259b4c2303,0.500000,0,average,1742409492,146738,342,34476,false,0.237850,-456.266835,660790,1981,206835,0
1742409678,free-deployment-average-195-9a37d9cb60ac-5f5c56f7db-tc6h2_default,free-deployment-average-195-9a37d9cb60ac,0.500000,0,average,1742409497,146778,262,34556,false,0.238778,-459.316337,666840,1987,209795,0
1742409683,free-deployment-average-224-fe2046edffe9-657cfc4445-74jbw_default,free-deployment-average-224-fe2046edffe9,0.500000,0,average,1742409502,146738,340,34477,false,0.235727,-464.342721,668991,1969,206946,0
1742409688,free-deployment-average-253-5798b6ec0f57-76f64b6c76-zd7f4_default,free-deployment-average-253-5798b6ec0f57,0.500000,0,average,1742409507,146777,344,34435,false,0.234790,-467.665534,672228,1973,206865,0
1742409693,free-deployment-average-207-723bc853e759-7c8d79f999-f7fpq_default,free-deployment-average-207-723bc853e759,0.500000,0,average,1742409512,146818,341,34477,false,0.233723,-471.813671,676428,1977,206921,0
1742409698,free-deployment-average-235-6408bf1245b2-66b6cd5795-7t7t5_default,free-deployment-average-235-6408bf1245b2,0.500000,0,average,1742409517,146857,343,34476,false,0.249839,-476.473711,712971,1040,237799,0
1742409703,free-deployment-average-250-bf2cd9a9df35-66cc95787b-4sq5h_default,free-deployment-average-250-bf2cd9a9df35,0.500000,0,average,1742409522,146898,340,34478,false,0.239740,-480.986304,700583,1555,221412,0
1742409708,free-deployment-average-191-c533d75b39f3-5c7d778dbc-clxc6_default,free-deployment-average-191-c533d75b39f3,0.500000,0,average,1742409527,146938,342,34477,false,0.230267,-485.199147,689750,2061,206956,0
1742409713,free-deployment-average-232-7c269ee1ebcf-7654cf795b-2x6vx_default,free-deployment-average-232-7c269ee1ebcf,0.500000,0,average,1742409532,146978,260,34559,false,0.243652,-488.750301,719345,1295,232149,0
1742409718,free-deployment-average-247-67d9919c78ed-6c59cfcdbd-wgd5b_default,free-deployment-average-247-67d9919c78ed,0.500000,0,average,1742409537,146938,343,34556,false,0.228099,-493.587117,698067,2066,206892,0
1742409723,free-deployment-average-206-b7bccfe3c978-6f86657cfc-cnbl8_default,free-deployment-average-206-b7bccfe3c978,0.500000,0,average,1742409542,146978,341,34557,false,0.227837,-494.758550,699309,2053,206946,0
1742409728,free-deployment-average-255-a1f36ae7017b-6797ccd5df-s42nn_default,free-deployment-average-255-a1f36ae7017b,0.500000,0,average,1742409547,147017,343,34456,false,0.227186,-496.973026,701550,1901,206795,0
1742409733,free-deployment-average-227-d0b13cfb120d-7774d7c478-m9ftz_default,free-deployment-average-227-d0b13cfb120d,0.500000,0,average,1742409552,147058,340,34479,false,0.226872,-498.237207,702630,2052,206787,0
1742409738,free-deployment-average-249-d647bdfefa1a-5c8c6874bc-msvxl_default,free-deployment-average-249-d647bdfefa1a,0.500000,0,average,1742409557,147098,343,34435,false,0.243785,-502.539863,739936,1299,238955,0
1742409743,free-deployment-average-223-f31459c0d4e3-68fdc858c5-6td4z_default,free-deployment-average-223-f31459c0d4e3,0.500000,0,average,1742409562,147138,339,34439,false,0.224625,-507.430400,711950,1973,206823,0
1742409748,free-deployment-average-233-3f5aa011b66d-5f64d78d8f-k8pml_default,free-deployment-average-233-3f5aa011b66d,0.500000,0,average,1742409567,147178,342,34476,false,0.237353,-512.272558,741703,1640,231345,0
1742409754,free-deployment-average-244-4ffc0dc813ac-6c6db8556c-cfdvb_default,free-deployment-average-244-4ffc0dc813ac,0.500000,0,average,1742409572,147218,339,34479,false,0.237414,-516.450582,747787,1718,233341,0
1742409759,free-deployment-average-205-3b155121ce45-f7cc95947-dgn9p_default,free-deployment-average-205-3b155121ce45,0.500000,0,average,1742409577,147258,262,34557,false,0.221551,-520.642153,725430,1897,207001,0
1742409764,free-deployment-average-220-b61f8ab675e4-7f7867b4d-dcb42_default,free-deployment-average-220-b61f8ab675e4,0.500000,0,average,1742409582,147218,343,34555,false,0.229886,-523.811057,744316,1989,222779,0
1742409769,free-deployment-average-234-3765fa888fdc-7b5c996c97-lqxsh_default,free-deployment-average-234-3765fa888fdc,0.500000,0,average,1742409587,147257,343,34555,false,0.219681,-528.744990,733591,1898,207060,0
1742409774,free-deployment-average-229-ce1b964415b0-7b67544488-g8fb4_default,free-deployment-average-229-ce1b964415b0,0.500000,0,average,1742409592,147299,339,34478,false,0.218585,-533.227317,737791,2049,206956,0
1742409779,free-deployment-average-218-cad900b1d79c-798d87c4d9-rg7rt_default,free-deployment-average-218-cad900b1d79c,0.500000,0,average,1742409598,146338,342,34476,false,0.242198,-537.215414,788147,1036,252227,0
1742409784,free-deployment-average-200-9a8d7103c7e7-85c85c8fb6-tfthb_default,free-deployment-average-200-9a8d7103c7e7,0.500000,0,average,1742409603,146378,340,34438,false,0.216527,-541.769768,746151,2056,206780,0
1742409789,free-deployment-average-256-2c2981a5c8b4-b655c8bbd-xl7v6_default,free-deployment-average-256-2c2981a5c8b4,0.500000,0,average,1742409608,146418,343,34476,false,0.227987,-542.212101,766958,2062,227103,0
1742409794,free-deployment-average-161-08923ba80ac5-5bc49b6765-tj7fs_default,free-deployment-average-161-08923ba80ac5,0.500000,0,average,1742409613,146458,342,34476,false,0.237312,-544.806050,789223,1295,245971,0
1742409799,free-deployment-average-162-451b13fa1346-fbfbc8dd9-nzx4f_default,free-deployment-average-162-451b13fa1346,0.500000,0,average,1742409618,146498,340,34479,false,0.233177,-548.462096,785984,1716,239525,0
1742409804,free-deployment-average-252-f1ffeac2571a-7ccdb8bf8b-thwtx_default,free-deployment-average-252-f1ffeac2571a,0.500000,0,average,1742409623,146538,262,34537,false,0.231850,-550.518442,786122,1986,237874,0
1742409809,free-deployment-average-183-c57965d8fd91-7d7457c7c4-5gx7w_default,free-deployment-average-183-c57965d8fd91,0.500000,0,average,1742409628,146498,340,34559,false,0.231197,-548.869095,782527,1978,235919,0
1742409814,free-deployment-average-237-dea82c01cd93-5958c5b488-bgdvf_default,free-deployment-average-237-dea82c01cd93,0.500000,0,average,1742409633,146537,344,34475,false,0.235693,-552.875975,797447,1563,246395,0
1742409819,free-deployment-average-165-00dfcfbf3443-5d77947bc8-ptkfq_default,free-deployment-average-165-00dfcfbf3443,0.500000,0,average,1742409638,146577,341,34478,false,0.238910,-555.941463,808728,1215,254244,0
1742409824,free-deployment-average-211-b1a17f63af01-599f865fb-jbjwd_default,free-deployment-average-211-b1a17f63af01,0.500000,0,average,1742409643,146618,342,34476,false,0.244860,-559.644721,826771,1037,268422,0
1742409829,free-deployment-average-238-9ef284ab7f0b-7b678fd5f6-zhfbj_default,free-deployment-average-238-9ef284ab7f0b,0.500000,0,average,1742409648,146658,340,34458,false,0.238440,-556.911257,808625,1712,253711,0
1742409834,free-deployment-average-196-8e0c80fba3ef-8cb648cf6-9hxmg_default,free-deployment-average-196-8e0c80fba3ef,0.500000,0,average,1742409653,146698,342,34397,false,0.232635,-561.837493,803873,1986,244305,0
1742409839,free-deployment-average-225-379a7f77f5c1-6797695698-dkg6b_default,free-deployment-average-225-379a7f77f5c1,0.500000,0,average,1742409658,146738,341,34398,false,0.242494,-561.416951,823981,1374,264213,0
1742409844,free-deployment-average-240-3f39cd2a269a-7855fc9c58-trxrq_default,free-deployment-average-240-3f39cd2a269a,0.500000,0,average,1742409663,146777,264,34475,false,0.233959,-565.221000,811260,2065,248399,0
1742409849,free-deployment-average-167-579780d54b9a-8699db587d-4cwnb_default,free-deployment-average-167-579780d54b9a,0.500000,0,average,1742409668,146738,340,34478,false,0.239519,-566.680353,825087,1713,260406,0
1742409854,free-deployment-average-254-2a259b4c2303-77f8b4f8b8-c45vv_default,free-deployment-average-254-2a259b4c2303,0.500000,0,average,1742409673,146779,342,34475,false,0.229557,-568.914051,807569,2324,241312,0
1742409859,free-deployment-average-224-fe2046edffe9-657cfc4445-z6jd7_default,free-deployment-average-224-fe2046edffe9,0.500000,0,average,1742409683,141817,341,34478,false,0.228938,-572.024174,810809,2310,241425,0
1742409864,free-deployment-average-195-9a37d9cb60ac-5f5c56f7db-g92rk_default,free-deployment-average-195-9a37d9cb60ac,0.500000,0,average,1742409678,151858,263,34556,false,0.229374,-576.878464,818698,2250,244352,0
1742409869,free-deployment-average-253-5798b6ec0f57-76f64b6c76-fpfkp_default,free-deployment-average-253-5798b6ec0f57,0.500000,0,average,1742409688,146818,340,34559,false,0.227177,-580.246701,819046,2314,241444,0
1742409874,free-deployment-average-207-723bc853e759-7c8d79f999-kq7bp_default,free-deployment-average-207-723bc853e759,0.500000,0,average,1742409693,146858,343,34556,false,0.226297,-584.461286,823286,2321,241478,0
1742409879,free-deployment-average-235-6408bf1245b2-66b6cd5795-8w96z_default,free-deployment-average-235-6408bf1245b2,0.500000,0,average,1742409698,146898,340,34518,false,0.240231,-589.209967,859870,1381,272318,0
1742409884,free-deployment-average-250-bf2cd9a9df35-66cc95787b-lx6wg_default,free-deployment-average-250-bf2cd9a9df35,0.500000,0,average,1742409703,146937,343,34556,false,0.231564,-593.722878,847521,1899,255968,0
1742409889,free-deployment-average-191-c533d75b39f3-5c7d778dbc-sq5jq_default,free-deployment-average-191-c533d75b39f3,0.500000,0,average,1742409708,146978,343,34556,false,0.223490,-597.963412,836729,2404,241513,0
1742409894,free-deployment-average-232-7c269ee1ebcf-7654cf795b-g4d9h_default,free-deployment-average-232-7c269ee1ebcf,0.500000,0,average,1742409713,147018,342,34557,false,0.235045,-601.567310,866363,1637,266707,0
1742409899,free-deployment-average-247-67d9919c78ed-6c59cfcdbd-9jndd_default,free-deployment-average-247-67d9919c78ed,0.500000,0,average,1742409718,147058,340,34478,false,0.221664,-606.507313,845126,2407,241370,0
1742409904,free-deployment-average-206-b7bccfe3c978-6f86657cfc-f9jt5_default,free-deployment-average-206-b7bccfe3c978,0.500000,0,average,1742409723,147098,343,34476,false,0.221443,-607.723815,846407,2396,241423,0
1742409909,free-deployment-average-255-a1f36ae7017b-6797ccd5df-q7zm9_default,free-deployment-average-255-a1f36ae7017b,0.500000,0,average,1742409728,147138,340,34479,false,0.220921,-609.955429,848688,2241,241295,0
1742409914,free-deployment-average-227-d0b13cfb120d-7774d7c478-pmr98_default,free-deployment-average-227-d0b13cfb120d,0.500000,0,average,1742409733,147178,342,34475,false,0.220641,-611.282431,849808,2395,241263,0
1742409920,free-deployment-average-249-d647bdfefa1a-5c8c6874bc-49cfb_default,free-deployment-average-249-d647bdfefa1a,0.500000,0,average,1742409738,147218,343,34475,false,0.235278,-615.618846,887154,1642,273452,0
1742409925,free-deployment-average-223-f31459c0d4e3-68fdc858c5-5nk6m_default,free-deployment-average-223-f31459c0d4e3,0.500000,0,average,1742409743,147258,345,34474,false,0.218814,-620.541579,859209,2318,241317,0
1742409929,free-deployment-average-233-3f5aa011b66d-5f64d78d8f-clfdp_default,free-deployment-average-233-3f5aa011b66d,0.500000,0,average,1742409748,147299,261,34436,false,0.229779,-625.394711,889002,1902,265782,0
1742409935,free-deployment-average-244-4ffc0dc813ac-6c6db8556c-5zf75_default,free-deployment-average-244-4ffc0dc813ac,0.500000,0,average,1742409753,147258,342,34436,false,0.229875,-629.623473,895045,2061,267778,0
1742409940,free-deployment-average-205-3b155121ce45-f7cc95947-ktppm_default,free-deployment-average-205-3b155121ce45,0.500000,0,average,1742409758,147298,343,34476,false,0.216292,-633.811238,872729,2240,241478,0
1742409945,free-deployment-average-220-b61f8ab675e4-7f7867b4d-zszmg_default,free-deployment-average-220-b61f8ab675e4,0.500000,0,average,1742409764,146338,343,34475,false,0.223653,-636.023886,890654,2333,257255,0
1742409950,free-deployment-average-234-3765fa888fdc-7b5c996c97-k8wlb_default,free-deployment-average-234-3765fa888fdc,0.500000,0,average,1742409769,146377,345,34395,false,0.214882,-641.076137,879968,2243,241456,0
1742409955,free-deployment-average-229-ce1b964415b0-7b67544488-s45pz_default,free-deployment-average-229-ce1b964415b0,0.500000,0,average,1742409774,146417,344,34395,false,0.213973,-645.594530,884209,2394,241351,0
1742409960,free-deployment-average-218-cad900b1d79c-798d87c4d9-8xt9z_default,free-deployment-average-218-cad900b1d79c,0.500000,0,average,1742409779,146458,263,34436,false,0.234477,-649.500747,934605,1299,286664,0
1742409965,free-deployment-average-200-9a8d7103c7e7-85c85c8fb6-7tx5f_default,free-deployment-average-200-9a8d7103c7e7,0.500000,0,average,1742409784,146417,341,34479,false,0.212334,-654.049105,892568,2397,241259,0
1742409970,free-deployment-average-256-2c2981a5c8b4-b655c8bbd-dhpk7_default,free-deployment-average-256-2c2981a5c8b4,0.500000,0,average,1742409789,146458,342,34436,false,0.222141,-654.583006,913417,2405,261540,0
1742409975,free-deployment-average-161-08923ba80ac5-5bc49b6765-fff2s_default,free-deployment-average-161-08923ba80ac5,0.500000,0,average,1742409794,146498,343,34476,false,0.230290,-657.184833,935721,1638,280448,0
1742409980,free-deployment-average-162-451b13fa1346-fbfbc8dd9-fsnht_default,free-deployment-average-162-451b13fa1346,0.500000,0,average,1742409799,146538,263,34554,false,0.226778,-660.706284,932523,1980,274080,0
1742409985,free-deployment-average-252-f1ffeac2571a-7ccdb8bf8b-56x98_default,free-deployment-average-252-f1ffeac2571a,0.500000,0,average,1742409804,146497,343,34555,false,0.225650,-662.792713,932620,2330,272449,0
1742409990,free-deployment-average-183-c57965d8fd91-7d7457c7c4-vkpzk_default,free-deployment-average-183-c57965d8fd91,0.500000,0,average,1742409809,146538,343,34556,false,0.225047,-661.201533,929066,2321,270476,0
1742409995,free-deployment-average-237-dea82c01cd93-5958c5b488-p9mzb_default,free-deployment-average-237-dea82c01cd93,0.500000,0,average,1742409814,146578,340,34558,false,0.228998,-665.246954,944025,1903,280954,0
1742410000,free-deployment-average-165-00dfcfbf3443-5d77947bc8-7vhxg_default,free-deployment-average-165-00dfcfbf3443,0.500000,0,average,1742409819,146618,342,34555,false,0.231837,-668.363409,955346,1557,288800,0
1742410005,free-deployment-average-211-b1a17f63af01-599f865fb-d2tdg_default,free-deployment-average-211-b1a17f63af01,0.500000,0,average,1742409824,146658,340,34557,false,0.237113,-672.102552,973429,1378,302980,0
1742410010,free-deployment-average-238-9ef284ab7f0b-7b678fd5f6-hqv7h_default,free-deployment-average-238-9ef284ab7f0b,0.500000,0,average,1742409829,146697,343,34536,false,0.231420,-669.404646,955323,2055,288268,0
1742410015,free-deployment-average-196-8e0c80fba3ef-8cb648cf6-8qvwt_default,free-deployment-average-196-8e0c80fba3ef,0.500000,0,average,1742409834,146738,340,34558,false,0.226387,-674.364994,950611,2327,278864,0
1742410020,free-deployment-average-225-379a7f77f5c1-6797695698-bp45b_default,free-deployment-average-225-379a7f77f5c1,0.500000,0,average,1742409839,146778,343,34475,false,0.234973,-674.073825,970759,1717,298690,0
1742410025,free-deployment-average-240-3f39cd2a269a-7855fc9c58-m5ts6_default,free-deployment-average-240-3f39cd2a269a,0.500000,0,average,1742409844,146817,340,34459,false,0.227499,-677.926182,958078,2405,282859,0
1742410030,free-deployment-average-167-579780d54b9a-8699db587d-rl5h2_default,free-deployment-average-167-579780d54b9a,0.500000,0,average,1742409849,146858,344,34473,false,0.232393,-679.418916,971946,2058,294880,0
1742410035,free-deployment-average-254-2a259b4c2303-77f8b4f8b8-rp8xw_default,free-deployment-average-254-2a259b4c2303,0.500000,0,average,1742409854,146897,341,34478,false,0.223689,-681.675034,954467,2665,275791,0
1742410040,free-deployment-average-224-fe2046edffe9-657cfc4445-svt7f_default,free-deployment-average-224-fe2046edffe9,0.500000,0,average,1742409859,146937,344,34395,false,0.223116,-684.912385,957747,2655,275821,0
1742410045,free-deployment-average-195-9a37d9cb60ac-5f5c56f7db-hs8q9_default,free-deployment-average-195-9a37d9cb60ac,0.500000,0,average,1742409864,146977,344,34395,false,0.223531,-689.812676,965676,2595,278748,0
1742410050,free-deployment-average-253-5798b6ec0f57-76f64b6c76-g567c_default,free-deployment-average-253-5798b6ec0f57,0.500000,0,average,1742409869,147018,263,34475,false,0.221701,-693.044215,966065,2577,275920,0
1742410055,free-deployment-average-207-723bc853e759-7c8d79f999-mvk24_default,free-deployment-average-207-723bc853e759,0.500000,0,average,1742409874,146978,340,34479,false,0.220963,-697.302179,970265,2661,275957,0
1742410060,free-deployment-average-235-6408bf1245b2-66b6cd5795-kp92k_default,free-deployment-average-235-6408bf1245b2,0.500000,0,average,1742409879,147017,345,34474,false,0.233230,-702.110221,1006887,1727,306792,0
1742410065,free-deployment-average-250-bf2cd9a9df35-66cc95787b-tplvf_default,free-deployment-average-250-bf2cd9a9df35,0.500000,0,average,1742409884,147058,341,34480,false,0.225632,-706.651254,994579,2241,290449,0
1742410070,free-deployment-average-191-c533d75b39f3-5c7d778dbc-z2w6d_default,free-deployment-average-191-c533d75b39f3,0.500000,0,average,1742409889,147097,263,34556,false,0.218659,-710.756956,983826,2667,276071,0
1742410075,free-deployment-average-232-7c269ee1ebcf-7654cf795b-mzqbx_default,free-deployment-average-232-7c269ee1ebcf,0.500000,0,average,1742409894,147058,342,34477,false,0.228762,-714.500189,1013422,1979,301184,0
1742410080,free-deployment-average-247-67d9919c78ed-6c59cfcdbd-rxzdk_default,free-deployment-average-247-67d9919c78ed,0.500000,0,average,1742409899,147098,342,34436,false,0.217038,-719.511230,992224,2750,275807,0
1742410085,free-deployment-average-206-b7bccfe3c978-6f86657cfc-974qp_default,free-deployment-average-206-b7bccfe3c978,0.500000,0,average,1742409904,147138,340,34478,false,0.216872,-720.724600,993546,2737,275901,0
1742410090,free-deployment-average-255-a1f36ae7017b-6797ccd5df-grbsm_default,free-deployment-average-255-a1f36ae7017b,0.500000,0,average,1742409909,147178,342,34476,false,0.216424,-723.002362,995866,2584,275772,0
1742410096,free-deployment-average-227-d0b13cfb120d-7774d7c478-n6d5x_default,free-deployment-average-227-d0b13cfb120d,0.500000,0,average,1742409914,147218,340,34460,false,0.216172,-724.380356,997026,2735,275723,0
1742410101,free-deployment-average-249-d647bdfefa1a-5c8c6874bc-rsgkm_default,free-deployment-average-249-d647bdfefa1a,0.500000,0,average,1742409919,147257,343,34476,false,0.229058,-728.752938,1034412,1985,307929,0
1742410106,free-deployment-average-223-f31459c0d4e3-68fdc858c5-plsg9_default,free-deployment-average-223-f31459c0d4e3,0.500000,0,average,1742409924,147300,260,34556,false,0.214694,-733.537507,1006509,2579,275873,0
1742410111,free-deployment-average-233-3f5aa011b66d-5f64d78d8f-ps5wt_default,free-deployment-average-233-3f5aa011b66d,0.500000,0,average,1742409929,147259,341,34557,false,0.224339,-738.425375,1036261,2243,300360,0
1742410116,free-deployment-average-244-4ffc0dc813ac-6c6db8556c-g4dnc_default,free-deployment-average-244-4ffc0dc813ac,0.500000,0,average,1742409934,147299,343,34555,false,0.224447,-742.696531,1042345,2404,302353,0
1742410121,free-deployment-average-205-3b155121ce45-f7cc95947-spkvg_default,free-deployment-average-205-3b155121ce45,0.500000,0,average,1742409940,146337,343,34555,false,0.212713,-745.939761,1019067,2583,276034,0
1742410126,free-deployment-average-234-3765fa888fdc-7b5c996c97-bbltv_default,free-deployment-average-234-3765fa888fdc,0.500000,0,average,1742409950,141378,339,34559,false,0.212329,-748.237483,1021347,2583,276016,0
1742410131,free-deployment-average-220-b61f8ab675e4-7f7867b4d-gr56v_default,free-deployment-average-220-b61f8ab675e4,0.500000,0,average,1742409945,151418,340,34517,false,0.218308,-753.270684,1042073,2674,291773,0
1742410136,free-deployment-average-229-ce1b964415b0-7b67544488-skcbk_default,free-deployment-average-229-ce1b964415b0,0.500000,0,average,1742409955,146458,343,34515,false,0.210703,-757.880313,1030668,2737,275867,0
1742410141,free-deployment-average-218-cad900b1d79c-798d87c4d9-7hz9q_default,free-deployment-average-218-cad900b1d79c,0.500000,0,average,1742409960,146498,340,34558,false,0.228808,-761.774596,1081104,1639,321243,0
1742410146,free-deployment-average-200-9a8d7103c7e7-85c85c8fb6-65mm2_default,free-deployment-average-200-9a8d7103c7e7,0.500000,0,average,1742409965,146538,344,34475,false,0.209274,-766.455940,1039106,2741,275735,0
1742410151,free-deployment-average-256-2c2981a5c8b4-b655c8bbd-jlx75_default,free-deployment-average-256-2c2981a5c8b4,0.500000,0,average,1742409970,146578,341,34478,false,0.217871,-767.007533,1059995,2746,296039,0
1742410156,free-deployment-average-161-08923ba80ac5-5bc49b6765-l224r_default,free-deployment-average-161-08923ba80ac5,0.500000,0,average,1742409975,146618,343,34475,false,0.225067,-769.680921,1082340,1982,314924,0
1742410161,free-deployment-average-162-451b13fa1346-fbfbc8dd9-hv4q5_default,free-deployment-average-162-451b13fa1346,0.500000,0,average,1742409980,146658,340,34479,false,0.221976,-773.233164,1079181,2321,308560,0
1742410166,free-deployment-average-252-f1ffeac2571a-7ccdb8bf8b-4d5rp_default,free-deployment-average-252-f1ffeac2571a,0.500000,0,average,1742409985,146697,344,34395,false,0.220937,-775.444371,1079318,2674,306845,0
1742410171,free-deployment-average-183-c57965d8fd91-7d7457c7c4-p2xh5_default,free-deployment-average-183-c57965d8fd91,0.500000,0,average,1742409990,146738,340,34399,false,0.220391,-773.886384,1075804,2661,304875,0
1742410176,free-deployment-average-237-dea82c01cd93-5958c5b488-kwmxn_default,free-deployment-average-237-dea82c01cd93,0.500000,0,average,1742409995,146778,263,34477,false,0.223964,-777.810233,1090803,2167,315431,0
1742410181,free-deployment-average-165-00dfcfbf3443-5d77947bc8-xv4md_default,free-deployment-average-165-00dfcfbf3443,0.500000,0,average,1742410000,146738,341,34438,false,0.226481,-781.015846,1102084,1899,323239,0
1742410186,free-deployment-average-211-b1a17f63af01-599f865fb-hlvnt_default,free-deployment-average-211-b1a17f63af01,0.500000,0,average,1742410005,146777,343,34476,false,0.231232,-784.758996,1120207,1721,337457,0
1742410191,free-deployment-average-238-9ef284ab7f0b-7b678fd5f6-47zmg_default,free-deployment-average-238-9ef284ab7f0b,0.500000,0,average,1742410010,146818,340,34398,false,0.226094,-782.151023,1102141,2396,322686,0
1742410196,free-deployment-average-196-8e0c80fba3ef-8cb648cf6-f2ldw_default,free-deployment-average-196-8e0c80fba3ef,0.500000,0,average,1742410015,146858,263,34455,false,0.221682,-787.026994,1097470,2590,313321,0
1742410201,free-deployment-average-225-379a7f77f5c1-6797695698-hx7r5_default,free-deployment-average-225-379a7f77f5c1,0.500000,0,average,1742410020,146818,340,34478,false,0.229328,-786.761197,1117577,2058,333169,0
1742410206,free-deployment-average-240-3f39cd2a269a-7855fc9c58-tghr4_default,free-deployment-average-240-3f39cd2a269a,0.500000,0,average,1742410025,146858,342,34476,false,0.222700,-790.634673,1104937,2748,317356,0
1742410211,free-deployment-average-167-579780d54b9a-8699db587d-rlx7j_default,free-deployment-average-167-579780d54b9a,0.500000,0,average,1742410030,146897,340,34458,false,0.227039,-792.204222,1118844,2399,329339,0
1742410216,free-deployment-average-254-2a259b4c2303-77f8b4f8b8-jjzz7_default,free-deployment-average-254-2a259b4c2303,0.500000,0,average,1742410035,146938,344,34474,false,0.219319,-794.483848,1101406,3009,310266,0
1742410221,free-deployment-average-224-fe2046edffe9-657cfc4445-fcktr_default,free-deployment-average-224-fe2046edffe9,0.500000,0,average,1742410040,146978,260,34517,false,0.218860,-797.626313,1104725,2915,310339,0
1742410226,free-deployment-average-195-9a37d9cb60ac-5f5c56f7db-t5xzt_default,free-deployment-average-195-9a37d9cb60ac,0.500000,0,average,1742410045,146938,343,34555,false,0.219269,-802.543344,1112615,2938,313304,0
1742410231,free-deployment-average-253-5798b6ec0f57-76f64b6c76-88x2m_default,free-deployment-average-253-5798b6ec0f57,0.500000,0,average,1742410050,146977,340,34539,false,0.217650,-805.825515,1113042,2918,310459,0
1742410236,free-deployment-average-207-723bc853e759-7c8d79f999-4bmlh_default,free-deployment-average-207-723bc853e759,0.500000,0,average,1742410055,147018,342,34556,false,0.217021,-810.107777,1117283,3004,310514,0
1742410241,free-deployment-average-235-6408bf1245b2-66b6cd5795-l47ql_default,free-deployment-average-235-6408bf1245b2,0.500000,0,average,1742410060,147057,343,34555,false,0.227966,-814.963498,1153945,2071,341348,0
1742410246,free-deployment-average-250-bf2cd9a9df35-66cc95787b-7f2sr_default,free-deployment-average-250-bf2cd9a9df35,0.500000,0,average,1742410065,147097,344,34556,false,0.221203,-819.542393,1141677,2585,325007,0
1742410252,free-deployment-average-191-c533d75b39f3-5c7d778dbc-dpxwb_default,free-deployment-average-191-c533d75b39f3,0.500000,0,average,1742410070,147138,343,34536,false,0.215016,-823.702822,1130965,3011,310608,0
1742410257,free-deployment-average-247-67d9919c78ed-6c59cfcdbd-hk24x_default,free-deployment-average-247-67d9919c78ed,0.500000,0,average,1742410080,142178,342,34555,false,0.214360,-827.476355,1134403,3092,310363,0
1742410262,free-deployment-average-232-7c269ee1ebcf-7654cf795b-hhcs6_default,free-deployment-average-232-7c269ee1ebcf,0.500000,0,average,1742410075,152218,343,34555,false,0.223276,-832.513220,1165640,2323,335740,0
1742410267,free-deployment-average-206-b7bccfe3c978-6f86657cfc-4gsrh_default,free-deployment-average-206-b7bccfe3c978,0.500000,0,average,1742410085,147258,340,34479,false,0.213429,-833.842694,1140804,3077,310381,0
1742410272,free-deployment-average-255-a1f36ae7017b-6797ccd5df-fmqmd_default,free-deployment-average-255-a1f36ae7017b,0.500000,0,average,1742410090,147298,344,34475,false,0.213032,-836.171170,1143164,2928,310248,0
1742410277,free-deployment-average-227-d0b13cfb120d-7774d7c478-6sgcc_default,free-deployment-average-227-d0b13cfb120d,0.500000,0,average,1742410095,147338,340,34478,false,0.212821,-837.561695,1144365,3076,310221,0
1742410282,free-deployment-average-249-d647bdfefa1a-5c8c6874bc-smfbk_default,free-deployment-average-249-d647bdfefa1a,0.500000,0,average,1742410100,147378,343,34477,false,0.224304,-842.004995,1181791,2329,342406,0
1742410287,free-deployment-average-223-f31459c0d4e3-68fdc858c5-xvw47_default,free-deployment-average-223-f31459c0d4e3,0.500000,0,average,1742410106,146418,340,34478,false,0.211671,-845.819791,1152928,2920,310352,0
1742410292,free-deployment-average-233-3f5aa011b66d-5f64d78d8f-v6v46_default,free-deployment-average-233-3f5aa011b66d,0.500000,0,average,1742410111,146457,344,34395,false,0.220225,-850.838269,1182719,2587,334756,0
1742410297,free-deployment-average-244-4ffc0dc813ac-6c6db8556c-ngg84_default,free-deployment-average-244-4ffc0dc813ac,0.500000,0,average,1742410116,146498,260,34478,false,0.220391,-854.972383,1188843,2665,336832,0
1742410302,free-deployment-average-205-3b155121ce45-f7cc95947-f2tgs_default,free-deployment-average-205-3b155121ce45,0.500000,0,average,1742410121,146457,344,34375,false,0.209898,-858.368833,1165525,2928,310410,0
1742410307,free-deployment-average-220-b61f8ab675e4-7f7867b4d-r96mp_default,free-deployment-average-220-b61f8ab675e4,0.500000,0,average,1742410131,141498,339,34359,false,0.215594,-860.753761,1183571,3014,326133,0
1742410312,free-deployment-average-234-3765fa888fdc-7b5c996c97-ccp5t_default,free-deployment-average-234-3765fa888fdc,0.500000,0,average,1742410126,151538,343,34395,false,0.208860,-865.725006,1172886,2926,310412,0
1742410317,free-deployment-average-229-ce1b964415b0-7b67544488-xxqws_default,free-deployment-average-229-ce1b964415b0,0.500000,0,average,1742410136,146578,339,34359,false,0.208140,-870.418579,1177246,3077,310247,0
1742410322,free-deployment-average-218-cad900b1d79c-798d87c4d9-k8nzv_default,free-deployment-average-218-cad900b1d79c,0.500000,0,average,1742410141,146618,263,34475,false,0.224380,-874.179265,1227722,1903,355719,0
1742410327,free-deployment-average-200-9a8d7103c7e7-85c85c8fb6-hlr98_default,free-deployment-average-200-9a8d7103c7e7,0.500000,0,average,1742410146,146578,340,34478,false,0.206950,-878.896124,1185685,3082,310214,0
1742410332,free-deployment-average-256-2c2981a5c8b4-b655c8bbd-bjxvp_default,free-deployment-average-256-2c2981a5c8b4,0.500000,0,average,1742410151,146618,263,34556,false,0.214642,-879.328059,1206613,3009,330596,0
1742410337,free-deployment-average-161-08923ba80ac5-5bc49b6765-lrlqq_default,free-deployment-average-161-08923ba80ac5,0.500000,0,average,1742410156,146578,341,34557,false,0.221090,-882.049965,1228918,2323,349482,0
1742410342,free-deployment-average-162-451b13fa1346-fbfbc8dd9-knn82_default,free-deployment-average-162-451b13fa1346,0.500000,0,average,1742410161,146617,343,34557,false,0.218326,-885.642502,1225799,2664,343117,0
1742410347,free-deployment-average-252-f1ffeac2571a-7ccdb8bf8b-d84g7_default,free-deployment-average-252-f1ffeac2571a,0.500000,0,average,1742410166,146658,339,34559,false,0.217401,-887.887584,1225976,3014,341405,0
1742410352,free-deployment-average-183-c57965d8fd91-7d7457c7c4-4x6tn_default,free-deployment-average-183-c57965d8fd91,0.500000,0,average,1742410171,146698,343,34556,false,0.216898,-886.376244,1222503,3004,339431,0
1742410357,free-deployment-average-237-dea82c01cd93-5958c5b488-zb6cf_default,free-deployment-average-237-dea82c01cd93,0.500000,0,average,1742410176,146738,340,34559,false,0.220115,-890.336784,1237541,2507,349991,0
1742410362,free-deployment-average-165-00dfcfbf3443-5d77947bc8-x5xfw_default,free-deployment-average-165-00dfcfbf3443,0.500000,0,average,1742410181,146778,344,34554,false,0.222384,-893.593295,1248863,2243,357794,0
1742410367,free-deployment-average-211-b1a17f63af01-599f865fb-8zv5j_default,free-deployment-average-211-b1a17f63af01,0.500000,0,average,1742410186,146818,340,34559,false,0.226687,-897.366015,1267025,2062,372016,0
1742410372,free-deployment-average-238-9ef284ab7f0b-7b678fd5f6-djr79_default,free-deployment-average-238-9ef284ab7f0b,0.500000,0,average,1742410191,146858,339,34559,false,0.222033,-894.793860,1248999,2736,357246,0
1742410377,free-deployment-average-196-8e0c80fba3ef-8cb648cf6-s675b_default,free-deployment-average-196-8e0c80fba3ef,0.500000,0,average,1742410196,146898,342,34557,false,0.218091,-899.695547,1244368,2932,347898,0
1742410382,free-deployment-average-225-379a7f77f5c1-6797695698-8b5jg_default,free-deployment-average-225-379a7f77f5c1,0.500000,0,average,1742410201,146938,340,34479,false,0.224922,-899.566315,1264516,2398,367648,0
1742410387,free-deployment-average-240-3f39cd2a269a-7855fc9c58-kgkdg_default,free-deployment-average-240-3f39cd2a269a,0.500000,0,average,1742410206,146977,343,34476,false,0.218960,-903.482626,1251915,3091,351833,0
1742410392,free-deployment-average-167-579780d54b9a-8699db587d-tm9h2_default,free-deployment-average-167-579780d54b9a,0.500000,0,average,1742410211,147018,340,34458,false,0.222870,-905.088694,1265862,2739,363818,0
1742410397,free-deployment-average-254-2a259b4c2303-77f8b4f8b8-fnv4k_default,free-deployment-average-254-2a259b4c2303,0.500000,0,average,1742410216,147057,343,34476,false,0.215929,-907.409673,1248464,3353,344743,0
1742410402,free-deployment-average-224-fe2046edffe9-657cfc4445-jdv6b_default,free-deployment-average-224-fe2046edffe9,0.500000,0,average,1742410221,147098,340,34479,false,0.215535,-910.567516,1251823,3256,344838,0
1742410407,free-deployment-average-195-9a37d9cb60ac-5f5c56f7db-gzn2s_default,free-deployment-average-195-9a37d9cb60ac,0.500000,0,average,1742410226,147137,343,34436,false,0.215884,-915.591966,1259753,3281,347741,0
1742410412,free-deployment-average-253-5798b6ec0f57-76f64b6c76-dhbsz_default,free-deployment-average-253-5798b6ec0f57,0.500000,0,average,1742410231,147177,260,34439,false,0.214459,-918.798474,1260220,3179,344919,0
1742410417,free-deployment-average-207-723bc853e759-7c8d79f999-2flsm_default,free-deployment-average-207-723bc853e759,0.500000,0,average,1742410236,147138,342,34476,false,0.213913,-923.113393,1264422,3347,344990,0
1742410422,free-deployment-average-235-6408bf1245b2-66b6cd5795-c6tjv_default,free-deployment-average-235-6408bf1245b2,0.500000,0,average,1742410241,147177,343,34476,false,0.223790,-928.014291,1301123,2414,375825,0
1742410427,free-deployment-average-250-bf2cd9a9df35-66cc95787b-njckm_default,free-deployment-average-250-bf2cd9a9df35,0.500000,0,average,1742410246,147218,342,34396,false,0.217658,-932.712691,1288895,2927,359403,0
1742410432,free-deployment-average-191-c533d75b39f3-5c7d778dbc-h55fp_default,free-deployment-average-191-c533d75b39f3,0.500000,0,average,1742410251,147258,343,34396,false,0.212113,-936.889698,1278223,3354,345023,0
1742410438,free-deployment-average-247-67d9919c78ed-6c59cfcdbd-xswvk_default,free-deployment-average-247-67d9919c78ed,0.500000,0,average,1742410256,147298,343,34396,false,0.211523,-940.721323,1281701,3436,344760,0
1742410443,free-deployment-average-232-7c269ee1ebcf-7654cf795b-945fb_default,free-deployment-average-232-7c269ee1ebcf,0.500000,0,average,1742410262,146337,261,34478,false,0.219744,-944.629875,1311978,2584,370220,0
1742410448,free-deployment-average-206-b7bccfe3c978-6f86657cfc-bxnb5_default,free-deployment-average-206-b7bccfe3c978,0.500000,0,average,1742410266,147298,343,34474,false,0.210744,-947.009626,1288103,3421,344857,0
1742410453,free-deployment-average-255-a1f36ae7017b-6797ccd5df-lhq2v_default,free-deployment-average-255-a1f36ae7017b,0.500000,0,average,1742410272,146338,344,34475,false,0.210518,-948.380764,1289503,3273,344723,0
1742410458,free-deployment-average-227-d0b13cfb120d-7774d7c478-vxk95_default,free-deployment-average-227-d0b13cfb120d,0.500000,0,average,1742410277,146378,263,34555,false,0.210376,-949.639731,1290743,3339,344777,0
1742410463,free-deployment-average-249-d647bdfefa1a-5c8c6874bc-q8mg4_default,free-deployment-average-249-d647bdfefa1a,0.500000,0,average,1742410282,146338,343,34556,false,0.220735,-954.136387,1328129,2672,376963,0
1742410468,free-deployment-average-233-3f5aa011b66d-5f64d78d8f-4hgw2_default,free-deployment-average-233-3f5aa011b66d,0.500000,0,average,1742410292,141378,343,34556,false,0.217712,-958.007579,1324097,2930,369313,0
1742410473,free-deployment-average-223-f31459c0d4e3-68fdc858c5-ffsb6_default,free-deployment-average-223-f31459c0d4e3,0.500000,0,average,1742410287,151417,343,34557,false,0.208718,-963.025322,1304345,3263,344910,0
1742410478,free-deployment-average-244-4ffc0dc813ac-6c6db8556c-n79mh_default,free-deployment-average-244-4ffc0dc813ac,0.500000,0,average,1742410297,146457,344,34555,false,0.217225,-967.223059,1335301,3009,371389,0
1742410483,free-deployment-average-205-3b155121ce45-f7cc95947-5mwdr_default,free-deployment-average-205-3b155121ce45,0.500000,0,average,1742410302,146498,343,34515,false,0.207768,-970.677598,1312023,3272,344945,0
1742410488,free-deployment-average-234-3765fa888fdc-7b5c996c97-np9ln_default,free-deployment-average-234-3765fa888fdc,0.500000,0,average,1742410312,141538,342,34475,false,0.207442,-973.132024,1314424,3269,344889,0
1742410493,free-deployment-average-220-b61f8ab675e4-7f7867b4d-28hwn_default,free-deployment-average-220-b61f8ab675e4,0.500000,0,average,1742410307,151577,363,34435,false,0.212231,-978.225304,1335149,3377,360609,0
1742410498,free-deployment-average-229-ce1b964415b0-7b67544488-4hkjd_default,free-deployment-average-229-ce1b964415b0,0.500000,0,average,1742410317,146617,343,34476,false,0.206174,-982.903199,1323864,3420,344724,0
1742410503,free-deployment-average-218-cad900b1d79c-798d87c4d9-qslbz_default,free-deployment-average-218-cad900b1d79c,0.500000,0,average,1742410322,146658,343,34475,false,0.220846,-986.714116,1374381,2247,390195,0
1742410508,free-deployment-average-200-9a8d7103c7e7-85c85c8fb6-sqtn9_default,free-deployment-average-200-9a8d7103c7e7,0.500000,0,average,1742410327,146698,343,34475,false,0.205112,-991.462961,1332384,3426,344690,0
1742410513,free-deployment-average-256-2c2981a5c8b4-b655c8bbd-h25sn_default,free-deployment-average-256-2c2981a5c8b4,0.500000,0,average,1742410332,146738,344,34475,false,0.212032,-991.939199,1353352,3353,365071,0
1742410518,free-deployment-average-161-08923ba80ac5-5bc49b6765-dfpt5_default,free-deployment-average-161-08923ba80ac5,0.500000,0,average,1742410337,146778,260,34539,false,0.217909,-994.546232,1375696,2584,384021,0
1742410523,free-deployment-average-162-451b13fa1346-fbfbc8dd9-d7czm_default,free-deployment-average-162-451b13fa1346,0.500000,0,average,1742410342,146739,342,34516,false,0.215400,-998.211867,1372538,3007,377634,0
1742410528,free-deployment-average-252-f1ffeac2571a-7ccdb8bf8b-88kt4_default,free-deployment-average-252-f1ffeac2571a,0.500000,0,average,1742410347,146778,340,34478,false,0.214546,-1000.530951,1372755,3354,375883,0
1742410533,free-deployment-average-183-c57965d8fd91-7d7457c7c4-gg6z7_default,free-deployment-average-183-c57965d8fd91,0.500000,0,average,1742410352,146818,343,34435,false,0.214062,-999.106142,1369321,3347,373867,0
1742410538,free-deployment-average-237-dea82c01cd93-5958c5b488-gbkdp_default,free-deployment-average-237-dea82c01cd93,0.500000,0,average,1742410357,146858,339,34478,false,0.217004,-1003.062159,1384400,2847,384470,0
1742410543,free-deployment-average-165-00dfcfbf3443-5d77947bc8-wg8nj_default,free-deployment-average-165-00dfcfbf3443,0.500000,0,average,1742410362,146898,343,34455,false,0.219061,-1006.386784,1395762,2587,392250,0
1742410548,free-deployment-average-211-b1a17f63af01-599f865fb-8dljw_default,free-deployment-average-211-b1a17f63af01,0.500000,0,average,1742410367,146938,341,34478,false,0.222998,-1010.172146,1413963,2403,406495,0
1742410553,free-deployment-average-238-9ef284ab7f0b-7b678fd5f6-frxzp_default,free-deployment-average-238-9ef284ab7f0b,0.500000,0,average,1742410372,146978,342,34396,false,0.218710,-1007.722141,1395978,3079,391643,0
1742410558,free-deployment-average-196-8e0c80fba3ef-8cb648cf6-tktb9_default,free-deployment-average-196-8e0c80fba3ef,0.500000,0,average,1742410377,147018,260,34478,false,0.215187,-1012.491941,1391387,3192,382378,0
1742410563,free-deployment-average-225-379a7f77f5c1-6797695698-4msxn_default,free-deployment-average-225-379a7f77f5c1,0.500000,0,average,1742410382,146978,342,34475,false,0.221390,-1012.416378,1411495,2741,402124,0
1742410568,free-deployment-average-240-3f39cd2a269a-7855fc9c58-rbdtr_default,free-deployment-average-240-3f39cd2a269a,0.500000,0,average,1742410387,147018,342,34457,false,0.215967,-1016.389674,1398934,3433,386290,0
1742410573,free-deployment-average-167-579780d54b9a-8699db587d-9tqlp_default,free-deployment-average-167-579780d54b9a,0.500000,0,average,1742410392,147058,343,34475,false,0.219539,-1017.999339,1412921,3083,398313,0
1742410578,free-deployment-average-254-2a259b4c2303-77f8b4f8b8-2gk5f_default,free-deployment-average-254-2a259b4c2303,0.500000,0,average,1742410397,147098,342,34476,false,0.213227,-1020.375334,1395562,3696,379219,0
1742410583,free-deployment-average-195-9a37d9cb60ac-5f5c56f7db-zn9pg_default,free-deployment-average-195-9a37d9cb60ac,0.500000,0,average,1742410407,142137,264,34554,false,0.213853,-1023.416804,1401891,3546,382316,0
1742410588,free-deployment-average-224-fe2046edffe9-657cfc4445-qj4n7_default,free-deployment-average-224-fe2046edffe9,0.500000,0,average,1742410402,152098,342,34556,false,0.212318,-1028.453525,1403922,3599,379395,0
1742410594,free-deployment-average-253-5798b6ec0f57-76f64b6c76-rjssx_default,free-deployment-average-253-5798b6ec0f57,0.500000,0,average,1742410412,147138,341,34558,false,0.211957,-1031.720866,1407358,3520,379478,0
1742410599,free-deployment-average-207-723bc853e759-7c8d79f999-24jcj_default,free-deployment-average-207-723bc853e759,0.500000,0,average,1742410417,147178,343,34555,false,0.211466,-1036.079725,1411600,3690,379546,0
1742410604,free-deployment-average-235-6408bf1245b2-66b6cd5795-jpzxc_default,free-deployment-average-235-6408bf1245b2,0.500000,0,average,1742410422,147220,338,34478,false,0.220428,-1041.098231,1448343,2753,410304,0
1742410609,free-deployment-average-250-bf2cd9a9df35-66cc95787b-s57sg_default,free-deployment-average-250-bf2cd9a9df35,0.500000,0,average,1742410427,147257,344,34475,false,0.214847,-1045.842485,1436153,3271,393880,0
1742410614,free-deployment-average-191-c533d75b39f3-5c7d778dbc-mdwx2_default,free-deployment-average-191-c533d75b39f3,0.500000,0,average,1742410432,147299,342,34436,false,0.209800,-1050.095101,1425522,3696,379460,0
1742410619,free-deployment-average-247-67d9919c78ed-6c59cfcdbd-bnkfq_default,free-deployment-average-247-67d9919c78ed,0.500000,0,average,1742410437,147337,342,34476,false,0.209286,-1053.923897,1429039,3778,379237,0
1742410624,free-deployment-average-232-7c269ee1ebcf-7654cf795b-t6rsg_default,free-deployment-average-232-7c269ee1ebcf,0.500000,0,average,1742410442,147378,343,34455,false,0.216756,-1057.902205,1459356,2928,404675,0
1742410629,free-deployment-average-206-b7bccfe3c978-6f86657cfc-vtsbb_default,free-deployment-average-206-b7bccfe3c978,0.500000,0,average,1742410448,146418,340,34478,false,0.208700,-1059.289216,1434521,3762,379336,0
1742410634,free-deployment-average-255-a1f36ae7017b-6797ccd5df-6w4vk_default,free-deployment-average-255-a1f36ae7017b,0.500000,0,average,1742410453,146458,262,34556,false,0.208536,-1060.539714,1435961,3536,379280,0
1742410639,free-deployment-average-227-d0b13cfb120d-7774d7c478-fxhgm_default,free-deployment-average-227-d0b13cfb120d,0.500000,0,average,1742410458,146418,340,34558,false,0.208406,-1061.839958,1437161,3679,379336,0
1742410644,free-deployment-average-249-d647bdfefa1a-5c8c6874bc-jbrhj_default,free-deployment-average-249-d647bdfefa1a,0.500000,0,average,1742410463,146458,343,34475,false,0.217803,-1066.466481,1474588,3015,411439,0
1742410649,free-deployment-average-223-f31459c0d4e3-68fdc858c5-fbdsm_default,free-deployment-average-223-f31459c0d4e3,0.500000,0,average,1742410473,141498,341,34477,false,0.207448,-1070.388008,1445843,3604,379388,0
1742410654,free-deployment-average-233-3f5aa011b66d-5f64d78d8f-v5nsv_default,free-deployment-average-233-3f5aa011b66d,0.500000,0,average,1742410468,151537,345,34434,false,0.214456,-1075.460535,1475635,3275,403748,0
1742410659,free-deployment-average-244-4ffc0dc813ac-6c6db8556c-q4jcc_default,free-deployment-average-244-4ffc0dc813ac,0.500000,0,average,1742410478,146578,344,34474,false,0.214618,-1079.674646,1481879,3354,405864,0
1742410664,free-deployment-average-205-3b155121ce45-f7cc95947-9scrl_default,free-deployment-average-205-3b155121ce45,0.500000,0,average,1742410483,146618,342,34476,false,0.206029,-1083.142943,1458641,3615,379443,0
1742410669,free-deployment-average-220-b61f8ab675e4-7f7867b4d-rpkxb_default,free-deployment-average-220-b61f8ab675e4,0.500000,0,average,1742410493,141658,342,34475,false,0.210652,-1085.733260,1476808,3720,395105,0
1742410674,free-deployment-average-234-3765fa888fdc-7b5c996c97-vqt8d_default,free-deployment-average-234-3765fa888fdc,0.500000,0,average,1742410488,151697,263,34476,false,0.205171,-1090.610241,1466122,3532,379366,0
1742410679,free-deployment-average-229-ce1b964415b0-7b67544488-5877b_default,free-deployment-average-229-ce1b964415b0,0.500000,0,average,1742410498,146658,344,34474,false,0.204587,-1095.431018,1470522,3765,379199,0
1742410684,free-deployment-average-218-cad900b1d79c-798d87c4d9-4cb2f_default,free-deployment-average-218-cad900b1d79c,0.500000,0,average,1742410503,146698,342,34475,false,0.217966,-1099.286667,1521080,2589,424671,0
1742410689,free-deployment-average-200-9a8d7103c7e7-85c85c8fb6-dbmhh_default,free-deployment-average-200-9a8d7103c7e7,0.500000,0,average,1742410508,146738,342,34476,false,0.203628,-1104.067663,1479122,3769,379166,0
1742410694,free-deployment-average-256-2c2981a5c8b4-b655c8bbd-qpxz9_default,free-deployment-average-256-2c2981a5c8b4,0.500000,0,average,1742410513,146777,341,34478,false,0.209917,-1104.581956,1500129,3695,399551,0
1742410699,free-deployment-average-161-08923ba80ac5-5bc49b6765-642c9_default,free-deployment-average-161-08923ba80ac5,0.500000,0,average,1742410518,146818,343,34475,false,0.215291,-1107.218378,1522514,2928,418517,0
1742410704,free-deployment-average-162-451b13fa1346-fbfbc8dd9-bm2pb_default,free-deployment-average-162-451b13fa1346,0.500000,0,average,1742410523,146858,260,34558,false,0.213044,-1110.748231,1519396,3267,412213,0
1742410709,free-deployment-average-252-f1ffeac2571a-7ccdb8bf8b-7fr42_default,free-deployment-average-252-f1ffeac2571a,0.500000,0,average,1742410528,146817,343,34555,false,0.212255,-1113.139548,1519573,3698,410440,0
1742410714,free-deployment-average-183-c57965d8fd91-7d7457c7c4-bw744_default,free-deployment-average-183-c57965d8fd91,0.500000,0,average,1742410533,146858,340,34558,false,0.211807,-1111.748798,1516180,3687,408426,0
1742410719,free-deployment-average-237-dea82c01cd93-5958c5b488-bj84h_default,free-deployment-average-237-dea82c01cd93,0.500000,0,average,1742410538,146898,343,34555,false,0.214498,-1115.753487,1531298,3190,419026,0
1742410724,free-deployment-average-165-00dfcfbf3443-5d77947bc8-pwgbc_default,free-deployment-average-165-00dfcfbf3443,0.500000,0,average,1742410543,146938,340,34538,false,0.216386,-1119.112725,1542700,2927,426808,0
1742410729,free-deployment-average-211-b1a17f63af01-599f865fb-gkb59_default,free-deployment-average-211-b1a17f63af01,0.500000,0,average,1742410548,146978,343,34475,false,0.219973,-1123.022610,1560942,2746,440972,0
1742410734,free-deployment-average-238-9ef284ab7f0b-7b678fd5f6-sfz9s_default,free-deployment-average-238-9ef284ab7f0b,0.500000,0,average,1742410553,147018,341,34478,false,0.216028,-1120.604924,1542996,3420,426122,0
1742410739,free-deployment-average-196-8e0c80fba3ef-8cb648cf6-d8c82_default,free-deployment-average-196-8e0c80fba3ef,0.500000,0,average,1742410558,147058,343,34435,false,0.212791,-1125.461154,1538446,3535,416815,0
1742410744,free-deployment-average-225-379a7f77f5c1-6797695698-94hk7_default,free-deployment-average-225-379a7f77f5c1,0.500000,0,average,1742410563,147098,342,34435,false,0.218473,-1125.425809,1558593,3084,436560,0
1742410749,free-deployment-average-240-3f39cd2a269a-7855fc9c58-kwn6t_default,free-deployment-average-240-3f39cd2a269a,0.500000,0,average,1742410568,147138,342,34396,false,0.213497,-1129.456417,1546072,3776,420707,0
1742410754,free-deployment-average-167-579780d54b9a-8699db587d-fmnz6_default,free-deployment-average-167-579780d54b9a,0.500000,0,average,1742410573,147178,340,34398,false,0.216764,-1131.121862,1560100,3423,432712,0
1742410759,free-deployment-average-254-2a259b4c2303-77f8b4f8b8-2pcn4_default,free-deployment-average-254-2a259b4c2303,0.500000,0,average,1742410578,147218,262,34476,false,0.211023,-1133.373843,1542781,3958,413696,0
1742410764,free-deployment-average-224-fe2046edffe9-657cfc4445-p22n6_default,free-deployment-average-224-fe2046edffe9,0.500000,0,average,1742410588,142178,341,34478,false,0.210740,-1136.494910,1546100,3940,413874,0
1742410770,free-deployment-average-195-9a37d9cb60ac-5f5c56f7db-szkl5_default,free-deployment-average-195-9a37d9cb60ac,0.500000,0,average,1742410583,152218,343,34475,false,0.211056,-1141.506242,1554109,3890,416792,0
1742410775,free-deployment-average-253-5798b6ec0f57-76f64b6c76-cwvn2_default,free-deployment-average-253-5798b6ec0f57,0.500000,0,average,1742410593,147257,341,34438,false,0.209855,-1144.882732,1554615,3862,413917,0
1742410780,free-deployment-average-235-6408bf1245b2-66b6cd5795-2bdbr_default,free-deployment-average-235-6408bf1245b2,0.500000,0,average,1742410603,142297,263,34556,false,0.218227,-1149.099154,1590641,3017,444860,0
1742410785,free-deployment-average-207-723bc853e759-7c8d79f999-9gh2f_default,free-deployment-average-207-723bc853e759,0.500000,0,average,1742410598,152257,341,34558,false,0.208934,-1154.120249,1563858,4031,414105,0
1742410790,free-deployment-average-250-bf2cd9a9df35-66cc95787b-mjd8d_default,free-deployment-average-250-bf2cd9a9df35,0.500000,0,average,1742410608,147298,344,34554,false,0.212570,-1158.933508,1583451,3616,428435,0
1742410795,free-deployment-average-191-c533d75b39f3-5c7d778dbc-pnpvd_default,free-deployment-average-191-c533d75b39f3,0.500000,0,average,1742410614,146338,344,34554,false,0.208064,-1162.204328,1571860,4041,414034,0
1742410800,free-deployment-average-247-67d9919c78ed-6c59cfcdbd-zx6lz_default,free-deployment-average-247-67d9919c78ed,0.500000,0,average,1742410619,146377,343,34436,false,0.207541,-1166.209253,1575417,4122,413674,0
1742410805,free-deployment-average-232-7c269ee1ebcf-7654cf795b-dbxkv_default,free-deployment-average-232-7c269ee1ebcf,0.500000,0,average,1742410624,146418,342,34456,false,0.214401,-1170.211562,1605775,3271,439132,0
1742410810,free-deployment-average-206-b7bccfe3c978-6f86657cfc-vkrct_default,free-deployment-average-206-b7bccfe3c978,0.500000,0,average,1742410629,146458,342,34477,false,0.207021,-1171.612660,1580979,4104,413813,0
1742410815,free-deployment-average-255-a1f36ae7017b-6797ccd5df-sxv9m_default,free-deployment-average-255-a1f36ae7017b,0.500000,0,average,1742410634,146498,343,34476,false,0.206868,-1172.907132,1582459,3880,413756,0
1742410820,free-deployment-average-227-d0b13cfb120d-7774d7c478-nvvmr_default,free-deployment-average-227-d0b13cfb120d,0.500000,0,average,1742410639,146538,344,34473,false,0.206747,-1174.249608,1583700,4024,413810,0
1742410825,free-deployment-average-249-d647bdfefa1a-5c8c6874bc-bzpbt_default,free-deployment-average-249-d647bdfefa1a,0.500000,0,average,1742410644,146578,344,34474,false,0.215372,-1178.917960,1621166,3360,445914,0
1742410830,free-deployment-average-233-3f5aa011b66d-5f64d78d8f-lvjzb_default,free-deployment-average-233-3f5aa011b66d,0.500000,0,average,1742410654,141618,259,34539,false,0.212857,-1182.795919,1617253,3535,438288,0
1742410835,free-deployment-average-223-f31459c0d4e3-68fdc858c5-npddv_default,free-deployment-average-223-f31459c0d4e3,0.500000,0,average,1742410649,151578,344,34555,false,0.205399,-1187.755237,1597422,3948,413944,0
1742410840,free-deployment-average-244-4ffc0dc813ac-6c6db8556c-qxlxb_default,free-deployment-average-244-4ffc0dc813ac,0.500000,0,average,1742410659,146618,343,34556,false,0.212495,-1192.083238,1628498,3697,440421,0
1742410845,free-deployment-average-205-3b155121ce45-f7cc95947-pdd8t_default,free-deployment-average-205-3b155121ce45,0.500000,0,average,1742410664,146657,343,34476,false,0.204589,-1195.669060,1605299,3959,413919,0
1742410850,free-deployment-average-220-b61f8ab675e4-7f7867b4d-wfmwk_default,free-deployment-average-220-b61f8ab675e4,0.500000,0,average,1742410669,146698,342,34476,false,0.208824,-1198.300192,1623506,4063,429582,0
1742410855,free-deployment-average-234-3765fa888fdc-7b5c996c97-rp5tg_default,free-deployment-average-234-3765fa888fdc,0.500000,0,average,1742410674,146738,344,34435,false,0.203789,-1203.258991,1612860,3876,413801,0
1742410860,free-deployment-average-229-ce1b964415b0-7b67544488-ht6gp_default,free-deployment-average-229-ce1b964415b0,0.500000,0,average,1742410679,146777,343,34476,false,0.203272,-1208.075073,1617300,4108,413676,0
1742410865,free-deployment-average-218-cad900b1d79c-798d87c4d9-hvf79_default,free-deployment-average-218-cad900b1d79c,0.500000,0,average,1742410684,146818,343,34377,false,0.215528,-1212.076243,1667898,2933,459048,0
1742410870,free-deployment-average-200-9a8d7103c7e7-85c85c8fb6-wmnmh_default,free-deployment-average-200-9a8d7103c7e7,0.500000,0,average,1742410689,146858,343,34395,false,0.202364,-1216.873584,1625981,4112,413562,0
1742410875,free-deployment-average-256-2c2981a5c8b4-b655c8bbd-mhg5f_default,free-deployment-average-256-2c2981a5c8b4,0.500000,0,average,1742410694,146898,263,34476,false,0.208165,-1217.263064,1647028,3958,434027,0
1742410880,free-deployment-average-161-08923ba80ac5-5bc49b6765-nchjz_default,free-deployment-average-161-08923ba80ac5,0.500000,0,average,1742410699,146858,344,34474,false,0.213109,-1219.951590,1669373,3272,452991,0
1742410885,free-deployment-average-162-451b13fa1346-fbfbc8dd9-t4kzg_default,free-deployment-average-162-451b13fa1346,0.500000,0,average,1742410704,146897,341,34478,false,0.211043,-1223.512414,1666294,3609,446692,0
1742410890,free-deployment-average-252-f1ffeac2571a-7ccdb8bf8b-t7ghj_default,free-deployment-average-252-f1ffeac2571a,0.500000,0,average,1742410709,146937,343,34476,false,0.210316,-1225.946360,1666510,4042,444917,0
1742410895,free-deployment-average-183-c57965d8fd91-7d7457c7c4-8twvc_default,free-deployment-average-183-c57965d8fd91,0.500000,0,average,1742410714,146978,262,34557,false,0.209936,-1224.429120,1663158,3950,442984,0
1742410900,free-deployment-average-237-dea82c01cd93-5958c5b488-8zcvq_default,free-deployment-average-237-dea82c01cd93,0.500000,0,average,1742410719,146938,343,34555,false,0.212415,-1228.483771,1678236,3534,453582,0
1742410905,free-deployment-average-165-00dfcfbf3443-5d77947bc8-fpfsw_default,free-deployment-average-165-00dfcfbf3443,0.500000,0,average,1742410724,146978,340,34559,false,0.214167,-1231.856945,1689679,3268,461387,0
1742410910,free-deployment-average-211-b1a17f63af01-599f865fb-dpl4f_default,free-deployment-average-211-b1a17f63af01,0.500000,0,average,1742410729,147017,344,34555,false,0.217476,-1235.833214,1707960,3091,475527,0
1742410915,free-deployment-average-238-9ef284ab7f0b-7b678fd5f6-n2qhg_default,free-deployment-average-238-9ef284ab7f0b,0.500000,0,average,1742410734,147058,340,34518,false,0.213809,-1233.488004,1690054,3761,460641,0
1742410920,free-deployment-average-196-8e0c80fba3ef-8cb648cf6-9t4kg_default,free-deployment-average-196-8e0c80fba3ef,0.500000,0,average,1742410739,147097,343,34476,false,0.210821,-1238.409704,1685544,3879,451311,0
1742410925,free-deployment-average-225-379a7f77f5c1-6797695698-29kpl_default,free-deployment-average-225-379a7f77f5c1,0.500000,0,average,1742410744,147137,341,34438,false,0.216039,-1238.468276,1705731,3425,470999,0
1742410930,free-deployment-average-240-3f39cd2a269a-7855fc9c58-ss8f4_default,free-deployment-average-240-3f39cd2a269a,0.500000,0,average,1742410749,147178,342,34476,false,0.211462,-1242.503347,1693250,4119,455183,0
1742410936,free-deployment-average-167-579780d54b9a-8699db587d-wrjmg_default,free-deployment-average-167-579780d54b9a,0.500000,0,average,1742410754,147218,340,34478,false,0.214478,-1244.205008,1707318,3764,467191,0
1742410941,free-deployment-average-254-2a259b4c2303-77f8b4f8b8-7p4hw_default,free-deployment-average-254-2a259b4c2303,0.500000,0,average,1742410759,147258,343,34474,false,0.209180,-1246.501550,1690039,4302,448171,0
1742410946,free-deployment-average-195-9a37d9cb60ac-5f5c56f7db-9pgm7_default,free-deployment-average-195-9a37d9cb60ac,0.500000,0,average,1742410769,142299,339,34478,false,0.209707,-1249.669868,1696408,4230,451271,0
1742410951,free-deployment-average-224-fe2046edffe9-657cfc4445-4lqvv_default,free-deployment-average-224-fe2046edffe9,0.500000,0,average,1742410764,152338,263,34555,false,0.208468,-1254.535466,1698438,4204,448430,0
1742410956,free-deployment-average-253-5798b6ec0f57-76f64b6c76-bprbc_default,free-deployment-average-253-5798b6ec0f57,0.500000,0,average,1742410775,146299,338,34479,false,0.208216,-1257.042703,1700915,4200,448397,0
1742410961,free-deployment-average-207-723bc853e759-7c8d79f999-sxrbc_default,free-deployment-average-207-723bc853e759,0.500000,0,average,1742410785,141338,343,34476,false,0.207855,-1261.325897,1705196,4375,448582,0
1742410966,free-deployment-average-235-6408bf1245b2-66b6cd5795-958pc_default,free-deployment-average-235-6408bf1245b2,0.500000,0,average,1742410780,151378,342,34457,false,0.215453,-1266.367194,1742019,3359,479317,0
1742410971,free-deployment-average-250-bf2cd9a9df35-66cc95787b-tzqlx_default,free-deployment-average-250-bf2cd9a9df35,0.500000,0,average,1742410790,146418,344,34474,false,0.210726,-1271.224521,1729869,3960,462910,0
1742410976,free-deployment-average-191-c533d75b39f3-5c7d778dbc-cbzjq_default,free-deployment-average-191-c533d75b39f3,0.500000,0,average,1742410795,146458,344,34474,false,0.206571,-1274.532935,1718318,4386,448509,0
1742410981,free-deployment-average-247-67d9919c78ed-6c59cfcdbd-nbh5x_default,free-deployment-average-247-67d9919c78ed,0.500000,0,average,1742410800,146498,343,34475,false,0.206090,-1278.575484,1721915,4466,448149,0
1742410986,free-deployment-average-232-7c269ee1ebcf-7654cf795b-dr8jh_default,free-deployment-average-232-7c269ee1ebcf,0.500000,0,average,1742410805,146538,262,34556,false,0.212468,-1282.432950,1752314,3533,473709,0
1742410991,free-deployment-average-206-b7bccfe3c978-6f86657cfc-8cm5p_default,free-deployment-average-206-b7bccfe3c978,0.500000,0,average,1742410810,146498,342,34475,false,0.205617,-1283.978204,1727478,4447,448290,0
1742410996,free-deployment-average-255-a1f36ae7017b-6797ccd5df-r9kf8_default,free-deployment-average-255-a1f36ae7017b,0.500000,0,average,1742410815,146538,342,34476,false,0.205474,-1285.313095,1728998,4222,448233,0
1742411001,free-deployment-average-227-d0b13cfb120d-7774d7c478-trhvh_default,free-deployment-average-227-d0b13cfb120d,0.500000,0,average,1742410820,146578,344,34474,false,0.205359,-1286.698871,1730278,4369,448285,0
1742411006,free-deployment-average-249-d647bdfefa1a-5c8c6874bc-zdlls_default,free-deployment-average-249-d647bdfefa1a,0.500000,0,average,1742410825,146618,344,34437,false,0.213315,-1291.446179,1767784,3704,480351,0
1742411011,free-deployment-average-233-3f5aa011b66d-5f64d78d8f-kpd8q_default,free-deployment-average-233-3f5aa011b66d,0.500000,0,average,1742410830,146658,343,34475,false,0.211010,-1295.306340,1763912,3878,472783,0
1742411016,free-deployment-average-223-f31459c0d4e3-68fdc858c5-tb2tm_default,free-deployment-average-223-f31459c0d4e3,0.500000,0,average,1742410835,146698,343,34477,false,0.204122,-1300.320323,1744120,4291,448421,0
1742411021,free-deployment-average-244-4ffc0dc813ac-6c6db8556c-h7flx_default,free-deployment-average-244-4ffc0dc813ac,0.500000,0,average,1742410840,146738,262,34556,false,0.210710,-1304.524276,1775237,3960,474977,0
1742411026,free-deployment-average-205-3b155121ce45-f7cc95947-9w2rt_default,free-deployment-average-205-3b155121ce45,0.500000,0,average,1742410845,146698,342,34537,false,0.203404,-1308.173234,1751997,4301,448457,0
1742411031,free-deployment-average-220-b61f8ab675e4-7f7867b4d-sh6rv_default,free-deployment-average-220-b61f8ab675e4,0.500000,0,average,1742410850,146738,340,34478,false,0.207290,-1310.901746,1770245,4403,464061,0
1742411036,free-deployment-average-234-3765fa888fdc-7b5c996c97-wbj8r_default,free-deployment-average-234-3765fa888fdc,0.500000,0,average,1742410855,146778,343,34476,false,0.202652,-1315.885160,1759638,4220,448298,0
1742411041,free-deployment-average-229-ce1b964415b0-7b67544488-9m94d_default,free-deployment-average-229-ce1b964415b0,0.500000,0,average,1742410860,146817,341,34478,false,0.202170,-1320.754947,1764118,4450,448155,0
1742411046,free-deployment-average-218-cad900b1d79c-798d87c4d9-sl2pf_default,free-deployment-average-218-cad900b1d79c,0.500000,0,average,1742410865,146857,342,34476,false,0.213510,-1324.785072,1814756,3276,493544,0
1742411051,free-deployment-average-200-9a8d7103c7e7-85c85c8fb6-qgsl4_default,free-deployment-average-200-9a8d7103c7e7,0.500000,0,average,1742410870,146898,340,34479,false,0.201334,-1329.632184,1772879,4452,448042,0
1742411056,free-deployment-average-256-2c2981a5c8b4-b655c8bbd-r85jl_default,free-deployment-average-256-2c2981a5c8b4,0.500000,0,average,1742410875,146937,343,34476,false,0.206684,-1330.070015,1793965,4301,468505,0
1742411061,free-deployment-average-161-08923ba80ac5-5bc49b6765-mw4lv_default,free-deployment-average-161-08923ba80ac5,0.500000,0,average,1742410880,146978,262,34556,false,0.211295,-1332.632862,1816351,3535,487548,0
1742411066,free-deployment-average-162-451b13fa1346-fbfbc8dd9-w7zgc_default,free-deployment-average-162-451b13fa1346,0.500000,0,average,1742410885,146937,343,34515,false,0.209367,-1336.281431,1813232,3952,481208,0
1742411071,free-deployment-average-252-f1ffeac2571a-7ccdb8bf8b-g6cl9_default,free-deployment-average-252-f1ffeac2571a,0.500000,0,average,1742410890,146978,340,34559,false,0.208709,-1338.707025,1813488,4382,479477,0
1742411076,free-deployment-average-183-c57965d8fd91-7d7457c7c4-z9zpm_default,free-deployment-average-183-c57965d8fd91,0.500000,0,average,1742410895,147018,342,34557,false,0.208351,-1337.235065,1810177,4293,477542,0
1742411081,free-deployment-average-237-dea82c01cd93-5958c5b488-96m5t_default,free-deployment-average-237-dea82c01cd93,0.500000,0,average,1742410900,147058,340,34478,false,0.210622,-1341.407584,1825295,3874,488060,0
1742411086,free-deployment-average-165-00dfcfbf3443-5d77947bc8-6k8hg_default,free-deployment-average-165-00dfcfbf3443,0.500000,0,average,1742410905,147098,342,34456,false,0.212241,-1344.844978,1836777,3611,495844,0
1742411091,free-deployment-average-211-b1a17f63af01-599f865fb-429pb_default,free-deployment-average-211-b1a17f63af01,0.500000,0,average,1742410910,147138,340,34478,false,0.215326,-1348.835647,1855098,3431,510006,0
1742411096,free-deployment-average-238-9ef284ab7f0b-7b678fd5f6-f9mpv_default,free-deployment-average-238-9ef284ab7f0b,0.500000,0,average,1742410915,147178,343,34456,false,0.211903,-1346.555298,1837233,4104,495097,0
1742411102,free-deployment-average-196-8e0c80fba3ef-8cb648cf6-m7nrt_default,free-deployment-average-196-8e0c80fba3ef,0.500000,0,average,1742410920,147218,340,34478,false,0.209143,-1351.492781,1832762,4219,485791,0
1742411106,free-deployment-average-225-379a7f77f5c1-6797695698-m9mn4_default,free-deployment-average-225-379a7f77f5c1,0.500000,0,average,1742410925,147258,342,34396,false,0.213956,-1351.675587,1852989,3768,505396,0
1742411112,free-deployment-average-240-3f39cd2a269a-7855fc9c58-fzfjj_default,free-deployment-average-240-3f39cd2a269a,0.500000,0,average,1742410930,147298,262,34476,false,0.209741,-1355.583341,1840549,4381,489660,0
1742411117,free-deployment-average-167-579780d54b9a-8699db587d-6qlm6_default,free-deployment-average-167-579780d54b9a,0.500000,0,average,1742410935,147258,342,34457,false,0.212533,-1357.350430,1854576,4107,501648,0
1742411122,free-deployment-average-254-2a259b4c2303-77f8b4f8b8-hrtlb_default,free-deployment-average-254-2a259b4c2303,0.500000,0,average,1742410940,147299,343,34475,false,0.207623,-1359.669311,1837339,4645,482647,0
1742411127,free-deployment-average-195-9a37d9cb60ac-5f5c56f7db-qwtc5_default,free-deployment-average-195-9a37d9cb60ac,0.500000,0,average,1742410946,146338,343,34475,false,0.208201,-1361.878624,1842747,4573,485747,0
1742411132,free-deployment-average-224-fe2046edffe9-657cfc4445-4dlwq_default,free-deployment-average-224-fe2046edffe9,0.500000,0,average,1742410951,146378,343,34435,false,0.207041,-1366.821758,1844817,4547,482867,0
1742411137,free-deployment-average-253-5798b6ec0f57-76f64b6c76-ntwc7_default,free-deployment-average-253-5798b6ec0f57,0.500000,0,average,1742410956,146418,263,34556,false,0.206854,-1369.163586,1847334,4463,482953,0
1742411142,free-deployment-average-235-6408bf1245b2-66b6cd5795-p7nhd_default,free-deployment-average-235-6408bf1245b2,0.500000,0,average,1742410966,141378,343,34455,false,0.214001,-1373.617093,1883398,3703,513792,0
1742411147,free-deployment-average-207-723bc853e759-7c8d79f999-m6k69_default,free-deployment-average-207-723bc853e759,0.500000,0,average,1742410961,151418,341,34436,false,0.206036,-1378.648982,1856614,4716,483019,0
1742411152,free-deployment-average-250-bf2cd9a9df35-66cc95787b-fgl4v_default,free-deployment-average-250-bf2cd9a9df35,0.500000,0,average,1742410971,146459,343,34454,false,0.209153,-1383.575065,1876328,4304,497365,0
1742411157,free-deployment-average-191-c533d75b39f3-5c7d778dbc-w7fw8_default,free-deployment-average-191-c533d75b39f3,0.500000,0,average,1742410976,146498,342,34476,false,0.205305,-1386.898171,1864817,4729,482986,0
1742411162,free-deployment-average-247-67d9919c78ed-6c59cfcdbd-rskgg_default,free-deployment-average-247-67d9919c78ed,0.500000,0,average,1742410981,146537,342,34436,false,0.204846,-1391.019529,1868453,4808,482586,0
1742411167,free-deployment-average-232-7c269ee1ebcf-7654cf795b-dl8dw_default,free-deployment-average-232-7c269ee1ebcf,0.500000,0,average,1742410986,146578,339,34479,false,0.210783,-1394.875294,1898892,3873,508188,0
1742411172,free-deployment-average-206-b7bccfe3c978-6f86657cfc-d6f97_default,free-deployment-average-206-b7bccfe3c978,0.500000,0,average,1742410991,146617,262,34516,false,0.204439,-1396.336352,1874096,4710,482806,0
1742411177,free-deployment-average-255-a1f36ae7017b-6797ccd5df-7zxb6_default,free-deployment-average-255-a1f36ae7017b,0.500000,0,average,1742410996,146578,340,34519,false,0.204306,-1397.713524,1875576,4563,482752,0
1742411182,free-deployment-average-227-d0b13cfb120d-7774d7c478-clxrh_default,free-deployment-average-227-d0b13cfb120d,0.500000,0,average,1742411001,146617,343,34556,false,0.204209,-1399.104142,1876896,4712,482841,0
1742411187,free-deployment-average-249-d647bdfefa1a-5c8c6874bc-6s88b_default,free-deployment-average-249-d647bdfefa1a,0.500000,0,average,1742411006,146658,341,34558,false,0.211601,-1403.889135,1914442,4045,514910,0
1742411192,free-deployment-average-223-f31459c0d4e3-68fdc858c5-wj6hs_default,free-deployment-average-223-f31459c0d4e3,0.500000,0,average,1742411016,141698,340,34558,false,0.203495,-1407.800478,1885818,4631,482980,0
1742411197,free-deployment-average-233-3f5aa011b66d-5f64d78d8f-cs2h7_default,free-deployment-average-233-3f5aa011b66d,0.500000,0,average,1742411011,151738,343,34555,false,0.209021,-1412.836414,1915650,4222,507338,0
1742411202,free-deployment-average-244-4ffc0dc813ac-6c6db8556c-2dnzp_default,free-deployment-average-244-4ffc0dc813ac,0.500000,0,average,1742411021,146777,341,34558,false,0.209182,-1417.086998,1922015,4301,509536,0
1742411207,free-deployment-average-205-3b155121ce45-f7cc95947-7v9qf_default,free-deployment-average-205-3b155121ce45,0.500000,0,average,1742411026,146818,343,34476,false,0.202376,-1420.839946,1898816,4644,482953,0
1742411212,free-deployment-average-220-b61f8ab675e4-7f7867b4d-w5plf_default,free-deployment-average-220-b61f8ab675e4,0.500000,0,average,1742411031,146858,341,34478,false,0.205975,-1423.623895,1917103,4744,498540,0
1742411217,free-deployment-average-234-3765fa888fdc-7b5c996c97-rvf9m_default,free-deployment-average-234-3765fa888fdc,0.500000,0,average,1742411036,146898,345,34354,false,0.201630,-1428.776405,1906536,4566,482653,0
1742411222,free-deployment-average-229-ce1b964415b0-7b67544488-hkbpk_default,free-deployment-average-229-ce1b964415b0,0.500000,0,average,1742411041,146938,342,34396,false,0.201197,-1433.639520,1911056,4792,482552,0
1742411227,free-deployment-average-218-cad900b1d79c-798d87c4d9-lzd8m_default,free-deployment-average-218-cad900b1d79c,0.500000,0,average,1742411046,146977,343,34395,false,0.211744,-1437.714341,1961733,3619,527941,0
1742411232,free-deployment-average-200-9a8d7103c7e7-85c85c8fb6-s57xp_default,free-deployment-average-200-9a8d7103c7e7,0.500000,0,average,1742411051,147017,344,34395,false,0.200420,-1442.599414,1919897,4797,482438,0
1742411237,free-deployment-average-256-2c2981a5c8b4-b655c8bbd-cdc6s_default,free-deployment-average-256-2c2981a5c8b4,0.500000,0,average,1742411056,147057,263,34476,false,0.205418,-1442.911538,1941023,4565,502981,0
1742411242,free-deployment-average-161-08923ba80ac5-5bc49b6765-8t677_default,free-deployment-average-161-08923ba80ac5,0.500000,0,average,1742411061,147018,340,34479,false,0.209711,-1445.515624,1963369,3875,522027,0
1742411247,free-deployment-average-162-451b13fa1346-fbfbc8dd9-dt9p8_default,free-deployment-average-162-451b13fa1346,0.500000,0,average,1742411066,147058,262,34556,false,0.207947,-1449.043357,1960291,4215,515764,0
1742411252,free-deployment-average-252-f1ffeac2571a-7ccdb8bf8b-6qnkk_default,free-deployment-average-252-f1ffeac2571a,0.500000,0,average,1742411071,147017,341,34539,false,0.207328,-1451.528473,1960506,4723,514016,0
1742411257,free-deployment-average-183-c57965d8fd91-7d7457c7c4-fxzkn_default,free-deployment-average-183-c57965d8fd91,0.500000,0,average,1742411076,147058,344,34475,false,0.206969,-1450.164489,1957235,4637,512017,0
1742411262,free-deployment-average-237-dea82c01cd93-5958c5b488-7p8gb_default,free-deployment-average-237-dea82c01cd93,0.500000,0,average,1742411081,147098,342,34476,false,0.209086,-1454.375124,1972393,4217,522537,0
1742411267,free-deployment-average-165-00dfcfbf3443-5d77947bc8-xvthj_default,free-deployment-average-165-00dfcfbf3443,0.500000,0,average,1742411086,147138,343,34475,false,0.210602,-1457.835551,1983916,3954,530339,0
1742411272,free-deployment-average-211-b1a17f63af01-599f865fb-9jt6b_default,free-deployment-average-211-b1a17f63af01,0.500000,0,average,1742411091,147178,343,34475,false,0.213478,-1461.883981,2002276,3775,544483,0
1742411278,free-deployment-average-238-9ef284ab7f0b-7b678fd5f6-8rf25_default,free-deployment-average-238-9ef284ab7f0b,0.500000,0,average,1742411096,147217,343,34476,false,0.210282,-1459.621900,1984451,4447,529594,0
1742411283,free-deployment-average-196-8e0c80fba3ef-8cb648cf6-fnl78_default,free-deployment-average-196-8e0c80fba3ef,0.500000,0,average,1742411101,147258,344,34474,false,0.207704,-1464.622912,1980021,4563,520266,0
1742411288,free-deployment-average-225-379a7f77f5c1-6797695698-pndlp_default,free-deployment-average-225-379a7f77f5c1,0.500000,0,average,1742411106,147297,264,34535,false,0.212217,-1464.697829,2000287,4032,539932,0
1742411293,free-deployment-average-240-3f39cd2a269a-7855fc9c58-7j4nr_default,free-deployment-average-240-3f39cd2a269a,0.500000,0,average,1742411111,147258,343,34555,false,0.208291,-1468.631042,1987807,4724,524216,0
1742411298,free-deployment-average-167-579780d54b9a-8699db587d-r5xgj_default,free-deployment-average-167-579780d54b9a,0.500000,0,average,1742411117,146297,343,34556,false,0.210983,-1469.418370,2000874,4450,536224,0
1742411303,free-deployment-average-254-2a259b4c2303-77f8b4f8b8-gtwn4_default,free-deployment-average-254-2a259b4c2303,0.500000,0,average,1742411122,146338,342,34556,false,0.206397,-1471.795084,1983678,4987,517203,0
1742411308,free-deployment-average-195-9a37d9cb60ac-5f5c56f7db-nw96d_default,free-deployment-average-195-9a37d9cb60ac,0.500000,0,average,1742411127,146378,342,34558,false,0.206935,-1474.044139,1989126,4916,520306,0
1742411313,free-deployment-average-224-fe2046edffe9-657cfc4445-b769w_default,free-deployment-average-224-fe2046edffe9,0.500000,0,average,1742411132,146417,345,34555,false,0.205860,-1479.010373,1991234,4893,517443,0
1742411318,free-deployment-average-253-5798b6ec0f57-76f64b6c76-sdfg8_default,free-deployment-average-253-5798b6ec0f57,0.500000,0,average,1742411137,146458,342,34557,false,0.205679,-1481.408766,1993792,4806,517510,0
1742411323,free-deployment-average-207-723bc853e759-7c8d79f999-fzprb_default,free-deployment-average-207-723bc853e759,0.500000,0,average,1742411147,141498,342,34556,false,0.205326,-1485.934145,1998113,5059,517576,0
1742411328,free-deployment-average-235-6408bf1245b2-66b6cd5795-9l54v_default,free-deployment-average-235-6408bf1245b2,0.500000,0,average,1742411142,151537,343,34556,false,0.211943,-1490.923214,2034935,4046,548370,0
1742411333,free-deployment-average-250-bf2cd9a9df35-66cc95787b-2zctm_default,free-deployment-average-250-bf2cd9a9df35,0.500000,0,average,1742411152,146578,343,34475,false,0.207806,-1496.004028,2022907,4647,531861,0
1742411338,free-deployment-average-191-c533d75b39f3-5c7d778dbc-8wm7h_default,free-deployment-average-191-c533d75b39f3,0.500000,0,average,1742411157,146618,340,34478,false,0.204211,-1499.378163,2011436,5069,517465,0
1742411343,free-deployment-average-247-67d9919c78ed-6c59cfcdbd-rjmsv_default,free-deployment-average-247-67d9919c78ed,0.500000,0,average,1742411162,146658,342,34396,false,0.203758,-1503.623552,2015112,5151,516983,0
1742411348,free-deployment-average-232-7c269ee1ebcf-7654cf795b-8sq9p_default,free-deployment-average-232-7c269ee1ebcf,0.500000,0,average,1742411167,146697,343,34396,false,0.209305,-1507.502773,2045590,4217,542606,0
1742411353,free-deployment-average-206-b7bccfe3c978-6f86657cfc-kmt5t_default,free-deployment-average-206-b7bccfe3c978,0.500000,0,average,1742411172,146738,343,34396,false,0.203376,-1509.021588,2020834,5053,517203,0
1742411358,free-deployment-average-255-a1f36ae7017b-6797ccd5df-vx2ll_default,free-deployment-average-255-a1f36ae7017b,0.500000,0,average,1742411177,146778,342,34396,false,0.203256,-1510.417742,2022354,4906,517170,0
1742411363,free-deployment-average-227-d0b13cfb120d-7774d7c478-xh2hl_default,free-deployment-average-227-d0b13cfb120d,0.500000,0,average,1742411182,146817,263,34456,false,0.203182,-1511.723212,2023714,4976,517299,0
1742411368,free-deployment-average-249-d647bdfefa1a-5c8c6874bc-f9bsv_default,free-deployment-average-249-d647bdfefa1a,0.500000,0,average,1742411187,146778,343,34456,false,0.210085,-1516.556681,2061221,4388,549367,0
1742411373,free-deployment-average-233-3f5aa011b66d-5f64d78d8f-xdtx6_default,free-deployment-average-233-3f5aa011b66d,0.500000,0,average,1742411197,141818,264,34515,false,0.208100,-1520.400856,2057469,4486,541853,0
1742411378,free-deployment-average-223-f31459c0d4e3-68fdc858c5-nc2s4_default,free-deployment-average-223-f31459c0d4e3,0.500000,0,average,1742411192,151778,344,34555,false,0.202154,-1525.367804,2037596,4976,517536,0
1742411383,free-deployment-average-244-4ffc0dc813ac-6c6db8556c-jlmkr_default,free-deployment-average-244-4ffc0dc813ac,0.500000,0,average,1742411202,146818,342,34476,false,0.207838,-1529.772991,2068833,4643,544013,0
1742411388,free-deployment-average-205-3b155121ce45-f7cc95947-n4zz2_default,free-deployment-average-205-3b155121ce45,0.500000,0,average,1742411207,146858,343,34475,false,0.201484,-1533.566889,2045675,4988,517429,0
1742411393,free-deployment-average-234-3765fa888fdc-7b5c996c97-ccggf_default,free-deployment-average-234-3765fa888fdc,0.500000,0,average,1742411217,141897,343,34476,false,0.201187,-1536.523553,2048434,4910,517148,0
1742411398,free-deployment-average-229-ce1b964415b0-7b67544488-8cgw2_default,free-deployment-average-229-ce1b964415b0,0.500000,0,average,1742411222,141938,343,34475,false,0.200775,-1541.445249,2052995,5136,517028,0
1742411403,free-deployment-average-220-b61f8ab675e4-7f7867b4d-sxmpf_default,free-deployment-average-220-b61f8ab675e4,0.500000,0,average,1742411212,156978,344,34473,false,0.204049,-1546.474994,2074082,5089,533014,0
1742411408,free-deployment-average-218-cad900b1d79c-798d87c4d9-pqcht_default,free-deployment-average-218-cad900b1d79c,0.500000,0,average,1742411227,147017,341,34478,false,0.210240,-1550.597022,2108751,3961,562420,0
1742411413,free-deployment-average-200-9a8d7103c7e7-85c85c8fb6-vwl9k_default,free-deployment-average-200-9a8d7103c7e7,0.500000,0,average,1742411232,147057,263,34538,false,0.199683,-1555.376430,2066955,5061,516977,0
1742411418,free-deployment-average-256-2c2981a5c8b4-b655c8bbd-mjwx6_default,free-deployment-average-256-2c2981a5c8b4,0.500000,0,average,1742411237,147018,340,34518,false,0.204338,-1555.753671,2088042,4905,537500,0
1742411423,free-deployment-average-161-08923ba80ac5-5bc49b6765-knsm5_default,free-deployment-average-161-08923ba80ac5,0.500000,0,average,1742411242,147058,343,34556,false,0.208363,-1558.363321,2110427,4218,556584,0
1742411428,free-deployment-average-162-451b13fa1346-fbfbc8dd9-6rkq6_default,free-deployment-average-162-451b13fa1346,0.500000,0,average,1742411247,147098,340,34558,false,0.206712,-1561.926502,2107390,4556,550323,0
1742411434,free-deployment-average-252-f1ffeac2571a-7ccdb8bf8b-wmt6g_default,free-deployment-average-252-f1ffeac2571a,0.500000,0,average,1742411252,147138,344,34555,false,0.206136,-1564.438125,2107644,5068,548591,0
1742411439,free-deployment-average-183-c57965d8fd91-7d7457c7c4-tf5x6_default,free-deployment-average-183-c57965d8fd91,0.500000,0,average,1742411257,147178,341,34558,false,0.205792,-1563.126956,2104413,4978,546576,0
1742411444,free-deployment-average-237-dea82c01cd93-5958c5b488-jx4j8_default,free-deployment-average-237-dea82c01cd93,0.500000,0,average,1742411262,147219,342,34515,false,0.207761,-1567.423621,2119613,4559,557053,0
1742411449,free-deployment-average-165-00dfcfbf3443-5d77947bc8-m2tlp_default,free-deployment-average-165-00dfcfbf3443,0.500000,0,average,1742411267,147258,340,34557,false,0.209193,-1570.878858,2131174,4295,564897,0
1742411454,free-deployment-average-211-b1a17f63af01-599f865fb-bnhxx_default,free-deployment-average-211-b1a17f63af01,0.500000,0,average,1742411272,147298,342,34476,false,0.211867,-1575.049873,2149575,4118,578960,0
1742411459,free-deployment-average-196-8e0c80fba3ef-8cb648cf6-wxlrn_default,free-deployment-average-196-8e0c80fba3ef,0.500000,0,average,1742411282,142337,344,34475,false,0.206838,-1572.831943,2122358,4908,554741,0
1742411464,free-deployment-average-238-9ef284ab7f0b-7b678fd5f6-74bdc_default,free-deployment-average-238-9ef284ab7f0b,0.500000,0,average,1742411277,152378,342,34435,false,0.208464,-1577.908349,2136829,4790,564030,0
1742411469,free-deployment-average-225-379a7f77f5c1-6797695698-mn2c9_default,free-deployment-average-225-379a7f77f5c1,0.500000,0,average,1742411288,146420,341,34395,false,0.210737,-1577.044721,2146707,4373,574348,0
1742411474,free-deployment-average-240-3f39cd2a269a-7855fc9c58-9bmfl_default,free-deployment-average-240-3f39cd2a269a,0.500000,0,average,1742411293,146458,343,34395,false,0.207051,-1581.039111,2134266,5068,558612,0
1742411479,free-deployment-average-167-579780d54b9a-8699db587d-qbzmz_default,free-deployment-average-167-579780d54b9a,0.500000,0,average,1742411298,146498,343,34355,false,0.209560,-1581.906542,2147373,4793,570580,0
1742411484,free-deployment-average-254-2a259b4c2303-77f8b4f8b8-jvdwg_default,free-deployment-average-254-2a259b4c2303,0.500000,0,average,1742411303,146537,264,34455,false,0.205297,-1584.137063,2130216,5252,551659,0
1742411489,free-deployment-average-195-9a37d9cb60ac-5f5c56f7db-jhgdd_default,free-deployment-average-195-9a37d9cb60ac,0.500000,0,average,1742411308,146498,344,34474,false,0.205805,-1586.414725,2135624,5261,554780,0
1742411494,free-deployment-average-224-fe2046edffe9-657cfc4445-8cdf6_default,free-deployment-average-224-fe2046edffe9,0.500000,0,average,1742411313,146537,344,34475,false,0.204799,-1591.417876,2137771,5237,551918,0
1742411499,free-deployment-average-253-5798b6ec0f57-76f64b6c76-q8fnr_default,free-deployment-average-253-5798b6ec0f57,0.500000,0,average,1742411318,146577,263,34477,false,0.204635,-1593.768530,2140369,5069,551988,0
1742411504,free-deployment-average-250-bf2cd9a9df35-66cc95787b-t6lls_default,free-deployment-average-250-bf2cd9a9df35,0.500000,0,average,1742411333,136538,343,34476,false,0.207391,-1598.411377,2159445,4991,566337,0
1742411509,free-deployment-average-207-723bc853e759-7c8d79f999-l2cmp_default,free-deployment-average-207-723bc853e759,0.500000,0,average,1742411323,151578,343,34435,false,0.203912,-1603.420107,2149691,5402,552012,0
1742411514,free-deployment-average-235-6408bf1245b2-66b6cd5795-6w544_default,free-deployment-average-235-6408bf1245b2,0.500000,0,average,1742411328,151618,341,34458,false,0.210122,-1608.426729,2186554,4387,582828,0
1742411519,free-deployment-average-191-c533d75b39f3-5c7d778dbc-xhlm7_default,free-deployment-average-191-c533d75b39f3,0.500000,0,average,1742411338,146658,342,34477,false,0.203260,-1611.902454,2158094,5412,551942,0
1742411524,free-deployment-average-247-67d9919c78ed-6c59cfcdbd-gt4hx_default,free-deployment-average-247-67d9919c78ed,0.500000,0,average,1742411343,146697,341,34478,false,0.202836,-1616.184489,2161810,5493,551462,0
1742411529,free-deployment-average-232-7c269ee1ebcf-7654cf795b-qr2hm_default,free-deployment-average-232-7c269ee1ebcf,0.500000,0,average,1742411348,146738,263,34556,false,0.208064,-1619.945306,2192328,4480,577162,0
1742411534,free-deployment-average-206-b7bccfe3c978-6f86657cfc-vcjv6_default,free-deployment-average-206-b7bccfe3c978,0.500000,0,average,1742411353,146698,340,34557,false,0.202504,-1621.502985,2167533,5394,551761,0
1742411539,free-deployment-average-255-a1f36ae7017b-6797ccd5df-p7nnr_default,free-deployment-average-255-a1f36ae7017b,0.500000,0,average,1742411358,146738,344,34554,false,0.202389,-1622.946709,2169093,5250,551725,0
1742411544,free-deployment-average-227-d0b13cfb120d-7774d7c478-tt448_default,free-deployment-average-227-d0b13cfb120d,0.500000,0,average,1742411363,146778,343,34555,false,0.202323,-1624.271154,2170492,5319,551873,0
1742411549,free-deployment-average-249-d647bdfefa1a-5c8c6874bc-jqrd7_default,free-deployment-average-249-d647bdfefa1a,0.500000,0,average,1742411368,146817,342,34557,false,0.208796,-1629.142711,2208039,4731,583943,0
1742411554,free-deployment-average-233-3f5aa011b66d-5f64d78d8f-vhtv6_default,free-deployment-average-233-3f5aa011b66d,0.500000,0,average,1742411373,146858,342,34555,false,0.206933,-1633.028146,2204327,4829,576430,0
1742411559,free-deployment-average-223-f31459c0d4e3-68fdc858c5-45n5l_default,free-deployment-average-223-f31459c0d4e3,0.500000,0,average,1742411378,146898,342,34556,false,0.201354,-1638.052520,2184495,5318,552093,0
1742411564,free-deployment-average-244-4ffc0dc813ac-6c6db8556c-2r5hg_default,free-deployment-average-244-4ffc0dc813ac,0.500000,0,average,1742411383,146938,345,34515,false,0.206670,-1642.543599,2215772,4988,578529,0
1742411569,free-deployment-average-205-3b155121ce45-f7cc95947-f56ql_default,free-deployment-average-205-3b155121ce45,0.500000,0,average,1742411388,146978,340,34558,false,0.200725,-1646.327469,2192653,5329,551988,0
1742411574,free-deployment-average-234-3765fa888fdc-7b5c996c97-fvlnn_default,free-deployment-average-234-3765fa888fdc,0.500000,0,average,1742411393,147018,343,34475,false,0.200421,-1649.410455,2195453,5253,551624,0
1742411579,free-deployment-average-220-b61f8ab675e4-7f7867b4d-bmmjk_default,free-deployment-average-220-b61f8ab675e4,0.500000,0,average,1742411403,142057,340,34478,false,0.203471,-1654.396042,2216139,5430,567493,0
1742411584,free-deployment-average-229-ce1b964415b0-7b67544488-qnkvf_default,free-deployment-average-229-ce1b964415b0,0.500000,0,average,1742411398,152099,342,34475,false,0.199670,-1659.410698,2205094,5478,551504,0
1742411589,free-deployment-average-218-cad900b1d79c-798d87c4d9-mfn9z_default,free-deployment-average-218-cad900b1d79c,0.500000,0,average,1742411408,147138,340,34398,false,0.208897,-1663.678993,2255889,4301,596819,0
1742411594,free-deployment-average-200-9a8d7103c7e7-85c85c8fb6-cq4j7_default,free-deployment-average-200-9a8d7103c7e7,0.500000,0,average,1742411413,147177,341,34398,false,0.198987,-1668.496330,2214133,5402,551376,0
1742411599,free-deployment-average-256-2c2981a5c8b4-b655c8bbd-b7wk5_default,free-deployment-average-256-2c2981a5c8b4,0.500000,0,average,1742411418,147217,341,34359,false,0.203338,-1668.955242,2235259,5246,571859,0
1742411604,free-deployment-average-161-08923ba80ac5-5bc49b6765-kcvnb_default,free-deployment-average-161-08923ba80ac5,0.500000,0,average,1742411423,147258,264,34455,false,0.207150,-1671.426781,2257686,4482,591041,0
1742411609,free-deployment-average-162-451b13fa1346-fbfbc8dd9-wr7rg_default,free-deployment-average-162-451b13fa1346,0.500000,0,average,1742411428,147218,340,34398,false,0.205582,-1675.090042,2254608,4897,584721,0
1742411614,free-deployment-average-252-f1ffeac2571a-7ccdb8bf8b-kgq4m_default,free-deployment-average-252-f1ffeac2571a,0.500000,0,average,1742411433,147258,342,34396,false,0.205039,-1677.644357,2254903,5410,582987,0
1742411620,free-deployment-average-183-c57965d8fd91-7d7457c7c4-jjhs6_default,free-deployment-average-183-c57965d8fd91,0.500000,0,average,1742411438,147299,259,34478,false,0.204741,-1676.203808,2251713,5237,581055,0
1742411625,free-deployment-average-237-dea82c01cd93-5958c5b488-k8hks_default,free-deployment-average-237-dea82c01cd93,0.500000,0,average,1742411444,146258,342,34477,false,0.206662,-1679.549495,2265872,4901,591530,0
1742411630,free-deployment-average-165-00dfcfbf3443-5d77947bc8-5t4zz_default,free-deployment-average-165-00dfcfbf3443,0.500000,0,average,1742411449,146298,343,34475,false,0.208009,-1683.048105,2277473,4639,599373,0
1742411635,free-deployment-average-211-b1a17f63af01-599f865fb-c847c_default,free-deployment-average-211-b1a17f63af01,0.500000,0,average,1742411454,146338,340,34478,false,0.210528,-1687.251375,2295913,4458,613439,0
1742411640,free-deployment-average-238-9ef284ab7f0b-7b678fd5f6-c866d_default,free-deployment-average-238-9ef284ab7f0b,0.500000,0,average,1742411464,141377,263,34515,false,0.207698,-1685.030616,2278207,5053,598546,0
1742411645,free-deployment-average-196-8e0c80fba3ef-8cb648cf6-vlcfl_default,free-deployment-average-196-8e0c80fba3ef,0.500000,0,average,1742411459,151338,342,34556,false,0.205456,-1689.958517,2273697,5251,589298,0
1742411650,free-deployment-average-225-379a7f77f5c1-6797695698-4pnrx_default,free-deployment-average-225-379a7f77f5c1,0.500000,0,average,1742411469,146378,344,34555,false,0.209483,-1689.213562,2293085,4717,608904,0
1742411655,free-deployment-average-240-3f39cd2a269a-7855fc9c58-5jmw7_default,free-deployment-average-240-3f39cd2a269a,0.500000,0,average,1742411474,146418,344,34554,false,0.206014,-1693.248099,2280684,5413,593167,0
1742411660,free-deployment-average-167-579780d54b9a-8699db587d-tqmvv_default,free-deployment-average-167-579780d54b9a,0.500000,0,average,1742411479,146458,342,34556,false,0.208378,-1694.132172,2293831,5136,605157,0
1742411665,free-deployment-average-254-2a259b4c2303-77f8b4f8b8-jxcpx_default,free-deployment-average-254-2a259b4c2303,0.500000,0,average,1742411484,146498,342,34556,false,0.204367,-1696.401893,2276714,5594,586236,0
1742411670,free-deployment-average-224-fe2046edffe9-657cfc4445-qhdd2_default,free-deployment-average-224-fe2046edffe9,0.500000,0,average,1742411494,141538,342,34555,false,0.204250,-1698.743912,2279310,5580,586475,0
1742411675,free-deployment-average-195-9a37d9cb60ac-5f5c56f7db-j87mh_default,free-deployment-average-195-9a37d9cb60ac,0.500000,0,average,1742411489,151577,343,34556,false,0.204479,-1703.781111,2287202,5604,589337,0
1742411680,free-deployment-average-253-5798b6ec0f57-76f64b6c76-td42q_default,free-deployment-average-253-5798b6ec0f57,0.500000,0,average,1742411499,146618,343,34556,false,0.203736,-1706.175178,2286988,5413,586544,0
1742411685,free-deployment-average-250-bf2cd9a9df35-66cc95787b-g8n2j_default,free-deployment-average-250-bf2cd9a9df35,0.500000,0,average,1742411504,146658,340,34458,false,0.206301,-1710.953103,2306104,5331,600796,0
1742411690,free-deployment-average-235-6408bf1245b2-66b6cd5795-lgjpf_default,free-deployment-average-235-6408bf1245b2,0.500000,0,average,1742411514,141698,343,34436,false,0.209230,-1716.015057,2328252,4731,617284,0
1742411695,free-deployment-average-207-723bc853e759-7c8d79f999-ssq7m_default,free-deployment-average-207-723bc853e759,0.500000,0,average,1742411509,151738,340,34479,false,0.202687,-1720.998521,2301430,5742,586512,0
1742411700,free-deployment-average-191-c533d75b39f3-5c7d778dbc-bs66r_default,free-deployment-average-191-c533d75b39f3,0.500000,0,average,1742411519,146778,342,34457,false,0.202414,-1724.566437,2304872,5755,586400,0
1742411705,free-deployment-average-247-67d9919c78ed-6c59cfcdbd-tmbm7_default,free-deployment-average-247-67d9919c78ed,0.500000,0,average,1742411524,146817,340,34399,false,0.201999,-1728.943483,2308627,5834,585862,0
1742411710,free-deployment-average-232-7c269ee1ebcf-7654cf795b-rh5rw_default,free-deployment-average-232-7c269ee1ebcf,0.500000,0,average,1742411529,146858,342,34396,false,0.206917,-1732.752754,2339187,4823,611558,0
1742411715,free-deployment-average-206-b7bccfe3c978-6f86657cfc-kr6ln_default,free-deployment-average-206-b7bccfe3c978,0.500000,0,average,1742411534,146898,263,34475,false,0.201711,-1734.184139,2314431,5657,586237,0
1742411720,free-deployment-average-255-a1f36ae7017b-6797ccd5df-w72kx_default,free-deployment-average-255-a1f36ae7017b,0.500000,0,average,1742411539,146858,343,34476,false,0.201600,-1735.672794,2315951,5594,586201,0
1742411725,free-deployment-average-227-d0b13cfb120d-7774d7c478-6cjmr_default,free-deployment-average-227-d0b13cfb120d,0.500000,0,average,1742411544,146899,341,34476,false,0.201536,-1737.036147,2317392,5661,586350,0
1742411730,free-deployment-average-249-d647bdfefa1a-5c8c6874bc-xs9lx_default,free-deployment-average-249-d647bdfefa1a,0.500000,0,average,1742411549,146938,342,34435,false,0.207619,-1741.989757,2354977,5074,618379,0
1742411735,free-deployment-average-223-f31459c0d4e3-68fdc858c5-fqbf9_default,free-deployment-average-223-f31459c0d4e3,0.500000,0,average,1742411559,141977,265,34474,false,0.200974,-1745.816894,2326473,5583,586568,0
1742411740,free-deployment-average-233-3f5aa011b66d-5f64d78d8f-z76m7_default,free-deployment-average-233-3f5aa011b66d,0.500000,0,average,1742411554,151937,343,34475,false,0.205530,-1750.836115,2356265,5172,610906,0
1742411745,free-deployment-average-244-4ffc0dc813ac-6c6db8556c-zkk5m_default,free-deployment-average-244-4ffc0dc813ac,0.500000,0,average,1742411564,146977,342,34476,false,0.205637,-1755.370523,2362750,5331,613025,0
1742411750,free-deployment-average-205-3b155121ce45-f7cc95947-nmv9r_default,free-deployment-average-205-3b155121ce45,0.500000,0,average,1742411569,147018,342,34476,false,0.200035,-1759.213093,2339671,5672,586464,0
1742411755,free-deployment-average-234-3765fa888fdc-7b5c996c97-qxvrx_default,free-deployment-average-234-3765fa888fdc,0.500000,0,average,1742411574,147059,342,34476,false,0.199748,-1762.336626,2342512,5596,586101,0
1742411760,free-deployment-average-229-ce1b964415b0-7b67544488-nwb6b_default,free-deployment-average-229-ce1b964415b0,0.500000,0,average,1742411584,142098,340,34478,false,0.199382,-1767.370868,2347193,5819,585983,0
1742411765,free-deployment-average-220-b61f8ab675e4-7f7867b4d-4bjhj_default,free-deployment-average-220-b61f8ab675e4,0.500000,0,average,1742411579,152137,263,34536,false,0.202295,-1772.257582,2368277,5693,602030,0
1742411770,free-deployment-average-218-cad900b1d79c-798d87c4d9-qr8kk_default,free-deployment-average-218-cad900b1d79c,0.500000,0,average,1742411589,147098,339,34558,false,0.207758,-1776.560547,2402988,4641,631378,0
1742411776,free-deployment-average-200-9a8d7103c7e7-85c85c8fb6-vpw4z_default,free-deployment-average-200-9a8d7103c7e7,0.500000,0,average,1742411594,147138,343,34558,false,0.198423,-1781.420350,2361271,5745,585934,0
1742411781,free-deployment-average-256-2c2981a5c8b4-b655c8bbd-x7v9r_default,free-deployment-average-256-2c2981a5c8b4,0.500000,0,average,1742411599,147178,340,34557,false,0.202514,-1781.918101,2382438,5587,606418,0
1742411786,free-deployment-average-161-08923ba80ac5-5bc49b6765-zg9vh_default,free-deployment-average-161-08923ba80ac5,0.500000,0,average,1742411604,147218,345,34553,false,0.206110,-1784.420015,2404904,4828,625614,0
1742411791,free-deployment-average-162-451b13fa1346-fbfbc8dd9-9k95x_default,free-deployment-average-162-451b13fa1346,0.500000,0,average,1742411609,147258,346,34553,false,0.204625,-1788.143191,2401866,5243,619275,0
1742411796,free-deployment-average-252-f1ffeac2571a-7ccdb8bf8b-7v7sd_default,free-deployment-average-252-f1ffeac2571a,0.500000,0,average,1742411614,147298,341,34556,false,0.204113,-1790.729505,2402202,5752,617544,0
1742411801,free-deployment-average-183-c57965d8fd91-7d7457c7c4-2hf9r_default,free-deployment-average-183-c57965d8fd91,0.500000,0,average,1742411619,147338,341,34477,false,0.203808,-1789.409260,2399052,5579,615532,0
1742411806,free-deployment-average-237-dea82c01cd93-5958c5b488-df7wz_default,free-deployment-average-237-dea82c01cd93,0.500000,0,average,1742411624,147378,342,34436,false,0.205608,-1792.836528,2413250,5244,625967,0
1742411811,free-deployment-average-165-00dfcfbf3443-5d77947bc8-vp8cf_default,free-deployment-average-165-00dfcfbf3443,0.500000,0,average,1742411630,146418,344,34475,false,0.206956,-1795.337244,2423891,4983,633849,0
1742411816,free-deployment-average-211-b1a17f63af01-599f865fb-mj79w_default,free-deployment-average-211-b1a17f63af01,0.500000,0,average,1742411635,146458,339,34398,false,0.209317,-1799.652472,2442372,4798,647838,0
1742411821,free-deployment-average-238-9ef284ab7f0b-7b678fd5f6-5b6zh_default,free-deployment-average-238-9ef284ab7f0b,0.500000,0,average,1742411640,146498,342,34396,false,0.206639,-1797.476115,2424705,5396,632943,0
1742411826,free-deployment-average-196-8e0c80fba3ef-8cb648cf6-jgng7_default,free-deployment-average-196-8e0c80fba3ef,0.500000,0,average,1742411645,146538,340,34398,false,0.204523,-1802.440150,2420235,5592,623697,0
1742411831,free-deployment-average-225-379a7f77f5c1-6797695698-dqnb6_default,free-deployment-average-225-379a7f77f5c1,0.500000,0,average,1742411650,146578,263,34476,false,0.208347,-1801.575445,2439664,4981,643381,0
1742411836,free-deployment-average-240-3f39cd2a269a-7855fc9c58-l4nbt_default,free-deployment-average-240-3f39cd2a269a,0.500000,0,average,1742411655,146538,341,34476,false,0.205071,-1805.652901,2427223,5755,627645,0
1742411841,free-deployment-average-167-579780d54b9a-8699db587d-gr4dv_default,free-deployment-average-167-579780d54b9a,0.500000,0,average,1742411660,146578,343,34474,false,0.207301,-1806.580412,2440410,5480,639632,0
1742411846,free-deployment-average-254-2a259b4c2303-77f8b4f8b8-m8fvn_default,free-deployment-average-254-2a259b4c2303,0.500000,0,average,1742411665,146617,261,34557,false,0.203540,-1808.718864,2423332,5856,620794,0
1742411851,free-deployment-average-195-9a37d9cb60ac-5f5c56f7db-wsg7r_default,free-deployment-average-195-9a37d9cb60ac,0.500000,0,average,1742411675,141578,343,34556,false,0.203979,-1811.147584,2428780,5947,623893,0
1742411856,free-deployment-average-224-fe2046edffe9-657cfc4445-brgkl_default,free-deployment-average-224-fe2046edffe9,0.500000,0,average,1742411670,151618,343,34436,false,0.203061,-1816.269844,2430928,5923,620911,0
1742411861,free-deployment-average-253-5798b6ec0f57-76f64b6c76-lz94k_default,free-deployment-average-253-5798b6ec0f57,0.500000,0,average,1742411680,146658,342,34475,false,0.202920,-1818.701134,2433646,5755,621020,0
1742411866,free-deployment-average-207-723bc853e759-7c8d79f999-t72qx_default,free-deployment-average-207-723bc853e759,0.500000,0,average,1742411695,136697,345,34474,false,0.202593,-1823.566959,2438128,6088,620987,0
1742411871,free-deployment-average-235-6408bf1245b2-66b6cd5795-w68nq_default,free-deployment-average-235-6408bf1245b2,0.500000,0,average,1742411690,146737,343,34475,false,0.208114,-1828.603363,2474990,5075,651779,0
1742411876,free-deployment-average-250-bf2cd9a9df35-66cc95787b-kwvrc_default,free-deployment-average-250-bf2cd9a9df35,0.500000,0,average,1742411685,156778,343,34476,false,0.204679,-1833.580725,2462882,5675,635292,0
1742411881,free-deployment-average-191-c533d75b39f3-5c7d778dbc-vqfth_default,free-deployment-average-191-c533d75b39f3,0.500000,0,average,1742411700,146818,341,34459,false,0.201671,-1837.247580,2451690,6097,620879,0
1742411886,free-deployment-average-247-67d9919c78ed-6c59cfcdbd-5wrxp_default,free-deployment-average-247-67d9919c78ed,0.500000,0,average,1742411705,146857,262,34557,false,0.201304,-1841.501692,2455485,6097,620420,0
1742411891,free-deployment-average-232-7c269ee1ebcf-7654cf795b-6dfzv_default,free-deployment-average-232-7c269ee1ebcf,0.500000,0,average,1742411710,146817,341,34557,false,0.205948,-1845.356310,2486004,5164,646117,0
1742411896,free-deployment-average-206-b7bccfe3c978-6f86657cfc-w4b9r_default,free-deployment-average-206-b7bccfe3c978,0.500000,0,average,1742411715,146858,344,34555,false,0.201029,-1846.831907,2461289,6002,620793,0
1742411901,free-deployment-average-255-a1f36ae7017b-6797ccd5df-q8pqd_default,free-deployment-average-255-a1f36ae7017b,0.500000,0,average,1742411720,146897,340,34558,false,0.200923,-1848.352547,2462849,5934,620761,0
1742411906,free-deployment-average-227-d0b13cfb120d-7774d7c478-fmdb6_default,free-deployment-average-227-d0b13cfb120d,0.500000,0,average,1742411725,146938,342,34557,false,0.200860,-1849.759496,2464330,6003,620908,0
1742411911,free-deployment-average-249-d647bdfefa1a-5c8c6874bc-pdpcp_default,free-deployment-average-249-d647bdfefa1a,0.500000,0,average,1742411730,146978,340,34458,false,0.206586,-1854.830586,2501956,5415,652859,0
1742411916,free-deployment-average-233-3f5aa011b66d-5f64d78d8f-rmdkw_default,free-deployment-average-233-3f5aa011b66d,0.500000,0,average,1742411740,142017,344,34475,false,0.204936,-1858.724730,2498283,5516,645382,0
1742411921,free-deployment-average-223-f31459c0d4e3-68fdc858c5-twc7g_default,free-deployment-average-223-f31459c0d4e3,0.500000,0,average,1742411735,152058,341,34478,false,0.199983,-1863.738167,2478531,5924,621047,0
1742411926,free-deployment-average-244-4ffc0dc813ac-6c6db8556c-b6n8v_default,free-deployment-average-244-4ffc0dc813ac,0.500000,0,average,1742411745,147098,344,34455,false,0.204704,-1868.358738,2509848,5675,647480,0
1742411931,free-deployment-average-205-3b155121ce45-f7cc95947-7ckc7_default,free-deployment-average-205-3b155121ce45,0.500000,0,average,1742411750,147138,340,34398,false,0.199398,-1872.293967,2486810,6012,620863,0
1742411936,free-deployment-average-229-ce1b964415b0-7b67544488-8wfn8_default,free-deployment-average-229-ce1b964415b0,0.500000,0,average,1742411760,142178,343,34396,false,0.199101,-1875.496220,2489371,6162,620380,0
1742411941,free-deployment-average-234-3765fa888fdc-7b5c996c97-s6h97_default,free-deployment-average-234-3765fa888fdc,0.500000,0,average,1742411755,152217,263,34476,false,0.198829,-1880.337533,2494730,5859,620578,0
1742411946,free-deployment-average-220-b61f8ab675e4-7f7867b4d-92wfd_default,free-deployment-average-220-b61f8ab675e4,0.500000,0,average,1742411765,147178,341,34477,false,0.201559,-1885.281150,2515456,6035,636528,0
1742411952,free-deployment-average-218-cad900b1d79c-798d87c4d9-trbcf_default,free-deployment-average-218-cad900b1d79c,0.500000,0,average,1742411770,147218,340,34478,false,0.206721,-1889.643146,2550206,4982,665857,0
1742411957,free-deployment-average-200-9a8d7103c7e7-85c85c8fb6-zdzt9_default,free-deployment-average-200-9a8d7103c7e7,0.500000,0,average,1742411775,147258,344,34475,false,0.197896,-1894.547675,2508529,6090,620410,0
1742411962,free-deployment-average-256-2c2981a5c8b4-b655c8bbd-t97f8_default,free-deployment-average-256-2c2981a5c8b4,0.500000,0,average,1742411780,147299,260,34556,false,0.201783,-1894.919684,2529738,5848,640974,0
1742411967,free-deployment-average-161-08923ba80ac5-5bc49b6765-lc7s2_default,free-deployment-average-161-08923ba80ac5,0.500000,0,average,1742411786,146258,343,34556,false,0.205245,-1896.467248,2551162,5172,660171,0
1742411972,free-deployment-average-162-451b13fa1346-fbfbc8dd9-g9ftr_default,free-deployment-average-162-451b13fa1346,0.500000,0,average,1742411791,146300,338,34558,false,0.203840,-1900.224053,2548167,5581,653834,0
1742411977,free-deployment-average-252-f1ffeac2571a-7ccdb8bf8b-jc665_default,free-deployment-average-252-f1ffeac2571a,0.500000,0,average,1742411796,146338,343,34516,false,0.203344,-1902.895567,2548540,6095,652061,0
1742411982,free-deployment-average-183-c57965d8fd91-7d7457c7c4-prjxs_default,free-deployment-average-183-c57965d8fd91,0.500000,0,average,1742411801,146377,344,34456,false,0.203036,-1901.676797,2545430,5924,649989,0
1742411987,free-deployment-average-237-dea82c01cd93-5958c5b488-47dtr_default,free-deployment-average-237-dea82c01cd93,0.500000,0,average,1742411806,146418,344,34475,false,0.204744,-1905.125351,2559669,5588,660442,0
1742411992,free-deployment-average-165-00dfcfbf3443-5d77947bc8-rchqx_default,free-deployment-average-165-00dfcfbf3443,0.500000,0,average,1742411811,146457,343,34476,false,0.206019,-1907.663634,2570349,5327,668326,0
1742411997,free-deployment-average-211-b1a17f63af01-599f865fb-t9m5b_default,free-deployment-average-211-b1a17f63af01,0.500000,0,average,1742411816,146498,342,34476,false,0.208256,-1912.018659,2588871,5141,682314,0
1742412002,free-deployment-average-238-9ef284ab7f0b-7b678fd5f6-clfr7_default,free-deployment-average-238-9ef284ab7f0b,0.500000,0,average,1742411821,146537,343,34476,false,0.205714,-1909.881912,2571243,5740,667420,0
1742412007,free-deployment-average-196-8e0c80fba3ef-8cb648cf6-9mww8_default,free-deployment-average-196-8e0c80fba3ef,0.500000,0,average,1742411826,146578,342,34476,false,0.203711,-1914.885237,2566813,5934,658175,0
1742412012,free-deployment-average-225-379a7f77f5c1-6797695698-nffr6_default,free-deployment-average-225-379a7f77f5c1,0.500000,0,average,1742411831,146618,262,34556,false,0.207354,-1913.897537,2586282,5244,677937,0
1742412017,free-deployment-average-240-3f39cd2a269a-7855fc9c58-7jht9_default,free-deployment-average-240-3f39cd2a269a,0.500000,0,average,1742411836,146578,340,34559,false,0.204252,-1918.012945,2573801,6095,662205,0
1742412022,free-deployment-average-167-579780d54b9a-8699db587d-mlzh2_default,free-deployment-average-167-579780d54b9a,0.500000,0,average,1742411841,146617,343,34557,false,0.206361,-1918.985047,2587027,5823,674189,0
1742412027,free-deployment-average-254-2a259b4c2303-77f8b4f8b8-mlcjk_default,free-deployment-average-254-2a259b4c2303,0.500000,0,average,1742411846,146658,343,34555,false,0.202798,-1921.166252,2569990,6199,655350,0
1742412032,free-deployment-average-224-fe2046edffe9-657cfc4445-z7q4h_default,free-deployment-average-224-fe2046edffe9,0.500000,0,average,1742411856,141698,343,34555,false,0.202663,-1923.735995,2572626,6267,655488,0
1742412037,free-deployment-average-195-9a37d9cb60ac-5f5c56f7db-mm88p_default,free-deployment-average-195-9a37d9cb60ac,0.500000,0,average,1742411851,151738,343,34435,false,0.202866,-1928.795168,2580518,6291,658329,0
1742412042,free-deployment-average-253-5798b6ec0f57-76f64b6c76-f6n6r_default,free-deployment-average-253-5798b6ec0f57,0.500000,0,average,1742411861,146777,343,34476,false,0.202188,-1931.346099,2580423,6099,655498,0
1742412047,free-deployment-average-235-6408bf1245b2-66b6cd5795-mp9cq_default,free-deployment-average-235-6408bf1245b2,0.500000,0,average,1742411871,141818,342,34396,false,0.207404,-1936.368581,2616808,5417,686176,0
1742412052,free-deployment-average-250-bf2cd9a9df35-66cc95787b-7h96h_default,free-deployment-average-250-bf2cd9a9df35,0.500000,0,average,1742411876,141857,340,34378,false,0.204141,-1941.401771,2604740,6015,669671,0
1742412057,free-deployment-average-207-723bc853e759-7c8d79f999-k5f9s_default,free-deployment-average-207-723bc853e759,0.500000,0,average,1742411866,156897,341,34398,false,0.201234,-1946.406796,2595025,6429,655386,0
1742412062,free-deployment-average-191-c533d75b39f3-5c7d778dbc-9w88p_default,free-deployment-average-191-c533d75b39f3,0.500000,0,average,1742411881,146938,343,34396,false,0.200988,-1950.114828,2598629,6440,655294,0
1742412067,free-deployment-average-247-67d9919c78ed-6c59cfcdbd-f6rvs_default,free-deployment-average-247-67d9919c78ed,0.500000,0,average,1742411886,146978,260,34478,false,0.200660,-1954.256789,2602463,6357,654899,0
1742412072,free-deployment-average-232-7c269ee1ebcf-7654cf795b-pv5bs_default,free-deployment-average-232-7c269ee1ebcf,0.500000,0,average,1742411891,146938,342,34476,false,0.205057,-1958.163449,2632943,5507,680593,0
1742412077,free-deployment-average-206-b7bccfe3c978-6f86657cfc-86wc2_default,free-deployment-average-206-b7bccfe3c978,0.500000,0,average,1742411896,146978,260,34558,false,0.200421,-1959.507744,2608267,6262,655352,0
1742412082,free-deployment-average-255-a1f36ae7017b-6797ccd5df-zb22j_default,free-deployment-average-255-a1f36ae7017b,0.500000,0,average,1742411901,146938,343,34555,false,0.200318,-1961.078936,2609787,6277,655317,0
1742412087,free-deployment-average-249-d647bdfefa1a-5c8c6874bc-dpvxs_default,free-deployment-average-249-d647bdfefa1a,0.500000,0,average,1742411911,141978,343,34556,false,0.205996,-1962.577117,2643934,5758,687435,0
1742412092,free-deployment-average-227-d0b13cfb120d-7774d7c478-4fr72_default,free-deployment-average-227-d0b13cfb120d,0.500000,0,average,1742411906,152018,341,34557,false,0.199950,-1967.560995,2616348,6345,655466,0
1742412097,free-deployment-average-223-f31459c0d4e3-68fdc858c5-jmd8t_default,free-deployment-average-223-f31459c0d4e3,0.500000,0,average,1742411921,142058,343,34556,false,0.199729,-1971.583869,2620589,6268,655604,0
1742412102,free-deployment-average-233-3f5aa011b66d-5f64d78d8f-ztkvr_default,free-deployment-average-233-3f5aa011b66d,0.500000,0,average,1742411916,152098,340,34558,false,0.203808,-1976.606076,2650382,5856,679941,0
1742412107,free-deployment-average-244-4ffc0dc813ac-6c6db8556c-xr7mz_default,free-deployment-average-244-4ffc0dc813ac,0.500000,0,average,1742411926,147138,343,34476,false,0.203880,-1981.347110,2656986,6019,681976,0
1742412112,free-deployment-average-205-3b155121ce45-f7cc95947-qfrlp_default,free-deployment-average-205-3b155121ce45,0.500000,0,average,1742411931,147178,340,34478,false,0.198849,-1985.334325,2633988,6353,655342,0
1742412118,free-deployment-average-229-ce1b964415b0-7b67544488-wttb4_default,free-deployment-average-229-ce1b964415b0,0.500000,0,average,1742411936,147218,342,34476,false,0.198565,-1988.580111,2636589,6505,654857,0
1742412123,free-deployment-average-234-3765fa888fdc-7b5c996c97-s7rq5_default,free-deployment-average-234-3765fa888fdc,0.500000,0,average,1742411941,147258,344,34455,false,0.198301,-1993.485231,2641988,6204,655033,0
1742412128,free-deployment-average-220-b61f8ab675e4-7f7867b4d-249rm_default,free-deployment-average-220-b61f8ab675e4,0.500000,0,average,1742411946,147298,342,34476,false,0.200892,-1998.446397,2662754,6378,671005,0
1742412133,free-deployment-average-218-cad900b1d79c-798d87c4d9-jxhmd_default,free-deployment-average-218-cad900b1d79c,0.500000,0,average,1742411951,147337,343,34476,false,0.205787,-2002.849686,2697544,5325,700333,0
1742412138,free-deployment-average-200-9a8d7103c7e7-85c85c8fb6-2v445_default,free-deployment-average-200-9a8d7103c7e7,0.500000,0,average,1742411956,147378,262,34557,false,0.197444,-2007.626967,2655907,6352,654967,0
1742412143,free-deployment-average-256-2c2981a5c8b4-b655c8bbd-448hj_default,free-deployment-average-256-2c2981a5c8b4,0.500000,0,average,1742411962,146337,345,34554,false,0.201182,-2007.049470,2676076,6193,675529,0
1742412148,free-deployment-average-161-08923ba80ac5-5bc49b6765-4m65x_default,free-deployment-average-161-08923ba80ac5,0.500000,0,average,1742411967,146378,343,34474,false,0.204446,-2008.716609,2697540,5515,694646,0
1742412153,free-deployment-average-162-451b13fa1346-fbfbc8dd9-9fb7b_default,free-deployment-average-162-451b13fa1346,0.500000,0,average,1742411972,146418,344,34475,false,0.203112,-2012.512438,2694585,5926,688310,0
1742412158,free-deployment-average-252-f1ffeac2571a-7ccdb8bf8b-p5d4l_default,free-deployment-average-252-f1ffeac2571a,0.500000,0,average,1742411977,146458,342,34476,false,0.202644,-2015.201498,2694999,6438,686557,0
1742412163,free-deployment-average-183-c57965d8fd91-7d7457c7c4-n6spq_default,free-deployment-average-183-c57965d8fd91,0.500000,0,average,1742411982,146498,343,34475,false,0.202350,-2014.025066,2691928,6267,684484,0
1742412168,free-deployment-average-237-dea82c01cd93-5958c5b488-zmbt2_default,free-deployment-average-237-dea82c01cd93,0.500000,0,average,1742411987,146537,343,34476,false,0.203965,-2017.532460,2706207,5932,694919,0
1742412173,free-deployment-average-165-00dfcfbf3443-5d77947bc8-n2jkh_default,free-deployment-average-165-00dfcfbf3443,0.500000,0,average,1742411992,146577,345,34474,false,0.205173,-2020.114292,2716926,5672,702800,0
1742412178,free-deployment-average-211-b1a17f63af01-599f865fb-7jjrc_default,free-deployment-average-211-b1a17f63af01,0.500000,0,average,1742411997,146618,264,34474,false,0.207304,-2024.422583,2735489,5405,716790,0
1742412183,free-deployment-average-238-9ef284ab7f0b-7b678fd5f6-nh6v9_default,free-deployment-average-238-9ef284ab7f0b,0.500000,0,average,1742412002,146578,343,34476,false,0.204885,-2022.328222,2717821,6083,701897,0
1742412188,free-deployment-average-196-8e0c80fba3ef-8cb648cf6-rqlh2_default,free-deployment-average-196-8e0c80fba3ef,0.500000,0,average,1742412007,146617,343,34476,false,0.202988,-2027.351540,2713431,6277,692671,0
1742412193,free-deployment-average-225-379a7f77f5c1-6797695698-hlt4c_default,free-deployment-average-225-379a7f77f5c1,0.500000,0,average,1742412012,146658,342,34477,false,0.206441,-2026.423308,2732940,5586,712415,0
1742412198,free-deployment-average-240-3f39cd2a269a-7855fc9c58-wmrz7_default,free-deployment-average-240-3f39cd2a269a,0.500000,0,average,1742412017,146697,343,34435,false,0.203483,-2030.619537,2720499,6439,696641,0
1742412203,free-deployment-average-167-579780d54b9a-8699db587d-c9j2q_default,free-deployment-average-167-579780d54b9a,0.500000,0,average,1742412022,146738,342,34476,false,0.205494,-2031.589980,2733766,6165,708666,0
1742412208,free-deployment-average-254-2a259b4c2303-77f8b4f8b8-f6wk8_default,free-deployment-average-254-2a259b4c2303,0.500000,0,average,1742412027,146778,263,34556,false,0.202133,-2033.648401,2716769,6462,689906,0
1742412213,free-deployment-average-195-9a37d9cb60ac-5f5c56f7db-krm9x_default,free-deployment-average-195-9a37d9cb60ac,0.500000,0,average,1742412037,141737,343,34555,false,0.202493,-2036.321458,2722256,6634,692885,0
1742412218,free-deployment-average-224-fe2046edffe9-657cfc4445-8789t_default,free-deployment-average-224-fe2046edffe9,0.500000,0,average,1742412032,151778,343,34555,false,0.201705,-2041.301809,2724405,6610,690044,0
1742412223,free-deployment-average-207-723bc853e759-7c8d79f999-gmqd8_default,free-deployment-average-207-723bc853e759,0.500000,0,average,1742412057,131818,343,34515,false,0.201519,-2044.052673,2726844,6772,689902,0
1742412228,free-deployment-average-250-bf2cd9a9df35-66cc95787b-vfltb_default,free-deployment-average-250-bf2cd9a9df35,0.500000,0,average,1742412052,141857,341,34478,false,0.203687,-2049.102942,2746598,6357,704170,0
1742412233,free-deployment-average-235-6408bf1245b2-66b6cd5795-rl9rq_default,free-deployment-average-235-6408bf1245b2,0.500000,0,average,1742412047,151897,343,34476,false,0.206188,-2054.134374,2768706,5760,720653,0
1742412238,free-deployment-average-253-5798b6ec0f57-76f64b6c76-52s52_default,free-deployment-average-253-5798b6ec0f57,0.500000,0,average,1742412042,161938,340,34478,false,0.200646,-2059.146894,2742362,6440,689977,0
1742412243,free-deployment-average-191-c533d75b39f3-5c7d778dbc-rhbn6_default,free-deployment-average-191-c533d75b39f3,0.500000,0,average,1742412062,146977,343,34476,false,0.200389,-2062.958953,2745607,6784,689771,0
1742412248,free-deployment-average-247-67d9919c78ed-6c59cfcdbd-b9kr2_default,free-deployment-average-247-67d9919c78ed,0.500000,0,average,1742412067,147019,341,34476,false,0.200077,-2067.140886,2749483,6699,689376,0
1742412253,free-deployment-average-232-7c269ee1ebcf-7654cf795b-bsxkc_default,free-deployment-average-232-7c269ee1ebcf,0.500000,0,average,1742412072,147057,344,34475,false,0.204252,-2071.092302,2780000,5852,715069,0
1742412258,free-deployment-average-206-b7bccfe3c978-6f86657cfc-wxnqf_default,free-deployment-average-206-b7bccfe3c978,0.500000,0,average,1742412077,147097,264,34555,false,0.199869,-2072.310456,2755365,6526,689907,0
1742412263,free-deployment-average-255-a1f36ae7017b-6797ccd5df-c5x72_default,free-deployment-average-255-a1f36ae7017b,0.500000,0,average,1742412082,147057,343,34476,false,0.199752,-2074.003513,2756845,6621,689794,0
1742412268,free-deployment-average-249-d647bdfefa1a-5c8c6874bc-x5k92_default,free-deployment-average-249-d647bdfefa1a,0.500000,0,average,1742412087,147098,340,34479,false,0.205145,-2075.537097,2791032,6098,721915,0
1742412273,free-deployment-average-227-d0b13cfb120d-7774d7c478-g9nph_default,free-deployment-average-227-d0b13cfb120d,0.500000,0,average,1742412092,147138,343,34476,false,0.199399,-2080.565898,2763487,6688,689944,0
1742412278,free-deployment-average-233-3f5aa011b66d-5f64d78d8f-5nfmw_default,free-deployment-average-233-3f5aa011b66d,0.500000,0,average,1742412102,142178,339,34438,false,0.203345,-2084.687137,2792560,6196,714380,0
1742412284,free-deployment-average-223-f31459c0d4e3-68fdc858c5-cfwcg_default,free-deployment-average-223-f31459c0d4e3,0.500000,0,average,1742412097,152218,343,34456,false,0.198895,-2089.688695,2772808,6611,690061,0
1742412289,free-deployment-average-244-4ffc0dc813ac-6c6db8556c-dcrhd_default,free-deployment-average-244-4ffc0dc813ac,0.500000,0,average,1742412107,147258,340,34479,false,0.203135,-2094.448398,2804244,6360,716475,0
1742412294,free-deployment-average-205-3b155121ce45-f7cc95947-9hhn9_default,free-deployment-average-205-3b155121ce45,0.500000,0,average,1742412112,147299,262,34556,false,0.198377,-2098.316452,2781288,6616,689918,0
1742412299,free-deployment-average-229-ce1b964415b0-7b67544488-2rdhz_default,free-deployment-average-229-ce1b964415b0,0.500000,0,average,1742412117,147258,340,34479,false,0.198084,-2101.699320,2783848,6846,689337,0
1742412303,free-deployment-average-251-98900afcc72c-666cfcc888-5frwh_default,free-deployment-average-251-98900afcc72c,0.500000,0,average,1742408703,732,7,3600070,false,0.999795,1799.658623,732,7,3600070,0
1742412303,prod-deployment-average-2-78a5f8e3395b-84b6bbbfb5-gpgfm_default,prod-deployment-average-2-78a5f8e3395b,1.000000,0,average,1742408704,747,6,3599107,false,0.999791,-0.759711,747,6,3599106,0
1742412303,free-deployment-average-184-9c6d5e1ddbbe-785f77b9bb-pqwvt_default,free-deployment-average-184-9c6d5e1ddbbe,0.500000,0,average,1742408705,765,4,3598131,false,0.999786,1798.676468,765,4,3598131,0
1742412303,free-deployment-average-175-89be5abea71b-55655d766b-d9pk7_default,free-deployment-average-175-89be5abea71b,0.500000,0,average,1742408706,784,6,3597166,false,0.999780,1798.180669,784,6,3597166,0
1742412304,batch-deployment-average-97-aeaaf3c399f5-7db7d99fd7-xmq9m_default,batch-deployment-average-97-aeaaf3c399f5,0.900000,0,average,1742408707,804,7,3596206,false,0.999774,358.883159,804,7,3596206,0
1742412304,free-deployment-average-189-0c8159b9761e-65c7cd867c-l7qdl_default,free-deployment-average-189-0c8159b9761e,0.500000,0,average,1742408708,823,7,3595247,false,0.999769,1797.200126,823,7,3595247,0
1742412304,free-deployment-average-234-3765fa888fdc-7b5c996c97-gtrnv_default,free-deployment-average-234-3765fa888fdc,0.500000,0,average,1742412123,146298,342,34596,false,0.197920,-2105.510861,2788286,6546,689649,0
1742412304,free-deployment-average-179-5930cefa2afa-755d56744d-7z5n8_default,free-deployment-average-179-5930cefa2afa,0.500000,0,average,1742408709,850,6,3594800,false,0.999762,1796.965932,850,6,3594800,0
1742412304,free-deployment-average-245-bb4d2fa0b1f1-5dfb889f77-4q4t2_default,free-deployment-average-245-bb4d2fa0b1f1,0.500000,0,average,1742408710,860,7,3593890,false,0.999759,1796.503725,860,7,3593890,0
1742412304,prod-deployment-average-40-bd84975c4352-bd9484cb7-wpk8v_default,prod-deployment-average-40-bd84975c4352,1.000000,0,average,1742408711,880,6,3592934,false,0.999753,-0.893412,880,6,3592934,0
1742412304,batch-deployment-average-108-7ebacdf30a56-598f458569-llxhk_default,batch-deployment-average-108-7ebacdf30a56,0.900000,0,average,1742408712,899,7,3591971,false,0.999748,358.373537,899,7,3591971,0
1742412304,free-deployment-average-197-33d70c6203e2-5b69679c76-h6bcm_default,free-deployment-average-197-33d70c6203e2,0.500000,0,average,1742408713,919,6,3591031,false,0.999742,1795.045985,919,6,3591031,0
1742412305,prod-deployment-average-21-97f9fa6c6ee6-854869848f-vwhkv_default,prod-deployment-average-21-97f9fa6c6ee6,1.000000,0,average,1742408714,938,7,3590212,false,0.999737,-0.952975,938,7,3590212,0
1742412305,batch-deployment-average-117-7f5bfc9ec76d-747f45f46c-snlsl_default,batch-deployment-average-117-7f5bfc9ec76d,0.900000,0,average,1742408715,956,7,3589294,false,0.999732,358.054700,956,7,3589294,0
1742412305,free-deployment-average-190-5181904d7a0f-664868c895-7d8mq_default,free-deployment-average-190-5181904d7a0f,0.500000,0,average,1742408716,979,5,3588432,false,0.999726,1793.717977,979,5,3588432,0
1742412305,prod-deployment-average-63-fe29a50ecde3-5d58bdc89b-wm4pt_default,prod-deployment-average-63-fe29a50ecde3,1.000000,0,average,1742408717,994,7,3587599,false,0.999721,-1.009320,994,7,3587599,0
1742412305,batch-deployment-average-135-6f16a064bb58-69f7b794c7-crmtj_default,batch-deployment-average-135-6f16a064bb58,0.900000,0,average,1742408719,13,6,3586698,false,0.999994,358.644520,13,6,3586698,0
1742412305,free-deployment-average-230-99104ec2d1ef-66d8f6c5b5-wr9qw_default,free-deployment-average-230-99104ec2d1ef,0.500000,0,average,1742408720,31,6,3585741,false,0.999990,1792.845697,31,6,3585741,0
1742412305,batch-deployment-average-147-eb8a478921ad-7997b4fbf-m95c2_default,batch-deployment-average-147-eb8a478921ad,0.900000,0,average,1742408721,52,3,3584781,false,0.999984,358.423156,52,3,3584781,0
1742412306,free-deployment-average-163-b9a491f888e7-df58f6cc5-tklkf_default,free-deployment-average-163-b9a491f888e7,0.500000,0,average,1742408722,67,6,3583946,false,0.999979,1791.929128,67,6,3583946,0
1742412306,batch-deployment-average-137-ba47cdd52ed6-697d744bcc-w89js_default,batch-deployment-average-137-ba47cdd52ed6,0.900000,0,average,1742408723,85,7,3582985,false,0.999974,358.206780,85,7,3582985,0
1742412306,free-deployment-average-210-21f76f7fc1ca-67587cc989-xnj85_default,free-deployment-average-210-21f76f7fc1ca,0.500000,0,average,1742408724,104,7,3582068,false,0.999969,1790.970556,104,7,3582068,0
1742412306,batch-deployment-average-84-259eac451c3b-99b5dd55b-qdfzv_default,batch-deployment-average-84-259eac451c3b,0.900000,0,average,1742408725,124,7,3581226,false,0.999963,357.996221,124,7,3581226,0
1742412306,free-deployment-average-209-39579b3c021a-5456bc8865-9tdn6_default,free-deployment-average-209-39579b3c021a,0.500000,0,average,1742408726,143,7,3580328,false,0.999958,1790.081685,143,7,3580328,0
1742412306,batch-deployment-average-81-dca16ca4b7ce-c5954b48b-4g9ds_default,batch-deployment-average-81-dca16ca4b7ce,0.900000,0,average,1742408727,159,7,3579412,false,0.999954,357.784381,159,7,3579412,0
1742412306,prod-deployment-average-35-8324508df5d5-86c678b87f-8tj2g_default,prod-deployment-average-35-8324508df5d5,1.000000,0,average,1742408728,178,6,3578599,false,0.999948,-0.190914,178,6,3578599,0
1742412306,free-deployment-average-211-b1a17f63af01-599f865fb-btwd7_default,free-deployment-average-211-b1a17f63af01,0.500000,0,average,1742412178,127859,486,631,false,0.200025,-2152.145536,2863348,5891,717422,0
1742412307,prod-deployment-average-70-7dffa3337ebf-967cdbfc5-pr8zv_default,prod-deployment-average-70-7dffa3337ebf,1.000000,0,average,1742408730,213,7,3576976,false,0.999938,-0.229315,213,7,3576976,0
1742412307,batch-deployment-average-141-d1c388f97edd-8685845d8f-ccc87_default,batch-deployment-average-141-d1c388f97edd,0.900000,0,average,1742408731,234,9,3576197,false,0.999932,357.390845,234,9,3576197,0
1742412307,prod-deployment-average-17-67f969f32c4e-76866fc9bc-6qpn5_default,prod-deployment-average-17-67f969f32c4e,1.000000,0,average,1742408732,256,5,3575315,false,0.999927,-0.268302,256,5,3575315,0
1742412307,batch-deployment-average-87-c3d11835c0b6-65fb598c6f-8dsvg_default,batch-deployment-average-87-c3d11835c0b6,0.900000,0,average,1742408733,273,7,3574518,false,0.999922,357.192171,273,7,3574518,0
1742412307,prod-deployment-average-39-3119a9a7c600-6cc68bf64b-pg9s5_default,prod-deployment-average-39-3119a9a7c600,1.000000,0,average,1742408734,300,5,3573671,false,0.999914,-0.312051,300,5,3573671,0
1742412308,batch-deployment-average-128-27aa05c16d42-5cf8f676db-c24gj_default,batch-deployment-average-128-27aa05c16d42,0.900000,0,average,1742408735,315,3,3572879,false,0.999911,356.997249,315,3,3572879,0
1742412308,prod-deployment-average-24-86ca4b6d0e62-6dff95c6d8-7k6df_default,prod-deployment-average-24-86ca4b6d0e62,1.000000,0,average,1742408736,332,5,3572040,false,0.999905,-0.343983,332,5,3572040,0
1742412308,batch-deployment-average-104-a1c6cdb03e2c-c4bc577c-76gcq_default,batch-deployment-average-104-a1c6cdb03e2c,0.900000,0,average,1742408737,355,7,3571216,false,0.999899,356.788573,355,7,3571216,0
1742412308,prod-deployment-average-16-b117b639fb42-97f58c6cc-6b6x8_default,prod-deployment-average-16-b117b639fb42,1.000000,0,average,1742408738,375,7,3570438,false,0.999893,-0.389844,375,7,3570438,0
1742412309,prod-deployment-average-8-f6fe0f130c69-55c6bcc78-6jmn6_default,prod-deployment-average-8-f6fe0f130c69,1.000000,0,average,1742408739,393,7,3569676,false,0.999888,-0.409172,393,7,3569676,0
1742412309,free-deployment-average-218-cad900b1d79c-798d87c4d9-msrhf_default,free-deployment-average-218-cad900b1d79c,0.500000,0,average,1742412133,146378,340,29580,false,0.203915,-2119.989446,2843923,5665,729914,0
1742412309,batch-deployment-average-93-700be1761285-78d87875f5-cvhj4_default,batch-deployment-average-93-700be1761285,0.900000,0,average,1742408741,434,4,3567978,false,0.999877,356.398104,434,4,3567978,0
1742412309,batch-deployment-average-144-6feb7f55360f-64cc479bc5-crkxm_default,batch-deployment-average-144-6feb7f55360f,0.900000,0,average,1742408742,450,7,3567219,false,0.999872,356.302192,450,7,3567219,0
1742412309,prod-deployment-average-41-c1d6ccc4ed9b-56654cd7b7-rtmn4_default,prod-deployment-average-41-c1d6ccc4ed9b,1.000000,0,average,1742408743,470,10,3566320,false,0.999865,-0.490497,470,10,3566320,0
1742412309,batch-deployment-average-101-06682d0f0660-5d89468f6f-p62rp_default,batch-deployment-average-101-06682d0f0660,0.900000,0,average,1742408744,489,8,3565480,false,0.999860,356.091071,489,8,3565480,0
1742412310,prod-deployment-average-46-b0586262d49f-558c6446cc-4rtzs_default,prod-deployment-average-46-b0586262d49f,1.000000,0,average,1742408745,517,8,3564652,false,0.999853,-0.533894,517,8,3564652,0
1742412310,batch-deployment-average-151-740af54f0add-5899df4c7b-qt724_default,batch-deployment-average-151-740af54f0add,0.900000,0,average,1742408746,538,8,3563851,false,0.999847,355.884400,538,8,3563851,0
1742412310,batch-deployment-average-156-652fb6d4e604-6d668ccdd7-ltsqt_default,batch-deployment-average-156-652fb6d4e604,0.900000,0,average,1742408747,559,7,3563010,false,0.999841,355.783665,559,7,3563010,0
1742412310,batch-deployment-average-99-1a343aec805f-6557b78c9c-2xj4c_default,batch-deployment-average-99-1a343aec805f,0.900000,0,average,1742408748,579,5,3562194,false,0.999836,355.688190,579,5,3562194,0
1742412311,free-deployment-average-235-6408bf1245b2-66b6cd5795-bqzw2_default,free-deployment-average-235-6408bf1245b2,0.500000,0,average,1742412233,78017,0,0,false,0.201686,-2132.134609,2846724,5760,720653,0
1742412311,batch-deployment-average-115-149d22a3d405-5b5b5f6d45-nlnkr_default,batch-deployment-average-115-149d22a3d405,0.900000,0,average,1742408750,612,7,3560558,false,0.999826,355.490669,612,7,3560558,0
1742412311,prod-deployment-average-11-daf5fa5abfe6-6454697ff5-wh2xm_default,prod-deployment-average-11-daf5fa5abfe6,1.000000,0,average,1742408751,635,7,3559794,false,0.999820,-0.650107,635,7,3559794,0
1742412311,free-deployment-average-225-379a7f77f5c1-6797695698-64bwj_default,free-deployment-average-225-379a7f77f5c1,0.500000,0,average,1742412193,114718,380,3478,false,0.200557,-2138.048056,2847659,5967,715893,0
1742412311,batch-deployment-average-159-8e543557d9ea-6497cc4969-lfvgx_default,batch-deployment-average-159-8e543557d9ea,0.900000,0,average,1742408753,684,8,3558106,false,0.999805,355.178809,684,8,3558106,0
1742412311,batch-deployment-average-126-73793edc99fb-5647645b57-6pw87_default,batch-deployment-average-126-73793edc99fb,0.900000,0,average,1742408754,701,9,3557267,false,0.999800,355.078190,701,9,3557267,0
1742412312,prod-deployment-average-32-11a03c29e629-5648c78598-g7kn8_default,prod-deployment-average-32-11a03c29e629,1.000000,0,average,1742408755,732,9,3556495,false,0.999791,-0.751762,732,9,3556495,0
1742412312,batch-deployment-average-145-142763f82f00-8549cbb6c6-dwdkx_default,batch-deployment-average-145-142763f82f00,0.900000,0,average,1742408756,754,3,3555680,false,0.999787,354.882926,754,3,3555680,0
1742412312,free-deployment-average-165-00dfcfbf3443-5d77947bc8-xgqjl_default,free-deployment-average-165-00dfcfbf3443,0.500000,0,average,1742412173,132479,402,6695,false,0.199018,-2146.304784,2849406,6075,709496,0
1742412312,prod-deployment-average-69-ecc8c366ab08-669797686-wcqhf_default,prod-deployment-average-69-ecc8c366ab08,1.000000,0,average,1742408758,789,7,3554000,false,0.999776,-0.804269,789,7,3554000,0
1742412313,batch-deployment-average-131-f0b200ba3b45-77fd64f4b5-gl4dx_default,batch-deployment-average-131-f0b200ba3b45,0.900000,0,average,1742408759,806,11,3553198,false,0.999770,354.571114,806,11,3553198,0
1742412313,free-deployment-average-161-08923ba80ac5-5bc49b6765-8mwkr_default,free-deployment-average-161-08923ba80ac5,0.500000,0,average,1742412148,146501,261,18596,false,0.200177,-2136.879799,2844041,5777,713243,0
1742412313,prod-deployment-average-55-c5c573aef86e-58cc798ffd-t97j8_default,prod-deployment-average-55-c5c573aef86e,1.000000,0,average,1742408761,844,7,3551745,false,0.999760,-0.859628,844,7,3551745,0
1742412313,free-deployment-average-249-d647bdfefa1a-5c8c6874bc-jn684_default,free-deployment-average-249-d647bdfefa1a,0.500000,0,average,1742412268,44902,180,656,false,0.202697,-2119.956351,2835934,6279,722571,0
1742412313,batch-deployment-average-160-283602b0a415-5cff8d6464-fj5mq_default,batch-deployment-average-160-283602b0a415,0.900000,0,average,1742408763,882,7,3549908,false,0.999749,354.181873,882,7,3549908,0
1742412313,free-deployment-average-232-7c269ee1ebcf-7654cf795b-ffsmk_default,free-deployment-average-232-7c269ee1ebcf,0.500000,0,average,1742412253,58817,328,1799,false,0.201262,-2128.439529,2838818,6180,716869,0
1742412314,free-deployment-average-167-579780d54b9a-8699db587d-45np7_default,free-deployment-average-167-579780d54b9a,0.500000,0,average,1742412203,105458,465,5223,false,0.200545,-2132.297502,2839224,6631,713890,0
1742412314,prod-deployment-average-43-9d673665da88-77578c6b6f-m8t7n_default,prod-deployment-average-43-9d673665da88,1.000000,0,average,1742408766,941,7,3547404,false,0.999733,-0.955907,941,7,3547404,0
1742412314,free-deployment-average-238-9ef284ab7f0b-7b678fd5f6-dkllg_default,free-deployment-average-238-9ef284ab7f0b,0.500000,0,average,1742412183,124258,487,6802,false,0.199221,-2140.280583,2842080,6571,708699,0
1742412314,prod-deployment-average-36-5d577a58c079-7cdd5c56c5-fqj6n_default,prod-deployment-average-36-5d577a58c079,1.000000,0,average,1742408768,991,7,3545755,false,0.999718,-1.007025,991,7,3545755,0
1742412314,batch-deployment-average-95-9decbc7e1b55-9fbc47b5b-9kljq_default,batch-deployment-average-95-9decbc7e1b55,0.900000,0,average,1742408770,10,7,3544942,false,0.999995,354.471024,10,7,3544942,0
1742412315,free-deployment-average-237-dea82c01cd93-5958c5b488-vcj4w_default,free-deployment-average-237-dea82c01cd93,0.500000,0,average,1742412168,137039,460,9638,false,0.198232,-2145.402175,2843246,6393,704557,0
1742412315,batch-deployment-average-129-6479d86343a6-8679c7f7d-w4rr8_default,batch-deployment-average-129-6479d86343a6,0.900000,0,average,1742408772,51,7,3543278,false,0.999983,354.267932,51,7,3543278,0
1742412315,prod-deployment-average-25-e5cfff02c88d-64b698c4fd-ncv4s_default,prod-deployment-average-25-e5cfff02c88d,1.000000,0,average,1742408773,73,9,3542448,false,0.999976,-0.093686,73,9,3542448,0
1742412315,free-deployment-average-162-451b13fa1346-fbfbc8dd9-d45w2_default,free-deployment-average-162-451b13fa1346,0.500000,0,average,1742412153,146457,341,15951,false,0.198296,-2143.360969,2841042,6267,704262,0
1742412315,batch-deployment-average-107-32fb104d2f88-6cfff95867-75vjq_default,batch-deployment-average-107-32fb104d2f88,0.900000,0,average,1742408775,158,38,3540744,false,0.999945,353.859452,158,38,3540744,0
1742412316,free-deployment-average-244-4ffc0dc813ac-6c6db8556c-8ghb7_default,free-deployment-average-244-4ffc0dc813ac,0.500000,0,average,1742412288,25359,141,2648,false,0.202272,-2117.292790,2829604,6502,719123,0
1742412316,prod-deployment-average-78-cb2bbc9c142f-5c59b44f6f-kxz7r_default,prod-deployment-average-78-cb2bbc9c142f,1.000000,0,average,1742408777,199,3,3539135,false,0.999943,-0.206770,199,3,3539135,0
1742412316,free-deployment-average-233-3f5aa011b66d-5f64d78d8f-jjkcs_default,free-deployment-average-233-3f5aa011b66d,0.500000,0,average,1742412278,35181,220,3130,false,0.202025,-2116.934421,2827742,6417,717530,0
1742412316,prod-deployment-average-12-532a40bc86e9-5dfccb88fb-vlkj4_default,prod-deployment-average-12-532a40bc86e9,1.000000,0,average,1742408779,231,7,3537504,false,0.999932,-0.246033,231,7,3537504,0
1742412316,free-deployment-average-252-f1ffeac2571a-7ccdb8bf8b-nhfs7_default,free-deployment-average-252-f1ffeac2571a,0.500000,0,average,1742412158,146618,446,11870,false,0.196911,-2150.401538,2841617,6884,698428,0
1742412317,batch-deployment-average-134-a7a2416294c9-7d8ff9774-8m2l9_default,batch-deployment-average-134-a7a2416294c9,0.900000,0,average,1742408781,280,7,3535848,false,0.999918,353.317633,280,7,3535848,0
1742412317,prod-deployment-average-22-9a6fb963902e-594d7f5555-qwtn6_default,prod-deployment-average-22-9a6fb963902e,1.000000,0,average,1742408782,301,7,3535085,false,0.999913,-0.316599,301,7,3535085,0
1742412317,free-deployment-average-250-bf2cd9a9df35-66cc95787b-xfvtr_default,free-deployment-average-250-bf2cd9a9df35,0.500000,0,average,1742412228,82599,359,6575,false,0.200399,-2125.487447,2829197,6716,710746,0
1742412317,prod-deployment-average-18-310a437a767d-7f95c8bf56-5p8v7_default,prod-deployment-average-18-310a437a767d,1.000000,0,average,1742408784,349,7,3533376,false,0.999899,-0.364866,349,7,3533376,0
1742412317,batch-deployment-average-127-ebaf44fc905b-867dc69874-bk9nt_default,batch-deployment-average-127-ebaf44fc905b,0.900000,0,average,1742408785,368,7,3532558,false,0.999894,352.910468,368,7,3532558,0
1742412318,free-deployment-average-240-3f39cd2a269a-7855fc9c58-9v7sn_default,free-deployment-average-240-3f39cd2a269a,0.500000,0,average,1742412198,110078,400,9655,false,0.199310,-2131.446947,2830578,6839,706296,0
1742412318,free-deployment-average-196-8e0c80fba3ef-8cb648cf6-xq47x_default,free-deployment-average-196-8e0c80fba3ef,0.500000,0,average,1742412188,118301,581,11455,false,0.198754,-2134.790610,2831733,6858,704128,0
1742412318,prod-deployment-average-71-04d83600dd78-5c6cbd4469-wft9t_default,prod-deployment-average-71-04d83600dd78,1.000000,0,average,1742408788,431,4,3530102,false,0.999877,-0.440918,431,4,3530102,0
1742412318,prod-deployment-average-60-c4fa24e6f168-d9c69b6f-lv98d_default,prod-deployment-average-60-c4fa24e6f168,1.000000,0,average,1742408789,451,7,3529285,false,0.999870,-0.466915,451,7,3529285,0
1742412318,prod-deployment-average-42-acf212513fca-697484cdbf-l7xcb_default,prod-deployment-average-42-acf212513fca,1.000000,0,average,1742408790,470,8,3528457,false,0.999864,-0.487639,470,8,3528457,0
1742412319,free-deployment-average-183-c57965d8fd91-7d7457c7c4-28pt4_default,free-deployment-average-183-c57965d8fd91,0.500000,0,average,1742412163,143859,478,11801,false,0.196757,-2146.568064,2835787,6745,696286,0
1742412319,prod-deployment-average-44-8c09c5217d12-7f484665b-lxgvq_default,prod-deployment-average-44-8c09c5217d12,1.000000,0,average,1742408792,509,8,3526827,false,0.999853,-0.527594,509,8,3526827,0
1742412319,batch-deployment-average-116-c619466103e6-65556958f5-7fccj_default,batch-deployment-average-116-c619466103e6,0.900000,0,average,1742408793,526,5,3526007,false,0.999849,352.115882,526,5,3526007,0
1742412319,prod-deployment-average-1-bc3ffd58b3bc-5f5b66d8c5-rt6rc_default,prod-deployment-average-1-bc3ffd58b3bc,1.000000,0,average,1742408794,550,7,3525177,false,0.999842,-0.565632,550,7,3525177,0
1742412319,batch-deployment-average-92-eb55c8557f72-84854c556d-n4hw4_default,batch-deployment-average-92-eb55c8557f72,0.900000,0,average,1742408795,581,6,3524343,false,0.999833,351.898786,581,6,3524343,0
1742412320,batch-deployment-average-106-5435fd1b5c3f-6789499cc9-j24cr_default,batch-deployment-average-106-5435fd1b5c3f,0.900000,0,average,1742408796,588,9,3523534,false,0.999830,351.805823,588,9,3523534,0
1742412320,free-deployment-average-256-2c2981a5c8b4-b655c8bbd-x6k65_default,free-deployment-average-256-2c2981a5c8b4,0.500000,0,average,1742412143,146458,341,30532,false,0.199727,-2123.317290,2822534,6534,706062,0
1742412320,prod-deployment-average-56-01fe52a7501e-77c69c8656-hkzn9_default,prod-deployment-average-56-01fe52a7501e,1.000000,0,average,1742408798,627,8,3521904,false,0.999820,-0.644005,627,8,3521904,0
1742412320,free-deployment-average-220-b61f8ab675e4-7f7867b4d-wh5c8_default,free-deployment-average-220-b61f8ab675e4,0.500000,0,average,1742412128,146339,342,46052,false,0.202967,-2099.076608,2809093,6720,717058,0
1742412320,batch-deployment-average-125-2da98861d32b-7797648b5f-5kkld_default,batch-deployment-average-125-2da98861d32b,0.900000,0,average,1742408800,673,7,3520251,false,0.999807,351.404164,673,7,3520251,0
1742412321,batch-deployment-average-82-cd50a6312210-85cfc776b7-754w9_default,batch-deployment-average-82-cd50a6312210,0.900000,0,average,1742408801,694,7,3519435,false,0.999801,351.304375,694,7,3519435,0
1742412321,prod-deployment-average-3-6a0049113e56-6bdd7ff847-rg685_default,prod-deployment-average-3-6a0049113e56,1.000000,0,average,1742408802,715,6,3518610,false,0.999795,-0.728488,715,6,3518610,0
1742412321,free-deployment-average-195-9a37d9cb60ac-5f5c56f7db-fs2k8_default,free-deployment-average-195-9a37d9cb60ac,0.500000,0,average,1742412213,96318,344,11869,false,0.199630,-2121.115157,2818574,6979,704755,0
1742412321,prod-deployment-average-29-502a275144b9-859867598d-t56mp_default,prod-deployment-average-29-502a275144b9,1.000000,0,average,1742408804,749,6,3516978,false,0.999785,-0.761511,749,6,3516978,0
1742412321,batch-deployment-average-112-f77666d6111d-66c6989b88-7l246_default,batch-deployment-average-112-f77666d6111d,0.900000,0,average,1742408805,44778,299,3471860,false,0.987182,306.315371,44778,299,3471860,0
1742412322,free-deployment-average-254-2a259b4c2303-77f8b4f8b8-p4ph8_default,free-deployment-average-254-2a259b4c2303,0.500000,0,average,1742412208,100898,43,13190,false,0.199332,-2121.386821,2817667,6506,703097,0
1742412322,prod-deployment-average-6-0f0d9112f044-c78585f94-t9kq2_default,prod-deployment-average-6-0f0d9112f044,1.000000,0,average,1742408807,4577,103,3510657,false,0.998669,-4.783688,4577,103,3510657,0
1742412322,free-deployment-average-224-fe2046edffe9-657cfc4445-pfqlt_default,free-deployment-average-224-fe2046edffe9,0.500000,0,average,1742412218,91618,433,12487,false,0.199266,-2120.870915,2816023,7044,702532,0
1742412322,prod-deployment-average-62-22a576e899ec-86b5966979-l56xr_default,prod-deployment-average-62-22a576e899ec,1.000000,0,average,1742408809,2657,203,3510879,false,0.999186,-3.064888,2657,203,3510879,0
1742412322,free-deployment-average-253-5798b6ec0f57-76f64b6c76-brzbc_default,free-deployment-average-253-5798b6ec0f57,0.500000,0,average,1742412238,71979,322,12646,false,0.199398,-2118.802680,2814342,6762,702623,0
1742412323,free-deployment-average-207-723bc853e759-7c8d79f999-mhb2f_default,free-deployment-average-207-723bc853e759,0.500000,0,average,1742412223,87898,425,11810,false,0.199148,-2120.549399,2814743,7197,701734,0
1742412323,prod-deployment-average-10-1275f9484f44-86468f6d9b-2qjwq_default,prod-deployment-average-10-1275f9484f44,1.000000,0,average,1742408812,3778,183,3507379,false,0.998872,-4.144703,3778,183,3507379,0
1742412323,free-deployment-average-191-c533d75b39f3-5c7d778dbc-vdjl9_default,free-deployment-average-191-c533d75b39f3,0.500000,0,average,1742412243,68298,300,11934,false,0.199196,-2119.621769,2813905,7084,701706,0
1742412323,prod-deployment-average-68-a2267363955b-74d55ffdfd-f46pp_default,prod-deployment-average-68-a2267363955b,1.000000,0,average,1742408814,6817,224,3502688,false,0.997994,-7.266051,6817,224,3502688,0
1742412323,free-deployment-average-247-67d9919c78ed-6c59cfcdbd-r6php_default,free-deployment-average-247-67d9919c78ed,0.500000,0,average,1742412248,63578,261,12092,false,0.199197,-2118.884615,2813061,6960,701469,0
1742412324,prod-deployment-average-31-f1a57fd906dc-f6c5fc65c-gnljv_default,prod-deployment-average-31-f1a57fd906dc,1.000000,0,average,1742408816,9277,421,3498437,false,0.997235,-10.120192,9277,421,3498437,0
1742412324,batch-deployment-average-148-ee609bd0c304-65b64bbb69-ngbvr_default,batch-deployment-average-148-ee609bd0c304,0.900000,0,average,1742408817,20718,340,3486272,false,0.993996,329.333719,20718,340,3486272,0
1742412324,free-deployment-average-206-b7bccfe3c978-6f86657cfc-g7pkh_default,free-deployment-average-206-b7bccfe3c978,0.500000,0,average,1742412258,54101,360,12076,false,0.199522,-2114.697834,2809467,6886,701984,0
1742412324,batch-deployment-average-138-05da6ac0953f-576b66f5cd-f8dbx_default,batch-deployment-average-138-05da6ac0953f,0.900000,0,average,1742408820,25398,343,3479003,false,0.992655,324.390207,25398,343,3479003,0
1742412324,prod-deployment-average-33-e55b898c5581-5799484495-g9h79_default,prod-deployment-average-33-e55b898c5581,1.000000,0,average,1742408821,4677,321,3498933,false,0.998573,-5.320514,4677,321,3498933,0
1742412325,free-deployment-average-255-a1f36ae7017b-6797ccd5df-wj5sj_default,free-deployment-average-255-a1f36ae7017b,0.500000,0,average,1742412263,49439,263,12446,false,0.199761,-2111.256947,2806284,6885,702240,0
1742412325,batch-deployment-average-154-33e63d2cf15f-86b55b686b-wvtbk_default,batch-deployment-average-154-33e63d2cf15f,0.900000,0,average,1742408823,27057,404,3474869,false,0.992159,322.367480,27057,404,3474869,0
1742412325,prod-deployment-average-38-fe8c97443c35-5cd7478fbd-rjddt_default,prod-deployment-average-38-fe8c97443c35,1.000000,0,average,1742408824,8778,343,3492417,false,0.997395,-9.464555,8778,343,3492417,0
1742412325,batch-deployment-average-122-a8cb750ecdc2-684d9478fc-q8f9k_default,batch-deployment-average-122-a8cb750ecdc2,0.900000,0,average,1742408825,29338,342,3471055,false,0.991522,320.050164,29338,342,3471055,0
1742412325,free-deployment-average-227-d0b13cfb120d-7774d7c478-gfthv_default,free-deployment-average-227-d0b13cfb120d,0.500000,0,average,1742412273,39678,240,13019,false,0.200100,-2107.460484,2803166,6928,702963,0
1742412326,free-deployment-average-223-f31459c0d4e3-68fdc858c5-dz566_default,free-deployment-average-223-f31459c0d4e3,0.500000,0,average,1742412283,30044,174,12913,false,0.200133,-2106.967950,2802852,6785,702993,0
1742412326,prod-deployment-average-53-5b49d150a630-745fc8dbfc-6g57k_default,prod-deployment-average-53-5b49d150a630,1.000000,0,average,1742408828,5097,444,3492801,false,0.998416,-5.985996,5097,444,3492801,0
1742412326,free-deployment-average-205-3b155121ce45-f7cc95947-8l6zq_default,free-deployment-average-205-3b155121ce45,0.500000,0,average,1742412294,19458,66,13005,false,0.200243,-2104.823879,2800746,6682,702924,0
1742412326,free-deployment-average-234-3765fa888fdc-7b5c996c97-hx8bb_default,free-deployment-average-234-3765fa888fdc,0.500000,0,average,1742412304,9459,102,13180,false,0.200395,-2101.881296,2797745,6649,702830,0
1742412326,free-deployment-average-229-ce1b964415b0-7b67544488-h99w7_default,free-deployment-average-229-ce1b964415b0,0.500000,0,average,1742412298,15459,79,13394,false,0.200268,-2103.831163,2799307,6926,702732,0
1742412327,free-deployment-average-200-9a8d7103c7e7-85c85c8fb6-wq96z_default,free-deployment-average-200-9a8d7103c7e7,0.500000,0,average,1742412138,146417,343,42370,false,0.198878,-2112.017746,2802325,6696,697338,0
1742412327,batch-deployment-average-120-93befff25649-54c9d57495-nq4cz_default,batch-deployment-average-120-93befff25649,0.900000,0,average,1742408833,26378,263,3467697,false,0.992376,322.529480,26378,263,3467697,0
